latent_0,latent_1,latent_2,latent_3,latent_4,latent_5,latent_6,latent_7,latent_8,latent_9,latent_10,latent_11,latent_12,latent_13,latent_14,latent_15,latent_16,latent_17,latent_18,latent_19,latent_20,latent_21,latent_22,latent_23,latent_24,latent_25,latent_26,latent_27,latent_28,latent_29,latent_30,latent_31,latent_32,latent_33,latent_34,latent_35,latent_36,latent_37,latent_38,latent_39,latent_40,latent_41,latent_42,latent_43,latent_44,latent_45,latent_46,latent_47,latent_48,latent_49,latent_50,latent_51,latent_52,latent_53,latent_54,latent_55,latent_56,latent_57,latent_58,latent_59,latent_60,latent_61,latent_62,latent_63,latent_64,latent_65,latent_66,latent_67,latent_68,latent_69,latent_70,latent_71,latent_72,latent_73,latent_74,latent_75,latent_76,latent_77,latent_78,latent_79,latent_80,latent_81,latent_82,latent_83,latent_84,latent_85,latent_86,latent_87,latent_88,latent_89,latent_90,latent_91,latent_92,latent_93,latent_94,latent_95,latent_96,latent_97,latent_98,latent_99,latent_100,latent_101,latent_102,latent_103,latent_104,latent_105,latent_106,latent_107,latent_108,latent_109,latent_110,latent_111,latent_112,latent_113,latent_114,latent_115,latent_116,latent_117,latent_118,latent_119,latent_120,latent_121,latent_122,latent_123,latent_124,latent_125,latent_126,latent_127,latent_128,latent_129,latent_130,latent_131,latent_132,latent_133,latent_134,latent_135,latent_136,latent_137,latent_138,latent_139,latent_140,latent_141,latent_142,latent_143,latent_144,latent_145,latent_146,latent_147,latent_148,latent_149,latent_150,latent_151,latent_152,latent_153,latent_154,latent_155,latent_156,latent_157,latent_158,latent_159,latent_160,latent_161,latent_162,latent_163,latent_164,latent_165,latent_166,latent_167,latent_168,latent_169,latent_170,latent_171,latent_172,latent_173,latent_174,latent_175,latent_176,latent_177,latent_178,latent_179,latent_180,latent_181,latent_182,latent_183,latent_184,latent_185,latent_186,latent_187,latent_188,latent_189,latent_190,latent_191,latent_192,latent_193,latent_194,latent_195,latent_196,latent_197,latent_198,latent_199,latent_200,latent_201,latent_202,latent_203,latent_204,latent_205,latent_206,latent_207,latent_208,latent_209,latent_210,latent_211,latent_212,latent_213,latent_214,latent_215,latent_216,latent_217,latent_218,latent_219,latent_220,latent_221,latent_222,latent_223,latent_224,latent_225,latent_226,latent_227,latent_228,latent_229,latent_230,latent_231,latent_232,latent_233,latent_234,latent_235,latent_236,latent_237,latent_238,latent_239,latent_240,latent_241,latent_242,latent_243,latent_244,latent_245,latent_246,latent_247,latent_248,latent_249,latent_250,latent_251,latent_252,latent_253,latent_254,latent_255,Label,FilePath,PATNO,Dataset,EVENT_ID,AGE_AT_VISIT,REC_ID,PAG_NAME,INFODT,AFICBERB,ASHKJEW,BASQUE,BIRTHDT,SEX,CHLDBEAR,HOWLIVE,GAYLES,HETERO,BISEXUAL,PANSEXUAL,ASEXUAL,OTHSEXUALITY,HANDED,HISPLAT,RAASIAN,RABLACK,RAHAWOPI,RAINDALS,RANOS,RAWHITE,RAUNKNOWN,ORIG_ENTRY,LAST_UPDATE,PROTOCOL,DATSCAN_LIGAND,DATSCAN_DATE,DATSCAN_CAUDATE_R,DATSCAN_CAUDATE_L,DATSCAN_PUTAMEN_R,DATSCAN_PUTAMEN_L,DATSCAN_PUTAMEN_R_ANT,DATSCAN_PUTAMEN_L_ANT,DATSCAN_ANALYZED,DATSCAN_NOT_ANALYZED_REASON,DATSCAN_OTHER_SPECIFY,SBR_PC1,SBR_PC2,SBR_PC3,priority
1.2414066,-16.759735,1.6607645,-7.4998765,0.35978028,3.4511375,-0.038371325,2.7771614,0.38424307,2.6809404,-1.8910182,1.6112841,-4.5880733,-1.7323781,1.2371018,9.8141,-1.7499022,3.0984921,3.2222288,8.735452,-1.4600118,1.2398865,-1.3922923,19.568882,1.4614819,0.48464715,-1.2204736,-2.694722,-1.1538966,-1.0286227,0.986103,1.6644001,2.5653489,-0.46358985,4.454329,4.1361165,-2.6653976,3.8245409,1.3907951,0.4675175,-1.079879,-0.35270968,3.7507055,-16.966984,-7.7072535,-1.3733904,-0.43516085,-2.8651822,7.0297976,-2.5668347,3.3924868,2.2716963,0.71841025,-2.824978,2.1144698,1.6407048,5.037927,2.4137692,-1.9192522,7.4221387,-0.28319892,17.525198,9.621226,0.68514496,-6.044063,2.9791298,0.54450697,-0.86256754,-6.869896,-1.5706143,1.1731774,-7.1056595,-2.2597947,8.51397,5.147996,1.6597736,-2.3559217,6.052519,-4.678588,-3.0127912,0.75996214,-1.9861215,-0.45115802,-5.8232408,1.4630848,-7.3810387,-0.89697087,-0.5872919,4.153797,0.47368544,-5.697477,0.068328775,-1.4016362,2.514953,6.236557,-4.228383,-11.573215,3.3681407,2.1219149,3.235786,-4.855495,-11.649994,0.17075855,0.14357437,-1.0900912,-2.9883857,1.4756163,-0.15357818,-1.6664963,-6.169343,0.9614972,3.006238,-2.7262433,-1.9058881,0.37530944,1.399946,0.9236696,-1.4535226,0.46979666,-0.97355485,-2.0457141,-3.5942569,-0.25447363,1.5617347,1.4790541,-4.4282827,-6.7294674,0.61388344,7.9165034,1.3267832,-20.543114,-5.5728297,1.4063895,6.8331184,-5.3730183,0.2787541,0.4383064,0.7615708,-2.1573596,-1.0055935,-15.633038,-1.9651461,-2.0174634,2.7180102,-1.2392507,-0.25789294,0.803617,1.1369934,17.323406,4.17044,-4.197479,-1.1331972,5.332258,-2.6590314,0.22361287,6.4609776,-1.1535624,-1.3254658,2.0080214,15.489691,-5.1936684,1.2192026,4.4876957,-5.760549,-1.5793079,-1.9380313,-4.340707,4.3064046,0.62568307,-14.358495,-13.956621,1.7051355,-1.3274817,1.2064903,2.6295269,-2.6866663,5.8722873,-11.854459,-1.441775,-2.936817,-3.4835079,-7.3772335,-13.603409,-1.2694539,2.6895683,-12.932157,7.7263575,2.6536326,0.030796897,3.2521849,1.9144249,3.1418266,-1.8223249,0.44246513,-5.259087,2.7716327,0.8266119,0.48856288,-2.6374128,-0.13661997,-10.985353,-2.809489,1.687762,6.608984,-5.13288,1.9729514,-0.13684827,0.4653373,2.454868,-0.40512416,0.6647016,-2.7600143,1.2615364,5.0038724,-0.020590747,4.3365517,-7.7346563,-1.508604,-2.6008372,-2.5344384,-0.75593317,-1.5330979,2.0009964,2.6883,-1.1266042,2.2247298,0.64898854,0.97169375,-2.2420564,0.9320355,-8.575496,0.9221655,-1.2546288,0.95667666,-1.2235582,3.6647964,-6.137559,-3.634588,0.1234271,-1.461697,-0.11804077,-0.15050939,0.6581889,1.3255358,-3.7456279,0.8014651,5.180549,-5.1030293,4.945181,-3.4132605,0.8313477,17.02699,-3.0761666,-3.4941578,-2.8208206,-1.5762534,PD,data/Images/PPMI_Images_PD/100002/Reconstructed_DaTSCAN/2020-09-10_16_52_42.0/I1474774/PPMI_100002_NM_Reconstructed_DaTSCAN_Br_20210728202124069_1_S1048789_I1474774.dcm,100002,Validation,SC,58.4,IA88039,SCREEN,09/2020,0.0,0.0,0.0,04/1962,1.0,,,,,,,,,1.0,0.0,0.0,0.0,0.0,0.0,0.0,1.0,0.0,10/2020,2020-10-15 00:00:00.0,2.0,123I-DaTscan,09/2020,1.43,1.19,0.58,0.48,0.93,0.84,Yes,,,-1.5558622172920173,-0.2902311455080557,-0.2037414799263887,0
1.2768048,-24.704624,2.638499,0.32915726,-1.6770487,-2.2559624,-3.0045652,6.050142,2.6339347,-0.7243992,-0.16155142,0.08137419,-5.6398387,-3.7121787,7.380117,16.17617,1.6032473,-1.5588585,-0.49482113,13.591776,1.2459036,-0.36613855,-1.371315,17.082264,3.4850917,-1.7460736,2.5401018,2.4292462,1.9846623,-0.4886287,-5.19406,3.576303,2.8871028,4.052586,3.1419582,3.8473449,-1.0753593,3.6400635,1.2388676,1.6224668,2.380474,-2.4805229,-3.8623908,-22.34094,0.31717208,-1.6459816,3.1635768,-2.3161767,4.735846,-3.4381437,1.5584612,1.3675183,1.6257718,-0.5715045,-1.7188662,1.176024,4.782348,1.7221822,3.1312606,4.062183,0.2801679,16.401966,8.113475,2.3477836,-6.4262257,-1.1385889,1.5198879,1.3210912,2.7866673,-5.3185067,7.263159,-13.147961,5.2154617,-0.83805543,-0.59234756,-2.5973065,-0.41816044,6.7269235,-1.5982602,4.42172,1.3312638,2.5754004,-3.346099,-1.0856749,2.6858644,-10.784897,-2.2828102,2.354541,0.5854206,2.5593884,0.8344332,-0.048451398,-2.403048,-2.4900682,1.67135,-1.3011655,-15.790067,-1.1064061,-3.6009722,-0.5444906,-3.602144,-11.46587,-3.787719,-1.0487427,1.0550042,-0.5218012,-0.15821633,8.337682,2.6621482,-1.8946526,1.2016556,1.4580978,-4.3299856,-0.014865253,-0.36088237,1.4554377,2.9794555,2.8364034,-0.68908155,-1.1343058,4.423,2.0347202,-0.3296293,0.43350682,4.067471,-2.0433626,-3.9301603,-1.1674151,5.137615,0.15050684,-24.335709,-1.8040245,-1.2092094,10.779785,1.0804429,-4.9325,-3.140699,3.1086123,-4.347715,-3.1758602,-19.999516,-2.520449,-0.72047657,-0.7246459,-2.133711,1.6493835,0.87514186,0.20124938,16.606098,5.4245048,0.42505854,-0.6211464,-1.9626591,-1.104745,-1.7107732,9.317034,-3.9257364,-0.51113933,-3.7112303,14.72098,-0.2974044,0.79780155,-0.14142472,-8.968109,-2.8882418,-1.1209105,-4.359264,-2.7321646,-0.6760254,-11.313513,-9.292199,-0.91548014,-6.5999312,0.80516934,2.2858002,-3.2975755,1.7723321,-10.80218,-3.5102665,-1.2100341,-2.8851974,-7.887457,-20.723682,0.6731732,4.759971,-15.081554,6.609604,7.0987678,-1.631277,5.945708,2.337483,6.503146,-4.7512455,3.0679708,-1.288692,-2.1491625,0.5554537,-3.126918,2.482099,1.2931234,-13.373194,-1.3910135,-0.31300327,9.733941,-0.63545954,3.0030696,-2.5243773,3.0400743,4.1880035,3.866458,3.8349748,0.486445,-1.550643,8.78455,-0.37339345,9.980368,-10.715803,-1.0394654,-0.23031786,-2.0441673,0.99717474,-4.0563617,1.2352601,-0.15002182,-2.1592767,0.9587237,0.036645174,-1.4328624,-3.5300655,-1.9394989,-1.5024862,0.33435476,-0.54183424,4.143741,-0.4606884,7.4155283,0.35362253,-2.5220313,2.0875223,-2.3243778,-4.8205934,-0.42280367,-0.71508926,1.7789166,-0.85923105,-1.6810756,0.31570643,-5.2356524,2.935951,-11.5043545,1.7171552,30.414762,1.6781923,0.0547894,-1.6808358,-0.9479476,PD,data/Images/PPMI_Images_PD/100006/Reconstructed_DaTSCAN/2021-12-15_13_49_16.0/I1537900/PPMI_100006_NM_Reconstructed_DaTSCAN_Br_20220126134840853_1_S1099565_I1537900.dcm,100006,Validation,SC,55.6,IA88042,SCREEN,11/2020,0.0,0.0,0.0,04/1965,0.0,0.0,,,,,,,,1.0,0.0,0.0,0.0,0.0,0.0,0.0,1.0,0.0,12/2020,2020-12-16 00:00:00.0,2.0,123I-DaTscan,11/2020,2.36,1.86,1.38,0.72,1.82,1.16,Yes,,,1.1035171790477218,-1.2761247923205827,0.022637064150604406,0
-0.27835077,-13.558672,0.009287225,-0.38773027,-2.3332329,7.9237595,-2.8110325,-0.82764876,-0.15581957,-3.9011896,-0.8695139,1.021363,-1.5234932,0.31886083,0.46258578,15.384373,-1.0883207,2.7318852,-0.19437516,7.7288055,-0.9399002,2.0162928,-1.5194274,17.608664,-2.5181773,1.526846,-3.5580597,-2.8522253,-1.167382,-4.0288534,0.47594798,2.823206,0.59663963,1.2705292,6.120707,-3.1651454,1.2254456,3.8580463,-2.4310324,2.5680487,-0.9821045,-5.7688775,-3.0258315,-13.07127,-6.2992606,0.69114685,-1.7493982,0.37096432,-0.010148789,2.022054,1.9028848,1.472998,-3.0933528,2.5683048,2.0402877,3.5265737,1.028555,2.1385121,-0.7604854,2.4784467,-1.1943538,18.125015,7.9733734,-0.7321493,-7.0508184,-1.1217281,-5.2431345,2.2452521,1.94279,-1.7297081,-0.44638407,-9.07649,-1.9267759,11.992115,1.3829229,1.4249711,2.268896,6.2531223,0.9716533,-1.0900772,0.8254925,-0.63283575,-1.4109287,-5.028337,6.4573116,-5.66171,-1.3058933,2.0129983,-3.894196,1.6048176,-1.0494921,-0.6822654,-2.045688,5.414039,-1.2998515,-0.5417735,-9.07006,-2.1104367,-4.8571362,3.273822,-0.39316475,-12.7720375,0.93719035,1.1980253,-0.56226176,-1.2990084,1.4159852,9.016255,-0.48934102,-3.0879025,2.5802355,2.5895748,-0.48166424,-6.269843,-4.6091356,1.0927718,-5.6509266,-0.7824819,-4.857333,-2.8076148,2.79389,-2.5100884,3.355158,-0.18710086,1.2527071,-0.42389494,-5.917247,0.7692658,12.123884,-0.8360893,-19.997715,-1.1820462,-3.282754,6.367097,-3.3144388,-3.7988956,-5.057983,4.2025876,3.6859975,-0.40521878,-18.688347,-1.0765231,0.57452416,0.31597602,-3.9982383,0.3518905,0.17173624,-1.1227362,21.59937,4.6078925,-3.6121602,-0.63016814,1.2425134,0.571598,1.9331777,3.317598,-4.0974445,-3.627373,2.3580992,11.686592,-2.3774939,-1.3033661,-0.6292911,-4.8320255,0.05627848,-4.787299,-3.392783,-1.3732452,0.3531631,-18.672487,-13.242075,0.9915574,-1.6025871,4.1987047,1.0640252,-1.132577,2.9630103,-10.387857,0.52561283,-4.2294116,-3.6062734,-5.7945256,-15.319186,1.6910144,-3.4027293,-14.275947,9.614307,2.4159229,0.00363475,0.632291,0.9076311,4.261257,0.55711555,-0.37016603,-7.1627345,2.0124855,3.0530524,-0.8264842,7.6887403,0.61077183,-13.536939,0.8157382,-0.074764125,3.9007764,-1.8898157,0.6387139,-3.7620182,3.593193,-0.90191287,0.34675524,6.192683,-1.8899004,1.4792311,12.833721,0.40435562,4.7192516,-1.4359759,-2.2231524,-5.492772,-0.7220866,1.5616666,-5.8522615,3.891919,2.1132417,2.0636199,1.6238855,-3.315471,1.9418226,1.8198934,5.194802,-2.9336128,0.31318316,-1.3519032,-4.3756156,2.1719697,2.9888783,-4.037422,-3.2773237,0.97768825,-3.9811356,-0.74636096,4.463418,-2.6135006,-0.9722843,-4.7635016,-2.3274436,-1.9401102,-0.261488,5.889354,-8.059868,-3.0126534,11.912199,-1.3022847,1.4857197,6.572763,-4.23775,PD,data/Images/PPMI_Images_PD/100007/Reconstructed_DaTSCAN/2022-01-19_15_05_38.0/I1548449/PPMI_100007_NM_Reconstructed_DaTSCAN_Br_20220224133726784_1_S1107944_I1548449.dcm,100007,Validation,SC,67.2,IA88043,SCREEN,11/2020,0.0,0.0,0.0,09/1953,1.0,,,,,,,,,1.0,0.0,0.0,0.0,0.0,0.0,0.0,1.0,0.0,12/2020,2020-12-09 00:00:00.0,2.0,123I-DaTscan,11/2020,1.2,0.86,0.48,0.33,0.95,0.53,Yes,,,-2.3119455658020795,-0.652995081390168,-0.3713700141820714,0
-2.0848856,-19.213776,5.4508085,0.020342633,0.5205998,4.4566727,-0.44637978,-0.90325683,-0.84723014,-1.5174283,-0.8112138,2.4485197,-1.3772331,0.034053005,-2.1873848,17.478016,1.0946314,4.7328286,-1.4019479,8.280099,-1.3090155,1.2596861,-1.1380379,19.76701,0.18279539,4.424259,1.2799673,1.7365803,0.20349354,-2.6860275,-0.24127188,-0.8134805,0.3636541,1.7521584,1.7743995,2.6894407,-2.7048311,3.3130796,1.6982644,-0.8494854,-1.2651203,1.0754833,0.9874066,-16.826883,-0.8780031,0.63675445,-0.237399,0.44061533,7.45421,0.8292467,3.5374184,0.28589424,0.2182138,-0.99414283,-0.38665977,0.16363712,-0.6810375,1.7551336,-1.1690054,-0.22280486,-3.244696,22.958925,7.5788155,1.747269,-8.290584,4.863041,-2.5680346,-1.740967,0.6612045,3.2085557,1.1251596,-11.785873,0.1569774,12.762257,0.3010265,-2.8607666,1.1442009,9.04474,1.7141076,0.7734951,0.008966444,-3.4485097,-3.2023692,-6.063892,0.6730519,-7.4491367,3.3439403,3.3305852,-1.7621309,0.37269038,-1.8350168,-0.75036407,-3.1814384,1.0288723,-1.2599658,-1.370015,-8.146989,3.2404895,0.4983503,2.8277423,0.10773396,-12.711582,1.5070585,2.4157627,-1.8320343,-2.8335593,2.2664568,5.651992,0.02633206,-3.8692937,2.7022555,1.5066772,-1.7647058,0.5904971,0.4956941,-2.321048,1.7543598,1.9921539,-2.047013,2.0816555,-0.91954845,3.8437512,4.967793,1.2188648,1.6541908,-0.7500427,-8.257663,1.5653808,8.047813,0.34104103,-23.233236,-0.8805257,0.67726475,9.965589,-2.9190373,1.0095892,-7.0527854,-0.7952105,-0.02142259,-0.3372963,-12.790588,0.63555735,0.13892326,0.5180368,1.0135587,-2.1415553,1.2522901,-0.13837591,21.539722,2.761338,-2.8551338,-0.21124862,1.4530488,-1.2626804,1.1940349,8.035597,-4.2873216,0.3310811,3.0822146,16.150118,-1.9188414,-1.476081,3.1583574,-4.964218,-2.4901967,-0.07437263,1.7557323,-0.48158935,1.6119618,-12.078103,-12.609794,2.0478282,-4.3269258,1.8722583,-0.51064223,-3.6330805,0.73379326,-20.94626,0.14158869,0.625958,-4.2212405,-4.0535393,-17.89051,1.7148364,2.5947392,-11.898864,11.339306,0.5057203,-0.29213306,2.1078093,-1.4976442,1.3817399,3.0735457,-0.8126264,-0.2729311,-1.6010351,0.29371476,-1.510439,-0.90239906,-3.278206,-11.350893,-3.285258,-0.3480553,4.900497,-1.6549206,2.5863674,0.5883053,2.364613,-0.42203587,3.847667,0.5537412,-2.2760818,-0.028806413,10.288544,1.1153036,5.969903,-8.416521,-5.445102,3.0702972,-2.0143201,-0.14204991,-8.62668,-1.3900286,0.28014582,-2.9197152,-1.8458134,2.161785,-1.0172336,0.23481055,-2.0264032,-0.16546132,-0.66265786,-1.5448879,-0.18755639,0.13264745,-0.32268745,0.919879,-2.0641036,-1.848899,-2.292863,-0.16234054,4.951243,2.261733,-0.26873267,-4.1800017,0.48906323,0.9740163,0.6776997,3.6880639,-6.3574047,1.9790523,21.306686,-1.8840927,-1.4071467,1.5286973,-1.7589691,PD,data/Images/PPMI_Images_PD/100017/Reconstructed_DaTSCAN/2021-12-14_15_08_06.0/I1619847/PPMI_100017_NM_Reconstructed_DaTSCAN_Br_20220912135624873_1_S1099567_I1619847.dcm,100017,Validation,SC,58.6,IA87541,SCREEN,11/2020,0.0,0.0,0.0,03/1962,0.0,0.0,,,,,,,,1.0,0.0,0.0,0.0,0.0,1.0,0.0,1.0,0.0,12/2020,2020-12-22 00:00:00.0,2.0,123I-DaTscan,11/2020,1.47,1.8,0.79,0.87,0.99,1.18,Yes,,,-0.3823542320117806,0.4013341874487577,-0.2959115213252917,0
-1.1098782,-16.243752,3.4101298,-1.2477429,-0.22718501,2.9266071,-0.87969136,0.33346215,-1.3809235,0.19759798,-0.39950725,-2.829333,0.16245902,1.7134095,2.1582384,14.26144,-0.27909732,-0.7904815,-0.34420767,6.428954,-2.7727072,-3.191761,3.2574773,14.565811,1.9672645,3.0823615,1.4427142,2.0250247,-3.6090956,-6.7710166,3.652342,-1.9496922,-6.896627,3.9037745,5.384367,4.776101,-0.09474308,4.9589553,1.0518737,0.43591794,3.070909,-4.9993396,5.3242207,-9.2237625,-5.3717203,0.7754725,-0.9329575,-0.6032081,5.5188017,0.3889798,1.0521069,-1.202376,1.4775441,-1.4398047,0.6207835,-3.3736434,0.5463176,0.96018636,0.15973926,0.8176019,0.814868,20.709578,4.5111637,-0.64467496,-4.7494307,0.20504956,-4.572497,3.3586657,-3.0100126,2.5047193,-0.36784843,-11.085282,-0.16581164,8.570099,4.2005997,-1.2341554,0.03731692,11.357669,-0.8091693,1.5503669,-1.1799858,-0.09348903,-6.5521,-4.7166743,-1.2562623,-6.2589173,2.695135,-0.81081074,0.15884148,0.20952542,-1.1133018,1.6796329,-0.6817255,-0.96603066,3.3290372,-2.06747,-7.938958,-0.793808,1.628906,0.64620095,1.1615319,-11.013098,0.11495401,0.3553439,-1.9019207,-0.87730086,3.1469777,6.27241,0.47988307,-4.49604,4.2492285,2.3456402,-3.6216712,0.33863214,-5.341422,-0.1667754,0.040020138,1.5162574,-0.5476452,-1.9528421,0.5606866,-1.3816347,0.49941128,0.076371655,1.647461,0.8047669,-6.090784,2.4395733,1.841125,-0.8047808,-19.64217,-1.7428628,-2.2443147,3.092805,-2.1741395,-1.5064992,-5.6089187,-1.0639632,-0.24143413,-3.2094781,-12.395868,4.693287,-2.5681896,-0.78571874,1.6952996,0.09103958,-2.0829718,-0.6840163,20.5075,3.7501314,-3.7858257,2.4088764,2.6332397,-4.077929,1.0871735,7.53727,-5.8962407,3.3678,1.1857123,18.352888,-1.330555,-1.0892636,4.99383,-7.1805935,-2.1356683,0.11002422,0.89196277,-0.041296616,4.0764046,-13.0932455,-11.222179,0.5592137,0.93784815,3.697236,-4.882116,-2.3705528,6.232822,-16.28921,-2.3222754,-1.8798082,-3.8622324,-9.406338,-13.320706,0.87133414,0.7290569,-12.575259,6.990611,3.4350028,-0.19668989,0.78228784,-3.025169,-1.4526963,-0.9768899,2.6536312,-2.5610337,2.331699,-2.0258238,-1.6081995,2.2591708,-1.11294,-11.236271,0.82022905,0.3962076,5.0719466,-1.4444809,-1.4945338,-0.36566687,2.7976813,-1.9069479,-0.45567915,0.17583561,-1.0627878,1.8543323,1.8249186,2.9742937,4.713709,-6.8276916,-2.1687837,-0.24269739,-1.441759,-0.078567035,-9.817316,2.0262997,1.5292641,-3.368739,-0.21252288,-3.7307336,1.1724505,2.0802102,2.3735676,-3.8378654,2.4630392,-3.790476,2.0543196,3.288266,5.561064,-4.7827783,-0.758652,0.41424397,-7.455963,2.8128917,-0.30234414,-2.9713674,-3.3788593,-3.8853943,0.81012005,-0.58973914,0.46487272,1.706334,-5.2924466,2.5299969,17.653624,-0.049999755,3.1910515,0.7539332,-2.905356,PD,data/Images/PPMI_Images_PD/100018/Reconstructed_DaTSCAN/2022-05-20_13_39_25.0/I1603132/PPMI_100018_NM_Reconstructed_DaTSCAN_Br_20220707121714982_1_S1145847_I1603132.dcm,100018,Validation,SC,69.6,IA87896,SCREEN,12/2020,0.0,0.0,0.0,05/1951,0.0,0.0,,,,,,,,1.0,0.0,0.0,0.0,0.0,0.0,0.0,1.0,0.0,02/2021,2021-02-02 00:00:00.0,2.0,123I-DaTscan,01/2021,2.97,2.29,1.57,0.73,2.26,1.36,Yes,,,2.3483635436589907,-1.6673870199547467,0.6121895832116216,0
2.8164306,-21.806442,3.8606222,-0.14847754,-0.34697723,-4.696417,-2.2820368,2.9230056,-3.533263,-1.8553252,-3.164261,3.0155056,-1.636456,0.0904737,-1.7864816,14.7742,2.715439,2.7379553,3.4977221,2.393637,-3.2746515,-2.66806,3.4236608,18.879358,4.60559,-0.18579637,2.0068107,0.8074226,1.6098077,-0.32908085,2.1387556,-3.5280132,-0.6659844,3.6638622,9.925239,2.4504948,1.6856251,3.3249698,2.9422865,5.540311,-1.3318573,-0.2380561,6.031141,-15.939871,-3.8725455,-0.978299,0.94186604,-2.7064078,10.135913,1.8191798,-1.1217799,-2.918296,-2.1279967,1.3676077,-0.5646863,-1.3474282,5.436408,0.8644245,-4.9527316,6.9102254,0.24203494,20.289904,5.196414,-3.4180574,-6.274723,-4.336213,2.90103,0.97499704,-0.10872712,-1.8908248,-0.61098474,-9.794946,2.166867,4.2297044,4.7121716,0.6255417,-0.55338955,5.646517,1.8768644,-3.727941,-3.009311,-2.0025694,-2.500689,-3.1625779,-2.38478,-4.590721,1.4174005,3.3817585,-1.2606678,0.783178,-2.987853,0.29051074,1.1007086,-8.386656,0.74230295,-3.8524253,-9.974226,-0.7376318,1.5965458,0.46977842,-1.9593226,-12.692553,2.6338017,1.0151957,3.517429,-0.917107,-0.891791,6.4601903,-1.8724754,-4.111846,1.5110104,4.6062336,3.9130185,-3.1698248,1.303397,2.9864185,2.9343517,-2.876719,-3.4148996,-0.13228416,-2.45953,-0.9597993,1.8623176,-0.3888076,1.8823649,-1.213765,-4.402263,-1.8326223,0.3003856,1.4162223,-19.076942,-2.994851,1.2716026,9.394817,-5.043023,-7.210183,-3.7792232,-3.2738786,-2.468743,-0.8384032,-13.3615265,1.0272627,2.0013943,-1.8408058,-2.3220158,-3.1637216,5.810546,-0.53556085,24.773254,3.3152442,-6.3596163,-1.5963063,0.73925924,1.2675817,-0.72560656,10.169505,-1.4308902,3.3068697,3.1391528,17.869467,0.10878889,-1.3932704,2.4418237,-5.10437,-2.6180618,0.21388455,-0.1268415,-1.0146079,-0.15597346,-11.999613,-10.431557,0.13349552,-0.2620481,2.407805,-0.7814343,3.6356947,3.1838,-19.220854,0.34799945,-3.5551069,0.46091548,0.33788696,-17.197824,-0.41106763,1.5351433,-14.686179,10.934814,2.3306131,-1.7400342,1.8082105,0.29115233,-0.8045445,-8.167215,3.6347134,-1.5401566,0.41435763,-1.7213144,0.8800404,3.2808113,0.4938969,-4.1832,-2.0627563,1.9715852,7.2100744,0.37946588,1.9434186,2.218286,2.5387018,-4.2324376,-2.6526341,-3.0915504,-2.991951,6.1810856,6.909903,0.8499174,6.687532,-8.77224,-1.1990358,2.5323853,-1.9251971,0.2735539,-7.649108,-0.6382475,1.7984613,-4.4484954,-4.598709,-4.3342485,4.453747,2.4274905,-3.2315278,-0.45030513,0.5808656,1.4406636,4.288051,0.60314465,4.312058,-1.5385495,-2.5265055,-2.0195098,-5.9651556,0.14311431,3.3449495,0.04385572,1.7794745,-0.38624188,3.266585,0.099490084,2.9614723,-1.2803302,-9.223284,1.0129297,23.391203,2.909351,-2.741576,2.4053113,-0.47393566,PD,data/Images/PPMI_Images_PD/100639/Reconstructed_DaTSCAN/2021-01-06_13_12_55.0/I1474776/PPMI_100639_NM_Reconstructed_DaTSCAN_Br_20210728202238881_1_S1048790_I1474776.dcm,100639,Validation,SC,77.6,IA87901,SCREEN,03/2021,0.0,0.0,0.0,08/1943,1.0,,,,,,,,,1.0,0.0,0.0,0.0,0.0,0.0,0.0,1.0,0.0,04/2021,2021-04-01 00:00:00.0,2.0,123I-DaTscan,01/2021,2.38,2.4,1.25,1.5,1.88,2.19,Yes,,,2.7893996548672373,0.5371862537590698,-0.324603426858143,0
-2.0868683,-21.878246,0.86288464,-1.9419912,-1.4917568,5.6009536,-1.3449118,0.15317358,-5.2577825,-3.2426493,-2.3195965,-2.121638,-1.5935947,-0.11656081,-2.3352754,14.509544,0.4460559,5.237704,-2.5423238,11.189274,2.9171255,-2.5638084,0.027921945,14.5144615,1.1284697,2.6110904,2.2784805,2.060587,-2.6297739,-1.7219609,3.8143642,3.113473,0.4798598,-3.0252728,5.9235954,1.285279,2.6826186,4.6862245,-2.4850745,-3.146247,-0.7401787,0.08000621,-2.2171612,-20.026867,-4.0372076,1.0961748,-2.289282,-4.327461,2.8316448,0.9959143,4.0443125,-1.1756779,-5.3447924,-0.8356975,1.1390104,-2.4196033,0.32827798,3.6106966,-5.671644,3.775253,-0.20587423,22.976767,8.185781,-0.6611267,-8.951437,3.6318336,-0.63402236,-2.4109247,1.0988075,2.3904648,2.219107,-11.896353,3.3829956,7.2754445,-2.0436363,1.8792564,1.4430106,6.3297806,-2.713618,1.5958544,-2.1077998,-2.4294372,-7.6313066,-5.2359505,2.7844381,-6.0162687,-0.18129866,-0.2861597,3.091236,1.5057623,-1.012658,1.1342142,-1.6005425,-1.7109172,4.122015,-2.2615838,-10.860781,-4.5784817,3.137134,1.0056688,-1.6467297,-11.405997,3.0753396,3.8695216,-1.2135752,0.45520154,-2.2915924,6.8711886,0.7358098,-1.9267181,4.6815,-1.9736664,-2.4156163,-1.5941755,2.1443307,-0.20423172,2.932836,1.1018108,-3.2170508,-1.927976,0.33821028,-0.7042444,1.3407266,1.487407,-1.3669416,-1.5936474,-6.4490843,-4.213595,11.027944,-1.1039941,-21.218403,0.04025485,0.38699603,3.6176221,-0.916578,-5.390223,-2.1703775,-1.5985093,-0.116157375,2.1460605,-15.584359,-3.4526522,4.4467726,-0.27267906,-7.009531,1.3904908,3.9209273,0.122187294,21.533543,3.2679932,-0.5642138,1.4605238,1.6385466,0.8378255,-0.80956924,3.3781135,-1.548354,-2.649579,0.46408346,11.941292,3.5830555,-0.6273424,1.339674,-4.7287264,-4.9625516,-3.5522776,0.6750923,0.12532623,-0.33256677,-13.716936,-12.103678,1.4419848,-3.7968524,3.2064023,3.705735,-2.0632367,1.0615791,-15.076438,-1.1361365,-3.6667182,0.9882872,-2.5105247,-18.204056,1.5927197,-3.3053935,-11.911756,13.460837,2.6688337,1.0383054,2.46475,-2.7847686,1.3461344,-2.4498594,-0.3915685,-0.76602983,2.350608,3.357509,-2.0857801,-3.47909,-2.8071635,-7.0908628,-0.9851284,-1.4326096,7.848494,0.08439317,-0.8524387,0.85189044,-0.5469988,0.0012165094,0.6973665,-3.225265,0.16383192,2.1022766,13.157763,-2.6551309,3.397523,-3.0484898,-0.9569209,0.3600063,-0.9083031,-0.4800807,-5.455784,-0.53349364,-0.41636506,-0.33994025,0.5020223,-1.3502065,2.3331316,4.058661,-1.941473,-2.2398198,-2.8510537,-3.5397916,-2.3610544,-1.5366017,3.3594944,-0.18933724,0.004117259,0.78040314,-4.6544013,-2.2432897,-1.8332744,0.030914478,0.19164428,-4.233926,-0.38800263,-1.8798621,-1.2800655,3.85979,-10.456486,-0.55558515,17.630518,4.3421984,-3.2014267,7.005895,-3.8706527,PD,data/Images/PPMI_Images_PD/100842/Reconstructed_DaTSCAN/2022-04-14_14_53_08.0/I1573147/PPMI_100842_NM_Reconstructed_DaTSCAN_Br_20220425140559683_1_S1127480_I1573147.dcm,100842,Validation,SC,63.8,IA87045,SCREEN,02/2021,0.0,0.0,0.0,04/1957,1.0,,,,,,,,,1.0,0.0,0.0,0.0,0.0,0.0,0.0,1.0,0.0,07/2022,2022-07-22 00:00:00.0,2.0,123I-DaTscan,02/2021,1.72,2.43,0.57,0.84,1.16,1.55,Yes,,,0.34696630151693764,0.9578438071377183,0.5716889170356899,0
-3.7088673,-14.358562,-2.524258,-1.1685814,2.7768154,6.4163313,-0.6664019,-1.2700067,0.2840223,-4.262572,-0.4513074,-0.26831478,-1.2628813,-0.9249452,-2.3408422,15.035868,-2.7591734,8.2373085,-2.730786,7.229044,4.317576,2.8091211,0.2765444,24.48924,2.2775578,4.263259,2.0090604,-0.1350451,-1.2691224,-4.9373097,2.9404104,0.18939315,1.2114755,-5.0428596,7.8306303,2.0490808,-1.4382143,6.172819,-0.08193318,0.5598857,0.7527387,-2.7120242,2.7875829,-14.795419,-5.4889975,-1.3554134,5.4475985,-0.48472607,4.686871,-0.48199707,1.401081,0.7079407,-4.9255905,1.2608278,1.2218126,-0.686866,4.018145,1.1147245,-1.830821,0.4695506,1.1256652,20.019789,7.968863,-2.322074,-5.543007,1.1946173,-0.55380553,-0.22693375,-2.0371795,-3.2856836,3.657661,-9.22978,-2.3598917,12.7115345,3.8336096,0.052084982,2.0311944,8.3109255,-1.3450332,-1.5473659,-5.712712,-2.3803532,-0.94217974,-5.5853295,1.7094514,-6.011963,1.663475,1.525678,2.6826415,0.37361646,-0.39242148,0.7806759,-0.106388226,4.89677,0.7663888,-8.04249,-10.171186,-0.4654793,-0.33814427,3.2630274,-0.94470024,-13.6414,-1.0659194,-0.7816662,0.06376318,-0.6678306,0.26682568,7.210261,-0.40681472,-0.20468196,2.991498,4.33432,-5.446863,-5.6624203,0.9957836,-0.046683338,-3.3366075,-1.0351913,-3.9843118,2.4384553,-1.2800843,0.13969673,2.8574998,3.607691,-0.3663231,-1.7067312,-11.635131,2.1430233,8.677737,2.7342937,-16.907917,2.2241592,3.4303741,7.0586176,-2.2029738,-0.46113715,-7.7821307,0.73553807,-0.075521104,-1.8642339,-17.702667,0.10245609,-3.8793817,-0.6862695,4.0670266,2.0241594,5.6983604,-1.8812859,21.05648,0.30220166,0.23740971,1.5246866,-0.5600806,0.03826185,-0.6116428,9.949664,-4.4594502,0.42802107,0.74027884,15.877953,0.9447211,-2.2882318,3.0223837,-8.893007,-1.3669567,-2.799241,-2.3304222,1.3126488,3.510994,-11.352172,-9.710308,5.1859493,-2.255319,5.383996,2.2227368,-0.25877818,2.2025359,-20.194424,-0.92383206,-3.1024363,2.3823352,-9.261177,-16.993698,2.6188483,-5.962798,-12.868081,8.006151,7.490569,6.503388,-2.777513,-0.06983547,0.4312825,-0.17318429,1.6196893,2.8078823,-2.5688977,-1.0860032,-3.0789971,3.7413003,-2.6547973,-9.670548,-4.3094783,3.2495377,0.31122506,-1.3011287,-1.5543077,1.3340807,1.3441826,-1.8386669,-2.6001177,2.8414044,-4.9657536,5.9015493,10.362728,-1.7037438,4.873664,-9.142823,1.1112053,-3.3486876,-3.6922836,-1.9634372,-6.8809714,0.80377454,0.71334493,0.9146186,1.0331372,-1.7277687,5.6050014,1.4385954,-3.37662,-2.3077922,-3.1437259,0.11798581,4.9953465,1.0746258,8.628795,-3.2022989,-0.57812667,3.683797,-1.812211,0.80074865,1.2258996,-0.68602914,1.2453232,-3.1314938,-2.1825478,3.696597,0.10584664,4.3057156,-1.1655476,2.7011445,17.478235,-0.07024424,-4.698687,3.8085938,-2.7712126,PD,data/Images/PPMI_Images_PD/100898/Reconstructed_DaTSCAN/2022-09-15_13_53_41.0/I1632232/PPMI_100898_NM_Reconstructed_DaTSCAN_Br_20221019134056128_1_S1168095_I1632232.dcm,100898,Validation,SC,75.8,IA87133,SCREEN,02/2021,0.0,0.0,0.0,04/1945,1.0,,,,,,,,,1.0,0.0,0.0,0.0,0.0,0.0,0.0,1.0,0.0,02/2021,2021-02-17 00:00:00.0,2.0,123I-DaTscan,02/2021,1.06,1.34,0.49,0.64,0.69,0.93,Yes,,,-1.7301671152795601,0.4422741731382279,-0.4433802222682136,0
-0.7922622,-17.560478,2.353793,5.4295373,-2.5346437,5.3124294,3.0578005,-0.8861595,-2.918026,-3.76669,1.713707,4.0082464,-1.4474007,4.056796,-2.0156126,15.344035,1.3396752,4.5385203,0.78876907,5.305163,-3.8893926,1.1447618,1.5657922,19.310572,0.1129315,1.0180484,-1.1975899,-0.3604064,-0.053092536,-4.3347797,-4.792352,-0.26560125,-0.20993035,-1.52841,6.234854,1.704994,0.31093812,4.4164886,-0.80333203,-3.7984486,-0.38474202,0.31282455,2.3438113,-19.252016,-3.6782095,-0.6731783,-0.26130542,-6.3579173,1.6109207,-3.27261,0.81988716,2.2675679,-3.388161,3.1053526,-1.433943,-1.3079135,3.0426767,-2.770544,0.15913263,3.1169803,1.580239,16.809458,10.763288,-1.2830955,-6.9974833,1.2999748,0.07606027,2.2837014,0.11636906,4.171808,3.8703144,-7.9769335,-0.5588222,7.2074933,4.4640665,-2.4714005,-1.9201454,7.8124733,1.9613229,0.4277033,0.3155708,-2.2205613,-0.6040026,-2.0831978,3.5303774,-8.064786,2.0492964,1.4081765,3.6677442,1.5604367,-4.0085397,0.3845345,1.3851568,2.121505,1.249356,-3.48857,-12.0819,-1.3954155,-2.725678,-2.3266704,1.3519863,-11.662129,-1.6130224,5.0337996,2.7844794,-1.7482938,-1.240156,6.0282245,1.7221475,-5.38452,1.9003811,-3.9516885,-2.7738717,1.2942436,1.5553665,-0.75036633,-1.7848393,3.56595,-4.407314,-1.8491945,2.4139643,-0.68128955,2.7985003,0.5890437,-3.3657463,1.1152543,-6.861061,-1.6906482,7.7198935,-1.2356069,-19.093699,-4.176481,-2.3289187,6.6030855,-0.99948156,-0.52260303,-5.2951884,-1.6591616,2.6284218,-2.316559,-15.289181,-1.4976342,-4.044777,-0.1682175,-4.1369944,-0.6851917,4.9583974,-2.105463,20.182175,1.8784634,-1.6324143,0.9028894,-1.5693583,1.297664,0.54725105,9.603794,0.47251573,0.74727947,1.9280391,11.872405,-1.9089248,-2.9798787,4.2965193,-6.7578926,-2.9676242,-0.32283112,-0.95416445,-2.844815,2.6736436,-13.30004,-12.802586,0.6335903,-0.9614103,1.1741351,0.5240388,-2.463857,0.7709968,-14.845743,0.2253822,-7.852197,-0.49901766,-5.03178,-17.535496,-0.17492536,5.8266573,-14.742171,7.737709,3.5866823,-1.6920675,3.4833653,-0.27998403,1.2141153,0.97297174,-1.569865,-2.3735886,0.70548016,-1.8589802,1.2106842,0.6106525,0.7994198,-12.821859,1.2175435,-2.4745998,5.1335206,0.41940385,-0.115015015,0.26465,1.2324139,-0.8593304,0.6551605,4.5165157,-0.3347232,-0.19014592,12.815502,2.951538,3.1153293,-5.6586385,0.994863,-0.31000465,-2.491407,2.0464797,-2.6749709,-2.9724536,2.3640416,-1.3712958,-4.804914,-1.8850933,6.663011,2.4163585,0.1930869,0.78293824,1.3654275,-0.5633401,-0.47565374,2.9276116,1.290184,-3.9066532,-4.622826,2.5948086,-5.455804,-2.8335507,0.979617,1.8159142,1.0545397,-1.7973471,5.2541323,5.0222263,2.6150582,6.217805,-7.15212,2.8557775,18.799486,2.6387515,-1.7937615,-1.9943597,-3.4229383,PD,data/Images/PPMI_Images_PD/100905/Reconstructed_DaTSCAN/2021-02-26_11_59_34.0/I1461556/PPMI_100905_NM_Reconstructed_DaTSCAN_Br_20210628214517375_1_S1038362_I1461556.dcm,100905,Validation,SC,68.5,IA87007,SCREEN,02/2021,0.0,0.0,0.0,08/1952,1.0,,,,,,,,,2.0,0.0,0.0,0.0,0.0,0.0,0.0,1.0,0.0,03/2021,2021-03-11 00:00:00.0,2.0,123I-DaTscan,02/2021,1.25,1.86,0.54,0.53,0.81,1.04,Yes,,,-1.1856459365036927,0.5040815974299637,0.16946083930150543,0
-2.337928,-19.110607,2.191187,0.22963195,0.14574066,5.444766,2.1668727,-1.3347746,2.490845,-3.2454746,-1.6544849,3.5073297,1.208177,1.7517703,-4.024754,16.144451,-0.7082818,1.1359608,-1.4617097,13.447804,-1.8343152,-3.718365,-2.0425258,22.186083,2.5176485,3.7485974,0.4330943,-2.2947047,0.20377462,-2.2121725,0.79181504,1.3428298,-2.8434176,-0.80897063,9.214225,0.6046039,-1.9184581,1.1337769,-1.0989532,-1.4823794,-2.9524047,-1.4900655,-0.30171624,-18.457449,-6.938578,-1.008275,-3.7573307,0.8808174,-0.17928123,-0.10154517,-6.4812484,1.3108116,-0.51322407,-1.1671442,-2.312968,-3.895556,4.0498075,-5.3839703,-0.5137309,5.368294,1.1712644,18.335701,7.72053,5.00761,-9.535528,-1.0576836,0.10656435,-2.9750834,-2.022709,3.88665,0.073651485,-5.8017206,-3.2191846,3.8374388,6.557392,0.02191444,3.9392354,4.8059673,3.9360917,3.1176414,3.27466,-1.43894,-3.6704717,-3.6848369,2.3870587,-6.2853684,0.004231136,-0.10893542,-2.9655762,0.863553,-4.768047,-6.6975045,0.81533664,-0.4078935,-0.13634029,2.5162835,-11.925299,-0.5387798,2.575162,2.288114,0.50903535,-14.883806,-2.5375347,0.47550938,0.6170209,-3.2003608,3.7541811,5.274692,-2.278647,-6.9503813,5.343852,-0.002756288,0.70648295,-2.3402395,-1.8152994,3.5973337,-4.921144,-2.2837572,-1.5800544,-0.88083744,-0.6909506,-0.56775475,1.5750992,-0.4506661,1.0702192,-0.8003069,-9.090786,-0.90089774,13.997429,1.4510328,-24.341843,-1.5981767,1.8534353,11.171714,-2.6699843,-3.3382573,-7.1627374,3.397553,3.1348681,-4.342448,-19.906475,-3.4423983,-1.0577265,0.93612826,-5.236128,-0.82718164,1.7248876,-0.25523666,23.123367,2.8126507,-3.093975,-2.786133,0.2345329,-1.942595,-0.60982716,5.696564,-0.026140343,0.0062598665,2.7959583,16.891993,-2.308309,-4.4101276,5.3362,-8.900776,-1.2091774,3.12581,0.1224356,0.2973182,2.7347329,-10.257127,-12.862792,-2.3840318,0.18170592,-1.8951386,0.38735858,2.9715796,4.6686573,-14.028466,1.139824,-6.113108,-1.7486354,-4.158577,-22.189243,0.81701106,-3.4883413,-16.678085,10.189672,2.2572236,-3.553378,-1.010123,2.8097448,-2.0802188,-1.425668,3.0356462,-2.6153188,-1.5341926,-1.1829278,0.19926603,1.0676186,3.7044308,-10.958775,-1.7263029,-0.6595639,5.0157866,-1.2870153,-3.5577042,0.9689484,0.20607534,-5.6705275,3.425803,2.5688396,-2.6521327,-2.1087759,11.348072,2.9584856,10.777164,-7.3647037,0.9834697,1.5252864,-7.9305778,3.655426,-6.415387,-0.1502029,-3.1023185,-2.2161763,0.2719449,-1.767726,-1.3046474,-0.27936912,-0.5666896,1.3298743,-2.4869921,2.6913764,0.5300883,4.2860584,6.145076,-2.4869697,1.073782,0.6530156,-5.1588974,0.49061787,1.8876572,-2.34509,-4.3132634,-6.8174396,-2.8766453,-1.028698,4.262198,6.461521,-9.665899,1.7208548,14.991054,0.30007374,-5.2797155,2.1402369,1.5256361,PD,data/Images/PPMI_Images_PD/100911/Reconstructed_DaTSCAN/2022-01-11_13_03_14.0/I1619848/PPMI_100911_NM_Reconstructed_DaTSCAN_Br_20220912135638005_1_S1127485_I1619848.dcm,100911,Validation,SC,73.0,IA87549,SCREEN,02/2021,0.0,0.0,0.0,02/1948,1.0,,,,,,,,,1.0,0.0,0.0,0.0,0.0,0.0,0.0,1.0,0.0,03/2021,2021-03-22 00:00:00.0,2.0,123I-DaTscan,02/2021,1.45,1.16,0.48,0.53,0.82,0.71,Yes,,,-1.7748887759788663,-0.2121449459557258,-0.15071941168012654,0
-1.2662737,-19.093903,2.9358337,0.64059824,-4.5791078,3.5028,1.5525723,3.1116083,-5.2154393,1.951405,-1.3560075,-1.6526212,-0.75890416,-0.6826754,-2.4440908,15.503674,-1.8044841,3.3990033,-3.4341893,9.19456,-1.5789996,2.1467009,-3.514242,19.539215,-2.062175,3.494178,-0.12594375,3.3928206,0.33341262,-1.8341237,5.5857024,-1.5419297,-2.047916,-6.652244,6.8550634,1.8451436,-1.2752075,4.9158583,0.6780351,-2.2664008,-4.2934446,-2.631016,2.0980237,-14.663198,-3.0881412,-3.5923846,-5.5576615,1.0614237,8.949233,-1.2300026,-2.907905,-1.2892326,2.1715348,0.72127765,-4.4194484,3.3768601,2.5610158,0.06647077,-0.940554,0.86664265,1.0389215,19.793848,7.7532496,-1.1294585,-6.0096197,1.6498787,-1.7158655,1.1810493,1.5715429,1.972333,6.321944,-9.67827,-1.517201,9.603069,1.4084338,1.7775898,-1.4004692,9.753257,2.3098104,3.235511,2.6860268,-3.177487,-2.448218,-2.760146,0.6795759,-8.637354,0.54257727,0.038525302,-3.1422038,-1.1281277,-2.576691,-4.516056,-0.23361573,0.6060439,-0.028590985,-4.1383266,-9.691076,0.41779613,-2.3754137,4.0897927,-0.5653415,-10.23337,-1.2174278,0.6634423,0.605577,-5.234446,1.9696172,5.103768,1.7896507,-4.8156652,1.0255339,1.3261077,-1.62165,-1.0361208,0.0362469,2.0479453,-3.5120444,3.4664397,-4.2448444,-3.2366893,2.3126407,-2.8729098,3.3201578,0.8211842,2.4274492,-1.7836897,-1.6802651,1.8505228,12.06561,-2.8548853,-23.759834,-0.88868105,1.9007034,13.221442,-2.2647421,0.043436334,-4.453253,-1.5490515,-0.19658619,1.5032065,-16.948711,0.97148436,-1.0975872,-3.2478776,-5.941376,-0.19348474,4.9151306,-1.7065954,21.355644,2.3164344,-1.829132,0.79941183,0.49617818,-2.0017023,2.997886,8.884728,-3.2982936,-1.0898494,0.69621134,12.070442,1.8407742,-5.982525,5.2669497,-2.4978209,-5.8776917,1.3599849,-2.3463748,1.8050938,1.7199143,-11.843354,-14.381704,-0.38698986,-2.4774384,3.0051904,2.7258472,-0.73378205,1.7214593,-14.058396,-1.6606598,-2.8391411,-0.8338022,-4.080179,-17.948265,2.5252817,-1.0317602,-13.4140835,12.409676,4.436172,-1.4452566,3.8866067,-0.9257187,-2.2941082,2.7855155,1.8979292,-3.3152647,-1.4013724,1.2271475,-6.285582,-2.1045854,-0.2069614,-12.934223,-1.5659544,2.5337873,6.3840356,-2.1559284,-0.5583879,0.4985463,0.21885227,6.264706,3.204141,0.6404147,-4.7045193,1.1531615,9.511029,-1.0854234,8.667829,-8.627472,-0.38896734,1.4717643,-5.1773,-0.929811,-5.6349673,0.4861315,4.2101283,1.2393295,-1.3387684,-2.261778,-0.33105114,2.3482332,-1.9416463,-1.1209822,-5.2189984,-2.127951,1.047003,-3.2009878,0.18673307,-0.39297393,-4.458035,-0.6509426,0.9863991,-2.6906793,3.5101793,-4.4256887,-2.270784,0.25650728,-1.3634756,-4.1559987,0.76829547,5.3082123,-6.409359,1.2747496,23.18746,2.488193,1.7684586,-3.5452154,-0.22424592,PD,data/Images/PPMI_Images_PD/100972/Reconstructed_DaTSCAN/2022-04-12_14_24_12.0/I1584066/PPMI_100972_NM_Reconstructed_DaTSCAN_Br_20220525110032249_1_S1136129_I1584066.dcm,100972,Validation,SC,61.5,IA87222,SCREEN,03/2021,0.0,0.0,0.0,09/1959,0.0,0.0,,,,,,,,1.0,0.0,0.0,0.0,0.0,0.0,0.0,1.0,0.0,04/2021,2021-04-09 00:00:00.0,2.0,123I-DaTscan,03/2021,2.04,1.61,0.77,0.71,1.18,1.14,Yes,,,-0.19702137288569435,-0.28901455968754636,0.1566852148143121,0
-2.467649,-17.931599,3.2147863,-0.013627801,-0.7286908,4.1577234,-0.50763106,0.023669219,-0.06549191,-5.961949,-0.0073479516,0.059515227,-3.1850884,1.9513972,-2.1128705,14.357128,-2.3105803,0.18699,2.2139146,1.3741368,-1.2145246,0.10307458,-1.688706,18.136564,2.3024707,1.3608252,0.025124893,-0.8227612,-2.4819832,-2.9103568,-1.5511255,0.1839739,-4.40476,1.5792075,7.47685,0.5771763,-1.0714844,-2.9382694,0.001386692,0.026680592,-1.306079,3.3587382,0.30382368,-16.651081,-5.3089623,-0.15533231,-3.6669214,-1.7203925,2.5082629,-1.475976,-2.717743,-1.9333087,-3.7549632,0.08046368,-3.435614,2.5076895,1.2083842,2.0840583,-0.059358902,2.4850972,-2.5853655,16.837027,10.279104,-2.1579192,-4.939845,1.7098141,-2.8512826,3.302185,-1.9563603,3.4164727,1.7613037,-8.595694,0.8145513,9.463122,6.065522,-2.415044,1.5802937,6.9401693,-0.79450375,1.6764324,0.37676954,-3.9184618,-2.8966317,-4.072568,1.8791965,-2.000396,0.81523293,0.47077048,0.64146376,3.4508412,3.7366283,-2.4150112,-1.7358849,-1.5212057,-2.5428398,-3.5881062,-12.342388,0.14257523,-1.6611639,-0.29541117,-0.34552345,-12.647968,1.4601345,-0.8065591,-0.2110497,1.5638176,1.4021329,5.7354803,-1.3798958,-5.1653137,2.9866917,1.8424644,1.3374114,-0.47786424,0.1345995,1.4023538,-0.4793806,-1.3197521,1.3055137,-3.204843,-1.0351512,3.0516346,0.8186972,1.8309764,-1.6159327,2.7900293,-2.7928705,-2.306117,7.666134,-1.5299709,-17.661907,-1.2738686,-0.5690621,9.984152,-2.1875317,-0.4875317,-6.9231777,-0.464507,0.6724197,-4.667179,-15.128313,-1.3600993,0.931477,0.34394637,0.9002236,3.5099075,2.0880866,0.96320975,20.63136,0.7033667,-3.5634904,2.461697,0.55574644,-4.274523,-2.2182963,5.0061364,-1.1573454,1.0822965,0.63069826,18.098206,-1.330681,1.4507209,3.133728,-6.814664,-2.5153966,-1.4439551,-0.8100338,-1.0969224,0.6701973,-12.542891,-11.2031145,-0.6550863,-4.708423,0.87895364,-0.30635843,-5.211228,5.5329814,-16.978277,1.2710524,-3.491723,-0.013721004,-5.3495984,-15.262126,-1.5240873,2.4206495,-14.460503,15.4515,1.8126764,-4.2469597,3.9806092,0.76466197,-1.7830819,0.8934937,3.8156512,-5.2331796,2.5567179,1.0007803,0.9157703,3.6636093,0.17728281,-12.386731,-1.3745072,1.9230471,8.590379,-0.8999344,0.7620439,-1.3477491,1.6802514,-3.5394459,3.6479838,1.9424896,-0.3493975,-3.714137,8.336302,-1.760985,8.191893,-5.55176,-3.5093186,-1.1938413,-2.5446062,-0.77618015,-9.050575,3.6015232,1.3995851,0.087233044,-4.8658957,1.1619627,1.5014963,3.6180015,1.8989737,0.41040123,-1.6255362,-2.2171872,-0.6063035,4.310767,3.4648561,-6.2007675,-3.8096173,0.08438016,-5.272291,-0.7089967,2.8703063,-0.28853825,0.57983214,-4.2357388,0.11467124,1.5189018,-2.4338582,0.53705174,-6.0127683,-0.41771853,15.570884,0.91035384,-1.5314643,2.5850453,-2.2777553,PD,data/Images/PPMI_Images_PD/101018/Reconstructed_DaTSCAN/2022-04-13_14_55_46.0/I1573151/PPMI_101018_NM_Reconstructed_DaTSCAN_Br_20220425140647745_1_S1127483_I1573151.dcm,101018,Validation,SC,62.1,IA87046,SCREEN,02/2021,0.0,0.0,0.0,01/1959,1.0,,,,,,,,,2.0,0.0,0.0,0.0,0.0,0.0,0.0,1.0,0.0,03/2021,2021-03-30 00:00:00.0,2.0,123I-DaTscan,02/2021,1.74,1.74,0.87,0.8,1.26,1.32,Yes,,,0.045115271327508914,0.012736436333526287,-0.17306851148121724,0
5.410982,-15.499084,0.8341124,-5.6970267,-3.1426318,1.7315633,-7.172579,-2.1864703,-0.56256324,-3.5101807,0.097894795,3.320029,-1.273684,3.8575594,6.5044675,20.91658,-1.3545182,-0.3941159,-0.1426094,8.790037,-1.1901698,2.8721745,3.0478463,16.229094,1.6846753,4.0718756,-0.34616995,-3.872177,5.750877,-0.6177713,1.6538563,-6.6014385,2.4084156,1.0480644,-0.701696,-0.90248746,-2.8154845,1.7377341,-3.8273137,0.9527582,-0.58099425,-3.7718525,-0.81954217,-8.736048,-1.7434684,0.44153833,-3.746156,-0.7260802,4.8311243,2.5709846,1.8017802,-1.5351154,2.349972,-0.11882289,-0.2330694,0.1571522,5.977682,-2.5020483,-1.0336708,2.451093,-2.2249784,14.760438,9.906866,1.5405188,-5.668439,-2.5597377,-6.175851,1.602387,0.110419475,2.3293931,4.006307,-14.713802,-2.4389796,7.53227,3.1458995,-0.8295158,4.774618,7.9735427,0.15768778,2.2531588,1.0681728,1.3963535,-3.8113542,1.939241,5.0367146,-5.1175127,1.8573602,-2.3618505,-0.4788646,-0.72433764,3.2168882,2.124955,-2.8124738,0.651421,2.2492197,0.7121783,-9.921968,4.411219,1.0029343,0.37487212,-0.34221965,-15.349035,0.10168312,1.9137509,1.5055492,2.09908,-0.03597016,1.6150523,-5.004171,-0.75904685,1.7251362,-0.01318117,-2.2148125,-4.7481694,-0.82506466,7.7580137,-1.8395355,-2.3000774,-1.3180835,-1.0657227,0.5016784,-2.940935,5.521581,-3.13344,-1.746199,0.023872143,-4.497864,4.471223,2.468116,-1.2854996,-17.279493,-1.1238904,-0.46496552,6.184642,-4.9821506,-4.1818986,-2.9645872,8.520336,4.984615,-3.388089,-14.15019,-2.2339845,-0.6536971,0.26852852,0.5602734,0.9722883,4.305238,-5.945207,20.185303,-0.9561844,-6.773118,0.86057264,1.2079092,1.8440615,-0.8315594,3.978667,-5.0198803,-0.6242527,0.7627553,12.8399315,-2.565764,-5.9035726,1.8152978,-2.0686076,-6.7976637,1.653319,-3.1884925,1.9173126,0.47144797,-13.53333,-12.69217,-0.13527137,-0.6091528,2.8611445,-2.1622732,-1.2194502,0.68338054,-11.2431135,-0.52919763,-3.5064209,1.2071638,-6.4969482,-11.867389,1.4563248,2.2351778,-15.939582,8.126808,3.0037014,0.49812463,5.5356417,1.2086202,-0.25884095,0.16065016,-1.0809433,-5.0744634,1.7491016,-1.9161046,-1.2988096,1.1355338,3.8263266,-13.243164,-4.1904883,-2.4046755,9.164062,-2.7218478,1.7612381,-2.286935,1.324726,-1.7220752,1.6031809,-0.30060786,-5.4131203,6.272826,8.984066,-1.2857248,4.4541388,-2.0002818,0.09093053,-1.7521867,-0.5386425,4.8000917,-2.9729488,1.2425116,2.473236,-4.67404,-1.3543297,-2.7439802,6.4420767,6.134817,5.7821016,-5.1766624,-1.1707959,0.7604388,4.8080125,1.608939,2.310845,-4.1116343,-6.949551,-2.707471,0.7787644,-2.9486158,-2.484686,-1.9930059,3.5889173,-1.9527298,4.6492376,2.5965695,-2.686978,1.7141483,-6.661144,-0.9900353,20.802816,3.6604607,2.790907,4.432463,-6.054896,PD,data/Images/PPMI_Images_PD/101038/Reconstructed_DaTSCAN/2021-03-18_15_03_03.0/I1474383/PPMI_101038_NM_Reconstructed_DaTSCAN_Br_20210727201351327_1_S1046848_I1474383.dcm,101038,Validation,SC,64.3,IA87714,SCREEN,03/2021,0.0,0.0,0.0,11/1956,1.0,,,,,,,,,1.0,0.0,0.0,0.0,0.0,0.0,0.0,1.0,0.0,04/2021,2021-04-20 00:00:00.0,2.0,123I-DaTscan,03/2021,1.5,1.69,0.42,0.66,0.72,1.0,Yes,,,-1.2201095369950696,0.5213126821581167,0.20939535162969988,0
1.0387552,-9.440283,6.3403587,-7.1707196,1.4815285,-1.9559177,0.43129534,3.777224,8.811643,-0.46084183,9.493886,-1.3186424,-2.1635067,0.81017363,7.294377,16.504246,2.0275078,8.8619795,10.375819,7.5542974,1.2552787,1.4657265,-2.3875117,18.375433,0.7095338,0.49393547,-0.25470853,1.7656857,-1.8394924,-4.874611,-1.1811441,-1.7333046,0.7557277,5.071547,9.057512,0.61715436,2.049938,7.2996845,5.2449746,-0.32023695,-0.5757496,-0.013468447,5.0084963,-15.202074,-1.6427987,-0.5929673,-1.0695841,1.1492711,3.635723,2.7703917,1.7394983,6.608362,-0.9552611,2.4131982,0.18991162,2.0408568,3.9513986,3.8056126,3.5408883,2.6773307,-0.60972226,20.874062,-0.64026725,3.9278078,-17.69409,2.6153858,0.25770718,3.1210206,-4.8185477,-0.13683714,-2.0915022,-10.576725,-2.640455,2.7569723,7.5762835,2.2886236,-1.3668109,4.890175,-4.172991,-2.4517913,-1.016973,-2.6251636,0.84741753,-8.113106,-5.6850967,1.1379889,-1.7583148,2.3750575,-1.7441223,1.4155612,1.2605693,3.7905037,3.9710703,-0.9046749,-0.59650475,-5.044515,-15.281385,0.44177806,7.065942,3.9358952,-0.32067615,-16.073982,-0.11143686,-3.6000257,-0.5809683,-4.3459992,6.5317435,1.7211086,-3.102765,-9.6689,-0.28796363,0.28171277,1.254654,-1.2627095,-6.54268,-0.31453046,-4.9728823,7.006292,-4.783748,8.139011,3.1505456,-1.482499,-0.79985267,-3.7125196,2.3078988,-6.6030293,-9.504308,-3.7312498,6.890379,0.16043343,-14.336221,2.3923252,-2.8488624,5.748496,-4.714953,-1.3658777,-3.1877253,-1.8341782,-1.4271603,1.6365204,-15.504325,-1.896296,-1.1676846,5.558932,-0.36620802,5.293483,4.1076384,0.9654604,14.038845,1.2032601,1.1025108,3.487609,-1.2303412,-1.9463025,-0.47039592,1.2573929,-2.2652965,1.598778,2.3723304,14.704693,-1.7414266,-1.3665613,1.9449074,-7.2175436,-5.2749825,-6.884451,-2.6161802,-0.8027907,-0.36946675,-13.526942,-11.117485,2.3139992,-6.4945717,2.6843076,3.3509552,6.014971,4.5687385,-6.781834,0.7962963,0.62744075,-0.4432212,-7.18644,-20.147833,0.5407288,-0.043632925,-9.448409,1.9863548,-1.5180479,6.407606,-5.157965,-2.8377805,-3.6212072,-0.34307525,3.0377948,-1.5656385,-0.37075317,6.1575723,0.59451324,-1.5594221,0.81444424,-6.0940285,-0.9412198,3.417107,6.496773,1.3438276,2.191187,5.118765,0.88594794,-2.0612555,-2.0045676,-1.7146198,-4.043137,1.3766035,8.921873,-0.034201957,9.807965,-6.228086,2.6050353,1.2923543,2.0631227,2.3637807,-3.1886094,7.8876944,-4.6148267,-2.5572526,2.9112654,-2.841954,-2.7734122,0.5477888,-4.142556,-0.67516065,3.7449899,1.3564284,2.3228352,2.9919508,-0.087259114,-3.0351055,-3.7836187,3.8969884,-2.2250428,-8.748525,-10.102475,-4.3289742,2.9666617,-1.1537461,-3.640471,4.524236,-5.272466,3.1397603,-10.0833025,-2.2246466,24.098516,6.8797398,7.0835943,3.977044,-6.878837,PD,data/Images/PPMI_Images_PD/101047/Reconstructed_DaTSCAN/2022-04-21_13_20_03.0/I1582691/PPMI_101047_NM_Reconstructed_DaTSCAN_Br_20220520110347182_1_S1135050_I1582691.dcm,101047,Validation,SC,75.0,IA87135,SCREEN,03/2021,0.0,0.0,0.0,03/1946,1.0,,,,,,,,,1.0,0.0,0.0,0.0,0.0,0.0,0.0,1.0,0.0,03/2021,2021-03-06 00:00:00.0,2.0,123I-DaTscan,03/2021,2.37,1.53,0.96,0.68,1.54,0.94,Yes,,,0.18378643877045026,-1.111344372752558,0.21486207984986808,0
1.917131,-27.986351,-1.1553291,-3.5217416,-0.6358041,-5.449682,0.06125787,0.6520291,-0.4349287,0.18379912,-0.936636,2.9342425,-2.6694343,3.2025645,-5.3313203,14.636063,-2.2161765,1.4762999,-1.7301879,17.010626,-0.08477731,1.2701453,1.2681485,17.278784,2.0938032,2.697852,-1.1226875,-4.0291505,-0.03301004,-0.028818846,0.9208639,-0.849193,1.1704962,-3.8940952,3.9502573,3.7304945,0.71905404,-1.9729222,-1.2143103,3.144555,-1.4811972,4.8044252,-0.20140098,-18.186972,-0.50668323,0.75792795,-2.6942856,2.0923452,5.4850326,2.5197294,0.06579705,0.90327024,1.3573492,0.30837402,1.0784655,0.82893544,3.5151231,3.1183026,0.30833626,-1.5044596,0.8569228,25.798895,8.5729265,2.7673626,-8.1772585,-3.2942762,-0.4583497,-2.8320172,-1.2180668,1.1768241,6.636551,-7.886325,-1.8955358,-3.0984263,1.75546,2.1302292,4.192504,11.32959,-3.111223,5.086451,1.6720326,-2.994717,4.597919,1.4443388,1.131389,-6.1193304,1.4718078,-1.3103436,-0.14325221,3.0814788,0.021233652,-0.21312417,-0.5476634,-8.392997,0.4770639,-0.7093333,-10.563011,-1.3168856,-2.873165,-4.0367556,1.9014461,-20.475376,-5.762947,-0.543603,-1.4703276,-0.5621145,2.4997404,3.3123457,-1.5313852,-2.957755,3.953679,-1.3758866,-1.7434245,0.88798696,0.84282285,2.6891751,6.4770308,4.6678333,-0.33293855,0.6786339,1.2854841,3.3067589,3.4321532,-0.34558994,4.810934,-1.6350931,-8.009393,-3.4433641,15.387158,-0.11292429,-28.76257,0.36322907,1.6044477,13.317017,-0.3071758,0.23951836,-4.685488,-0.20339386,4.6575475,-2.4873028,-18.92831,-1.6636205,-1.4165077,-1.0863338,-4.063212,-0.6476881,1.6020004,-0.38685903,22.512638,3.9508476,-0.085831106,0.48509815,0.84795535,3.533654,-0.68970925,8.76094,-1.8951622,-2.9944797,-0.3282293,19.787172,-6.0279417,-1.0526668,-0.9738451,-4.268176,-2.5975242,2.495523,0.21757181,-2.245846,0.5695095,-6.617646,-5.5637374,-1.5560462,-0.3501284,-1.1643214,1.5288205,1.9199445,-1.2732656,-16.47978,-1.6614783,3.6076784,-1.5575998,-10.27312,-24.58688,-0.117329806,1.621323,-13.688745,4.649098,2.1564121,-1.5275339,3.5964444,0.50500554,-2.966884,-2.097743,-0.83630365,-1.1221439,-0.6353742,1.0760161,0.39274055,1.7379954,-1.8379942,-10.238334,-0.50921786,2.1359434,5.323282,0.7259613,2.2081797,0.18122342,-0.9712086,4.64517,2.49638,3.686734,-6.394268,-1.2893958,16.452656,0.79980946,11.511117,-4.8258443,3.1986663,4.1622114,-1.9510869,3.0053997,-8.90291,-1.1907053,-1.5861022,-2.3524606,-1.5333084,-1.562839,0.057515394,0.49199727,-4.1772065,1.0634797,-3.6626983,-2.432752,-1.8680248,3.369093,-2.326872,1.0073315,0.84913623,-0.5257006,-5.2525797,1.1420996,2.0433407,0.21565303,3.2169955,-4.941212,-1.7956764,5.2111273,2.2318542,4.171307,-15.633148,-4.3700843,27.274414,4.0765553,-4.147521,6.275994,-0.32922387,PD,data/Images/PPMI_Images_PD/101048/Reconstructed_DaTSCAN/2021-03-30_12_45_08.0/I1474780/PPMI_101048_NM_Reconstructed_DaTSCAN_Br_20210728202518069_1_S1048802_I1474780.dcm,101048,Validation,SC,57.5,IA87553,SCREEN,03/2021,0.0,0.0,0.0,09/1963,1.0,,,,,,,,,1.0,0.0,0.0,0.0,0.0,0.0,0.0,1.0,0.0,03/2021,2021-03-30 00:00:00.0,2.0,123I-DaTscan,03/2021,1.99,2.5,0.88,1.23,1.36,1.83,Yes,,,1.4656615706935456,0.9877091716790188,0.12817188920656108,0
0.87374127,-15.651108,4.217927,-1.7136731,-4.163621,2.1979547,1.1716579,-2.7363515,1.680873,-2.809783,0.3154865,2.244624,-3.195669,5.4299426,-0.79026586,15.145074,-0.9158957,2.4029593,1.1986531,2.9272804,-0.09233408,-2.1615734,-2.1820347,19.315186,-1.222879,0.40059447,0.1094857,1.591131,2.406572,-1.5285175,1.9059932,2.46975,4.4632287,3.7283359,4.798957,-4.5465565,1.3753924,0.9819342,-2.9115207,0.91340995,1.7209773,-3.2747765,1.3663212,-13.709662,-2.245289,2.0000257,-3.089904,-0.41829637,4.0882707,0.017423492,1.4414775,3.2925394,-1.7673944,1.353685,0.03572669,0.675704,-0.620422,-0.5662166,-0.21410292,-2.604767,-2.0312867,16.383823,5.7103233,1.6973919,-8.919656,1.6471114,-3.260045,2.9632573,2.787013,-0.11553639,0.40503764,-13.148491,-0.97672147,8.623423,2.554569,-1.6377769,1.0300875,9.698825,-3.5630414,-1.1707923,0.0010994053,-5.5524526,-4.4013867,0.18643601,6.2057886,-9.076743,-0.08741737,2.441139,2.662908,1.3290265,-0.92252606,0.29256484,-0.36688474,2.3185256,0.56098664,-2.420061,-7.7437773,-1.3917235,2.6713872,1.0283545,0.71393013,-12.062364,-1.7046771,3.335717,-2.2872422,-0.92185295,-0.94347346,7.2109165,3.049261,-4.1769376,-1.527784,-0.5109174,-0.32974353,-1.1914413,-1.1754943,1.6639787,0.9791494,2.4343033,-3.4779334,-2.0984066,-1.6004966,0.42066252,3.651574,0.0034498472,-1.8422009,-1.0835482,-6.3835373,0.0010536794,7.191927,1.0773307,-19.362091,-1.5523233,2.0569344,5.1537623,-3.1485353,-1.9258345,-3.7486932,-2.1614776,0.31633475,-1.7168772,-15.912256,3.8105214,-3.309691,-1.2853599,-0.97980225,-0.384583,4.211674,-1.816894,22.1103,0.7881588,-5.7005897,0.6739631,-0.74777675,-3.5633228,0.81013256,4.413216,-4.1313415,3.7541611,2.675433,16.72086,-2.4857945,1.3645785,3.744544,-7.27911,-2.6628764,0.7739784,-0.99561995,1.8580997,5.0779176,-16.090752,-10.007824,0.016719885,-1.9224392,1.830427,-0.001606321,0.80819136,3.5938413,-14.337207,1.1670017,-3.308263,-0.005469397,-8.038608,-15.48214,-2.1627433,1.9048404,-11.773228,6.9038315,2.3234854,-4.276999,3.4335372,0.4009491,0.6694924,1.175369,0.3320423,-1.4438102,0.8774799,-1.7379695,0.26839927,0.8972321,0.6660783,-8.64473,-0.52103066,1.0791852,7.2760873,-3.0280745,6.0232086,2.320465,4.2218995,-3.8375313,4.1269665,-0.61867744,0.53647625,0.2264711,9.905658,-2.0192018,3.6336622,-0.5285955,-1.7977386,-2.7759008,-0.955224,1.0222878,-4.235811,1.7146556,4.219427,-3.3213425,-1.8296977,-1.6272007,1.6925362,0.822657,-0.29666027,-0.587204,0.60960877,-0.8662771,-0.3138233,3.4355965,2.4440813,-6.758851,-6.615133,-0.21038853,-0.28537798,-1.5896493,0.6830059,-2.9151838,0.8979675,1.4507469,0.45236823,3.2436736,-0.332158,4.6802816,-3.2911284,0.09589216,18.41304,1.7550559,-1.1334333,0.4809518,-3.4282966,PD,data/Images/PPMI_Images_PD/101092/Reconstructed_DaTSCAN/2023-03-09_14_35_03.0/I1719495/PPMI_101092_NM_Reconstructed_DaTSCAN_Br_20230623194531323_1_S1235562_I1719495.dcm,101092,Validation,SC,69.6,IA87554,SCREEN,03/2021,0.0,1.0,0.0,08/1951,0.0,0.0,,,,,,,,1.0,0.0,0.0,0.0,0.0,0.0,0.0,1.0,0.0,04/2021,2021-04-05 00:00:00.0,2.0,123I-DaTscan,03/2021,2.21,1.79,0.93,0.78,1.53,1.12,Yes,,,0.4303443357614473,-0.6237283297545496,0.2074544598262955,0
-0.61067545,-14.844894,2.1594074,-2.661976,-2.3784258,9.252119,1.2863839,0.5702653,-0.072094135,0.83880246,-2.7713258,1.9417464,-3.1514337,1.0420145,-3.660994,14.552851,-1.2889115,8.264911,-1.3455362,7.0244675,0.7507863,-3.4485378,-0.21396549,19.149618,1.5037006,2.08798,-0.14714968,2.9183547,0.35149595,-0.8311564,2.5321853,-0.16819818,1.5745885,-0.28451338,6.908639,0.19448715,0.69424003,-0.5215017,1.4175394,0.6066237,-1.3966873,-4.0892277,2.2412589,-21.654963,-8.601529,0.15390252,-1.1226085,-1.2176967,2.4618092,-1.2941595,2.662856,2.0616634,-0.46775046,4.774097,-4.6342974,1.1392131,-0.11201991,1.059228,-5.041969,0.25099018,3.845691,15.260222,11.736535,2.9264617,-8.483247,1.4008023,-2.6431766,1.0742869,0.38716328,0.7027785,4.5355253,-7.5133038,-3.0844362,12.540406,1.2272358,-2.3854103,0.2821948,7.001281,2.3747594,2.1380405,-2.2433002,-2.411325,-2.67408,-6.114247,5.5085135,-9.565747,1.4756478,0.48680004,-2.035344,-0.6877806,-2.4404244,-5.025221,-0.025019495,6.2671227,-2.3095472,-1.9406029,-7.57835,-2.6242635,0.11088075,1.3973652,1.2565306,-12.421835,-3.0362644,0.0724334,-1.2777847,-3.8218246,3.1640213,7.506554,-0.6287185,-2.2547455,4.486888,-0.85260916,-3.5666463,0.3872533,-1.2503572,2.6339633,-3.3645034,3.2717156,-3.731263,-1.0304977,1.1081371,0.6219742,-2.166733,2.2918675,3.679759,-1.672998,-5.280861,-3.6165862,10.115056,-0.67748874,-14.506842,-0.43003315,0.81047493,10.009239,-2.0839984,-2.1740348,-6.8382707,-5.156611,-2.388311,-0.09143678,-15.167212,0.8376977,-0.5854398,0.32719958,1.8061373,-1.122086,3.1931045,-1.4186084,20.37246,3.798473,-3.9582634,1.4490818,1.7650523,2.363171,2.0039926,4.990273,-1.9694921,-2.9176056,0.11849588,13.360879,1.3746167,0.15498653,1.8678918,-5.2316213,-3.3016157,0.93450135,-0.37261087,3.6715968,-0.3502776,-13.801245,-13.790813,0.95346767,-0.4293979,2.542249,3.7460337,-0.22200565,1.1913109,-16.956415,-1.6807709,-3.7469275,0.053356066,-8.255219,-16.906876,1.2275873,0.6426293,-11.325661,6.278593,2.4887629,1.4864482,1.3756989,-0.24378179,-0.6445503,-0.58768326,-0.23865303,-0.5262862,1.393087,2.3683002,-1.8137056,-0.4810577,-1.4929482,-11.785524,0.6517101,1.5618092,6.2544622,-0.21784684,2.9565594,0.09350846,1.6931338,-0.6599325,-1.3789209,0.0014304277,0.943146,2.124608,16.521774,-4.1593876,3.076181,-4.762878,-1.4448129,-0.5100001,-4.0541615,0.09477166,-5.626045,0.87354016,0.6246706,-4.7398844,-0.78805643,-1.4194468,-1.3136007,5.251678,0.5118077,1.1494287,-2.0805519,-2.867329,-0.38035688,-1.1821533,2.9651392,-3.2494757,-2.9317489,0.5285928,-4.1555014,-5.328065,3.1673014,-2.1884356,1.8919277,-2.3336537,1.3822875,-1.3919598,-0.71115154,10.210214,-9.005791,0.1605698,14.522273,1.9839813,-2.35717,4.8328977,-0.505266,PD,data/Images/PPMI_Images_PD/101175/Reconstructed_DaTSCAN/2021-03-31_14_09_39.0/I1474387/PPMI_101175_NM_Reconstructed_DaTSCAN_Br_20210727201608425_1_S1046852_I1474387.dcm,101175,Validation,SC,70.9,IA88816,SCREEN,03/2021,0.0,0.0,0.0,05/1950,1.0,,,,,,,,,1.0,0.0,0.0,0.0,0.0,0.0,0.0,1.0,0.0,04/2021,2021-04-01 00:00:00.0,2.0,123I-DaTscan,03/2021,0.71,0.78,0.32,0.3,0.48,0.49,Yes,,,-3.1680431726726654,-0.020724403003158445,-0.6104329301932795,0
-0.9116592,-17.051403,2.4539788,-1.5816914,-2.8847365,3.7400773,3.8068743,-2.3278878,-0.43873048,-4.341639,-4.526566,3.507056,-1.0263435,2.5585918,-0.49469945,11.271582,-2.3426924,2.0676947,-0.4833315,-0.029428262,-2.6934888,-1.526445,1.8103048,17.9485,1.4715657,6.052334,-3.322068,-5.291298,-3.7531028,-2.5912056,-1.0885018,-0.5226675,-3.6862884,-3.6554239,9.97946,4.2038116,-0.50438243,2.5475128,0.5816693,-0.40400535,-0.06244361,-2.0614371,4.918261,-17.67579,-4.9340324,0.7557832,1.929524,-1.4945133,7.582664,-1.0389904,1.4687808,-0.08036747,-1.7531263,1.5952858,0.49911693,-0.00018626638,0.3905874,-0.4488929,-5.3069925,5.4327326,4.1910944,20.694569,8.30232,1.5916302,-7.4515524,0.5519278,-1.2382277,3.6383276,-4.0797033,2.7458107,-0.34313434,-6.998319,1.0195237,9.478588,1.5791152,-1.1915283,-0.7881638,6.891854,3.6987774,3.0550218,-4.4147887,0.7698326,-3.100396,-3.0072584,5.1254745,-4.207835,-0.38603657,1.0466158,0.22593366,1.2765615,3.0314202,-0.42140815,2.8933835,2.6430674,3.0525005,0.60061634,-7.956621,-2.4259112,0.7672431,-0.9802196,1.3863921,-12.9930105,-1.6047053,3.0753877,1.8139098,-3.213284,4.4035125,6.374759,-3.8236604,-3.1734776,4.134745,-0.30945346,-3.3319542,-2.1000457,-2.581368,-0.50677574,-3.6797452,1.1710626,-5.5549307,2.1168897,4.1361127,5.065567,0.008250295,2.234085,5.99113,1.8954393,-5.123312,2.956871,9.316752,-1.7506276,-11.196509,0.4064222,-1.1714122,7.964178,0.20376846,-1.6674865,-9.43544,-1.0628569,2.1424575,-2.1148772,-12.485577,-1.9326763,2.1510987,-0.703128,-0.97060186,4.512189,-1.2864257,-0.5419932,21.07082,2.7058403,-3.3337314,3.5031345,5.9446654,0.22695619,0.13079587,2.147859,1.466298,-1.9106896,-1.2507703,15.784491,-0.5788049,-2.0738657,0.7362577,-4.0501842,-3.7077122,-2.456047,-3.1235788,0.45594767,-0.30401143,-12.541371,-14.512362,-5.1413827,0.88028127,4.255309,3.0525038,-1.0273566,2.0512388,-16.683163,-2.4559665,-3.4435441,-0.9860353,-4.9477916,-15.17056,2.3416135,1.3382891,-14.709554,10.336948,1.0035995,-3.7189195,1.1608512,2.4374027,-0.091329515,-1.8177761,1.3036921,-2.4838529,-0.093059726,2.2539039,-2.6963215,4.1091332,-2.4871857,-11.586433,-4.376621,1.8898969,4.1777244,-5.348775,6.7759542,-0.07258523,0.5661839,-1.0481055,3.7025316,-3.8373244,-5.083308,1.283705,8.369196,1.9662472,4.271615,-8.162484,0.6860396,1.5807709,-1.8642083,0.71404207,-7.903797,3.3411524,-1.5750107,-2.858804,-0.8850747,3.827452,2.5604403,0.71144766,-0.99154955,0.5237198,-0.27045673,-2.452504,-2.9094956,3.6921046,7.8074236,-1.380216,-0.3166102,0.21666677,-6.6453657,-1.4218869,-0.73809576,1.5904937,-1.0885808,-5.1916375,-1.0367485,-0.69844854,-0.95838386,1.6237081,-1.7637198,3.9606209,17.593851,3.4683003,-3.5416632,3.0767837,-4.076286,PD,data/Images/PPMI_Images_PD/101186/Reconstructed_DaTSCAN/2021-04-13_14_50_49.0/I1474388/PPMI_101186_NM_Reconstructed_DaTSCAN_Br_20210727201640595_1_S1046853_I1474388.dcm,101186,Validation,SC,77.9,IA88639,SCREEN,04/2021,0.0,0.0,0.0,05/1943,1.0,,,,,,,,,1.0,1.0,0.0,0.0,0.0,0.0,0.0,1.0,0.0,04/2021,2021-04-19 00:00:00.0,2.0,123I-DaTscan,04/2021,1.54,1.46,0.45,0.65,0.94,1.16,Yes,,,-1.0440527948345615,0.3002060103233621,0.0019043863203822154,0
-1.4455378,-18.886246,4.478449,-6.2767553,-3.8219702,2.1781723,0.6841903,-2.787406,-0.40568745,0.32663035,1.3374207,-0.32356617,-0.84238416,1.9359596,-0.4618493,17.474012,-2.0529919,0.100664444,1.4320117,6.9154387,-0.27501664,-1.2204206,3.775971,19.274603,1.0371681,1.0338675,-2.6583319,1.2744036,0.34207302,-5.2494125,1.5250856,3.9254327,-3.4465542,0.8385207,5.759348,-1.3229617,3.28676,3.6271799,0.4015336,0.65167224,-0.6156421,-2.9227738,3.5117595,-13.176838,-3.9734085,1.5329611,-2.9070013,-2.4275565,6.86208,3.953687,-1.2327162,2.4119442,-0.7256272,2.4420092,0.6000554,1.7076066,4.0930405,-1.3115348,-3.9521265,3.0592315,-2.1322055,15.64767,9.737815,2.698659,-7.002264,1.2784014,-0.37210542,0.63692147,-3.5625741,0.57754093,1.4884065,-8.649591,-1.2887689,4.49598,4.158376,2.5926316,2.3563306,7.2581077,-0.23229802,-1.9851243,0.58219564,-0.09863106,1.081122,-3.2050188,6.821936,-4.322216,3.8959942,0.65115494,0.91878515,-0.10334231,-2.9568672,0.19063488,1.0068452,1.1998131,3.4126225,-4.5040674,-12.514454,2.8075318,-1.393527,-1.5969669,1.851923,-9.92383,0.8031593,-1.8942193,-1.6163218,-1.0568767,-1.7461858,5.388203,-1.2146116,-5.1544647,1.214327,-0.9798859,-4.397373,-2.8668547,1.110065,4.13358,-1.0637672,4.7323904,-0.882259,-3.7959301,-4.776173,-0.8592454,2.4225078,0.8104839,0.74806935,-3.8189285,-3.97912,0.43212965,4.0911083,0.4650604,-20.411404,1.0094532,1.6610546,4.4024477,0.0359318,-5.740034,-4.7764935,-1.4055824,-2.3689342,-4.987669,-15.87443,5.6037407,-1.9844437,-0.1435123,-1.242376,1.281817,4.958847,-0.073296994,19.137472,2.5193267,-2.0536895,0.8149126,2.067508,-3.3224528,-1.6679673,7.533343,-4.7579737,-0.48342025,-0.062403012,15.049119,-5.7939177,-1.9162295,2.2579784,-5.7593784,-3.0750167,1.2142482,0.21969636,1.7319834,1.4612265,-14.764657,-11.43521,-1.56047,-0.73851347,2.9312372,-2.8485322,-3.0461533,4.00938,-14.5197935,2.6039686,-3.063129,0.74519384,-4.629464,-14.509623,-2.565817,4.497794,-10.820909,5.0052185,2.8836057,-2.7714608,0.9941744,-0.52624553,-2.0694904,-1.1669805,0.96866447,-1.3540082,0.95604515,0.47544527,1.2184526,-0.6232196,0.7572575,-8.896664,-1.4254998,-2.074494,9.023338,-1.2473599,4.00968,2.2812154,1.4126704,2.4518468,-2.147895,1.4689324,-0.24776334,2.169236,13.985975,1.1040608,5.5140743,-1.9722637,1.0370125,0.09593502,-1.8308817,1.3894308,-5.1001997,0.20624062,2.690771,0.21391828,-3.774589,-3.2811587,3.7382166,2.4834466,-1.3227607,3.7439308,0.3415232,-0.36811316,2.6569362,7.4734573,2.7209072,-2.9903219,-4.801141,1.5250441,-3.831579,-0.46985307,0.34442022,-3.058885,4.468719,2.459631,1.2240453,2.8448086,-0.74029136,2.5576336,-7.5526032,-1.2984726,18.95283,1.4002755,-0.9528799,1.4569348,-1.8517044,PD,data/Images/PPMI_Images_PD/101187/Reconstructed_DaTSCAN/2021-11-10_12_40_37.0/I1530340/PPMI_101187_NM_Reconstructed_DaTSCAN_Br_20220106104938499_1_S1093385_I1530340.dcm,101187,Validation,SC,62.6,IA87137,SCREEN,03/2021,0.0,0.0,0.0,08/1958,1.0,,,,,,,,,1.0,0.0,0.0,0.0,0.0,0.0,0.0,1.0,0.0,09/2022,2022-09-26 00:00:00.0,2.0,123I-DaTscan,03/2021,1.64,1.91,0.68,0.64,0.99,1.09,Yes,,,-0.5561370674223274,0.20870944580355094,0.26050048526848285,0
-0.2460514,-15.819299,2.1982665,-1.5127221,-1.4634542,3.0955863,-2.4359956,0.63294053,1.7817297,0.29938498,0.3868133,-0.6332665,-4.0103564,2.4868083,4.13138,16.865301,0.85134465,1.8019378,-2.9259346,5.5179877,-3.0448973,-0.9630253,0.42070615,17.769272,0.8609374,-0.6689506,1.7400804,1.3741697,0.08324473,1.2550192,-2.543127,-0.024755042,-0.22837548,0.94741005,5.0938144,0.95788616,-0.8354662,3.8361266,-4.3773193,0.5033213,1.314004,-3.367447,-4.6492343,-15.8786,2.9020207,0.45439637,1.5160011,-4.72524,7.3582754,-0.96188915,-0.2814103,2.2211142,-3.4069383,2.5764964,-0.25335622,3.1280093,0.7977137,0.93398285,0.45035797,2.1777956,-1.3893548,14.998944,6.5424957,3.4228132,-5.36263,1.3269314,-0.464176,2.8218064,-2.7046285,-0.23144491,2.1289794,-14.04318,0.562109,7.7917285,-0.6104402,0.5052726,1.1441029,9.44074,-0.9853524,1.147132,-1.6018713,-1.2606996,-2.863287,-4.692713,4.5569406,-3.6325786,1.7331771,3.127369,1.4004097,1.3702896,-1.3362557,-0.4344361,-1.4993174,1.0107218,0.41327554,-1.0233594,-12.793672,-2.223118,-0.36933908,1.8114117,-2.797386,-11.458287,3.8461902,1.3400934,0.020985728,2.8480232,-0.8257154,7.5428195,1.1198391,-6.652933,-2.319388,2.9005737,-5.1898437,-1.1794838,1.044865,1.9332207,1.1149684,2.314272,1.4408649,-4.386754,0.492649,0.44843832,-1.0630022,3.1580126,1.6279687,-0.2753681,-6.420803,0.1655809,6.8795033,-2.3767614,-19.827923,-1.0379231,-1.2172217,3.8540819,-2.405285,-0.057102785,-1.5283855,-3.4698067,-3.4149504,-3.9469216,-13.631027,-0.6922131,-0.27160385,2.9020133,-2.345628,-0.22977877,3.7660944,-0.7966047,19.59999,2.6954508,-0.94348663,2.9830036,0.80669063,-0.23470716,-2.037439,8.46887,0.43425053,2.5264797,0.28038302,20.286402,-2.689252,0.18820518,3.8260884,-5.737671,-4.62692,-0.22578518,-1.556783,1.7374518,0.32078204,-15.276165,-10.505756,2.5499654,-1.263338,2.8431492,-0.65975755,-4.115776,1.8621693,-12.648495,4.7518506,-0.9223495,-1.9167839,-4.1798024,-16.314274,1.3134559,7.152464,-16.80376,8.026033,4.7505813,-7.0249553,5.163213,-0.4171653,-1.4626445,0.21231431,1.0112821,-2.6286964,0.60584813,-0.4286245,1.2685661,4.2170086,0.34637284,-12.078623,2.4539027,-0.28854305,5.9263225,0.96668744,-0.976496,-0.879812,3.391591,5.21168,0.75764567,1.2825676,2.1166115,0.6551105,10.654177,0.60057163,7.501256,-6.0139737,-1.5427468,0.72856146,-0.4488399,-1.9455903,-4.3852544,3.256644,4.9197593,-1.38704,-0.17788447,0.35220614,3.0565379,2.2504036,-0.67140514,-1.1240196,-2.1398258,-1.316594,1.2320542,1.4861411,3.6440136,-1.7463909,-1.9831189,1.3103815,-2.3500571,-2.6485498,-1.4031472,-2.1312332,-1.8738507,-3.5379956,4.7245946,2.6779938,-1.7055498,3.0683498,-12.727759,0.788444,24.938877,-1.7582642,-1.8301864,0.4806195,-4.0728445,PD,data/Images/PPMI_Images_PD/101221/Reconstructed_DaTSCAN/2021-04-22_15_35_37.0/I1474389/PPMI_101221_NM_Reconstructed_DaTSCAN_Br_20210727201716827_1_S1046854_I1474389.dcm,101221,Validation,SC,51.2,IA88640,SCREEN,03/2021,0.0,0.0,0.0,01/1970,0.0,0.0,,,,,,,,1.0,1.0,0.0,0.0,0.0,0.0,0.0,1.0,0.0,06/2022,2022-06-09 00:00:00.0,2.0,123I-DaTscan,04/2021,2.08,1.57,1.12,0.76,1.5,1.07,Yes,,,0.29420539248852046,-0.8774760380739577,-0.20982213813136735,0
-0.43160346,-23.078926,3.9999063,-5.7377114,-5.1326804,-2.502272,-1.208787,-0.75497735,-5.4726653,-6.418488,-5.645271,0.2170987,-0.5203866,-1.0192491,-0.38321856,17.067928,-0.46553615,-2.0590522,-0.30748022,11.965741,-3.8820977,-1.3575224,-1.5056695,11.996724,-0.43302277,-0.5202206,0.44976276,-1.1551067,4.968101,-3.081708,3.2326806,-3.1322136,-3.899604,-0.37182385,0.9924911,0.038078036,0.46560177,3.1555135,-0.53410524,2.6126993,-4.5769353,1.9929363,7.405788,-12.264106,-1.113982,1.0227113,-3.5008976,-0.47597423,8.751903,1.3962723,-0.9497856,4.1510005,1.8175083,-5.838159,-2.8354428,-0.04630267,-1.956937,3.4189205,-4.6100693,4.7935405,-1.6722887,23.05134,12.042834,-0.8851737,-8.695409,3.8651662,-3.300274,0.33164385,2.0588198,1.8948221,4.297337,-13.403595,-0.56547636,7.1025386,0.49698743,-0.18384214,4.076334,4.566963,-0.9278345,-1.0523274,-0.5157247,-5.9864035,-4.91362,-4.92832,-4.7610025,-8.759191,3.6421018,0.9914432,-4.32155,4.919016,-2.3509607,0.9685464,-2.800305,-2.9137042,-2.0830526,0.5591059,-6.154592,-0.46926886,5.7020755,3.283132,-0.9533836,-19.265368,-2.3906393,-0.77309895,-1.4560254,-4.399161,-3.2046142,4.4462013,-0.4452111,0.8304279,2.46551,4.308199,-2.4836252,-4.4782205,2.0934198,5.341762,1.2665269,3.318493,-1.008701,-1.1275097,-3.6012366,-2.1488848,0.33206362,1.6518011,-2.993111,-4.8007207,-4.5580096,0.8276838,5.8601465,-2.453433,-22.412354,3.6210237,4.1726384,12.174254,-5.7247252,-3.0725875,-5.2268476,-0.54947764,3.3998218,-1.7767587,-15.2162285,0.19998139,3.3491824,-4.6480536,-2.4254704,-0.19092488,4.6417317,3.8402023,21.849815,0.97132987,-6.37389,3.3832,-3.5964231,-0.9765081,0.60965055,11.381223,-1.9149548,1.8569467,2.4432309,15.777063,-1.9307609,2.3996239,4.512346,-0.39716628,-6.17583,5.088031,7.7716827,0.9565312,1.7422614,-14.175441,-11.94525,0.49891147,-1.5631217,-0.858109,0.6234638,-2.5813484,2.1278248,-12.692931,2.4041817,0.6699114,0.13779886,-1.33229,-19.063572,-1.3113521,1.9460799,-5.669843,10.019021,-3.7214015,3.423434,5.017792,-0.4345946,1.3733137,-2.700371,0.72695434,3.4236863,-1.5999528,-0.37996918,0.5725336,-6.8171897,-2.6074684,-11.53297,-1.7915556,-1.9049077,7.0434403,2.7353945,-0.99122036,-6.165877,-1.0853722,-1.8071308,0.17963214,1.341878,-0.05633655,-3.0285785,9.176033,2.3365574,2.9954658,-4.4572783,-4.052183,0.37388754,-4.2424197,3.9435077,-4.89672,4.5440316,-5.3516526,-6.321611,-1.1497587,5.8146825,1.8434746,1.5345056,3.4705293,-1.4241171,-5.07278,-0.8683106,0.323253,2.1183887,-1.2781091,-1.828653,1.819381,-5.895972,1.1000191,-0.042843893,1.0632757,2.15659,-0.8668692,1.5180818,3.3193438,0.9040977,-0.453035,4.313382,-7.614193,0.96563655,22.317724,-2.2795696,2.182198,4.671538,1.0740705,PD,data/Images/PPMI_Images_PD/101295/Reconstructed_DaTSCAN/2022-08-05_14_24_28.0/I1616056/PPMI_101295_NM_Reconstructed_DaTSCAN_Br_20220825150238974_1_S1155466_I1616056.dcm,101295,Validation,SC,65.0,IA87223,SCREEN,04/2021,0.0,0.0,0.0,04/1956,1.0,,,,,,,,,1.0,0.0,0.0,0.0,0.0,0.0,0.0,1.0,0.0,04/2021,2021-04-27 00:00:00.0,2.0,123I-DaTscan,04/2021,1.98,2.19,0.83,1.37,1.33,1.65,Yes,,,1.1920705833949174,0.8566534891041594,-0.20059836079681498,0
4.098387,-30.954529,-1.7358257,-10.026865,-2.3141575,-8.928296,-1.0995823,6.818185,2.695583,5.257278,0.42677498,-2.228194,-1.1068565,-7.264338,-3.9877596,17.286144,0.66867816,-1.22118,3.339121,15.861352,2.6453357,-1.6973891,7.5158243,14.075969,-2.085987,0.33573318,6.6774855,-5.094249,-0.1914827,0.879604,1.9905367,0.06353938,-1.3773407,0.83703166,-3.7991843,0.6903386,0.15244995,1.405808,-2.8162944,-0.20907128,4.2343426,3.4216413,7.197862,-17.423655,-0.005394397,3.5070927,-2.915311,-2.0664132,11.706145,8.750411,5.719437,4.4383826,-1.2722218,-1.6827099,0.0851751,-4.5166655,1.0485581,4.9127374,-6.5300374,3.4425876,0.47492665,22.91929,5.357824,0.6606334,-6.872801,2.1856852,0.518944,3.8278377,4.867864,7.2721057,2.6038375,-13.008128,-2.6278982,-5.043269,1.4331417,-1.7803302,8.624147,2.7706428,5.0193067,-4.751596,1.4890647,-1.0843779,7.3141575,-3.4381409,4.989407,-13.068586,-0.29104558,3.2325609,-6.078427,1.8238306,-0.7644732,4.91316,-0.43663397,-15.529148,-0.9482689,0.40236002,-11.163919,1.0134945,4.9427614,2.5227878,1.8395677,-20.135466,-0.40392408,0.63778603,-0.45784077,-3.265637,-2.8780382,-5.1516027,-0.54134744,-3.0571632,-2.4940603,9.502779,-8.20036,-3.904583,-0.302882,9.495226,5.306464,9.033321,-0.84603715,-3.760349,-4.3491626,2.6434076,0.4162795,-4.759344,-2.841193,-2.3087528,-7.9632397,-2.0705032,5.0852785,3.488747,-26.389238,-6.848018,3.3553956,17.45093,0.91027737,-2.4321716,-0.514656,1.1922204,-1.4114031,-0.9448201,-15.33284,1.9812694,-0.679064,-2.3093898,2.7726674,-1.4807581,6.8344336,2.4164793,13.740778,-4.0645585,-0.48064017,-1.2370292,5.4436655,0.5301387,0.91559744,12.190596,4.754472,-1.1800939,-1.2354572,20.345707,-9.079034,1.168944,3.6089392,-10.468864,-7.3607864,2.665568,6.2452188,2.6686516,2.2631283,-13.902362,-11.943308,6.017119,3.204701,-5.1778793,4.1372886,0.5845407,-4.1713285,-7.293508,-0.6149322,-1.4471823,-10.591774,-4.7160025,-18.528864,-3.8371084,1.7916836,-12.758531,4.698544,2.1918736,-1.4274257,6.143489,-2.5382676,2.329558,-0.87412703,-2.100096,-1.868508,0.028453432,-7.896334,4.4463463,-0.66011333,-1.2243847,-12.583208,-2.1268919,1.3441211,10.051122,0.5386412,-3.5327895,-1.8741446,5.677485,-1.7360455,3.112666,1.22496,-1.750912,-0.36731926,5.9755044,4.731672,7.3065643,-0.24392791,1.6822925,3.9850292,0.40114906,3.0510502,-9.56278,0.97212434,-1.1933917,-3.029209,-1.0393047,0.039686263,6.426036,1.1615214,-5.1215878,-2.9434607,-3.8595052,-5.264262,-4.369848,-0.2597362,-8.3892,-1.599388,-5.1044044,-0.37558818,1.5491743,3.1995223,2.5725448,-0.43566346,-4.8900614,-0.22692364,-2.703307,-0.53656816,2.6705818,13.327646,-13.982218,-0.8950575,25.069963,5.5585346,-0.51203495,3.8653038,3.2372127,PD,data/Images/PPMI_Images_PD/101329/Reconstructed_DaTSCAN/2021-05-11_16_00_35.0/I1474396/PPMI_101329_NM_Reconstructed_DaTSCAN_Br_20210727202117979_1_S1046861_I1474396.dcm,101329,Validation,SC,35.0,IA87275,SCREEN,04/2021,0.0,0.0,0.0,04/1986,1.0,,,,,,,,,1.0,0.0,0.0,0.0,0.0,0.0,0.0,1.0,0.0,12/2021,2021-12-09 00:00:00.0,2.0,123I-DaTscan,05/2021,3.24,3.88,1.04,1.12,2.11,2.26,Yes,,,3.937769348156308,0.6840823448550257,2.078966158760206,0
-0.14980778,-18.590286,3.0802886,-3.2958505,-2.2934742,-1.2939595,-0.14116281,1.478523,6.4742436,0.028197015,2.0443923,-0.06774854,1.4301647,-0.6347162,0.7618416,16.121994,0.6046216,0.55688846,1.1037092,6.0783834,-0.6444116,-4.51424,-3.6030142,17.342766,1.2770969,-1.7299465,-4.445225,0.8419292,0.9431885,-7.4027596,0.096881315,1.1791383,-0.96812195,4.610416,6.8194933,3.9319453,-0.8738642,1.914764,1.4534547,5.1386375,2.8536003,-3.8373747,3.2751133,-13.455233,-2.3612256,-0.15049933,-0.95366323,-2.9689233,2.370022,-1.8891819,0.976988,0.24755897,-0.31655845,0.07114388,0.060916454,2.1565218,4.4711304,0.7199552,-1.8019905,3.6884673,1.2507484,19.547182,4.5144296,2.3157134,-10.043235,1.330903,-1.2373891,4.442298,-1.5989729,1.3753831,-1.3207608,-7.200239,-3.1672325,5.1418376,0.5182719,-0.5980827,2.5911756,9.795492,-5.4870887,1.0860289,-2.0297008,-0.5592788,-2.933245,-7.7318225,-1.1529083,-11.527751,1.5344352,-4.303308,0.45032388,0.49084282,-2.3068643,-2.6491873,-0.9939074,-1.0351743,2.6072605,-1.7297665,-11.356962,-2.2827625,-0.116352305,-2.6612036,-0.89539844,-9.232407,2.935704,-0.8313923,-0.13810916,3.9463363,-0.27141586,8.426199,-1.0167934,-4.1634665,4.8190994,-0.26855496,-0.18608327,-1.5872619,-3.0806782,0.061153132,1.8455281,-1.3028826,-0.29108596,-0.8292178,-0.8239588,-0.75157255,0.4795321,-1.5521823,1.4529911,-1.60514,-2.7103465,-0.2736821,7.1532755,2.138674,-17.36243,-1.1713245,-0.45801887,5.4531956,-1.0956018,0.10919916,-0.38335222,-3.0477066,1.6149932,0.101936825,-18.299345,-1.6848686,-1.4387629,-2.366754,-3.4194105,-2.2889435,0.097200006,-0.92816293,19.874447,1.858483,0.6992087,1.4923244,-1.5178206,-5.0809765,-0.71862334,8.701934,1.7807149,-2.348729,0.32087266,21.212626,-1.1826133,1.7246232,2.0367234,-6.2174006,-2.3981671,-0.0072034923,-2.9104793,-0.6132012,1.3797097,-14.90025,-12.371274,3.2715147,-3.6187778,0.085972816,-1.9781803,-1.8966718,5.8311296,-15.783389,3.2136989,-0.7241263,-1.794179,-4.5138226,-16.776644,2.9088287,3.826671,-12.005162,7.2693386,0.3786553,-0.8065511,4.0050597,0.070240706,-3.2748709,2.4880145,0.1579147,-3.9872591,-0.797536,5.864013,-1.9919729,3.0649064,-0.8399527,-10.792315,-0.33439308,1.0635462,8.127709,-1.9622132,6.0995235,1.7863,7.712438,1.4657321,4.3872156,0.6264938,-3.180058,0.07724393,6.081527,-1.5024093,6.305485,-5.7817163,-3.1132212,0.8134467,-1.569014,0.33970106,-0.3633674,0.4673305,4.1512065,-3.0010123,-1.7057637,-0.12199709,-1.1056607,0.64836115,0.08528644,-1.7573266,0.58413106,1.73707,0.5932752,2.3619661,2.2994955,-3.8955755,-2.00247,0.5459691,-7.213826,-1.5383044,3.397016,0.3478636,-1.435139,0.03788683,-1.8388736,-0.48409158,-2.2178223,0.95013803,-7.9396605,1.1256168,24.432356,0.23657829,1.191903,-2.0396972,-2.428464,PD,data/Images/PPMI_Images_PD/101492/Reconstructed_DaTSCAN/2021-04-27_12_00_56.0/I1474401/PPMI_101492_NM_Reconstructed_DaTSCAN_Br_20210727202416233_1_S1046866_I1474401.dcm,101492,Validation,SC,44.2,IA88819,SCREEN,04/2021,0.0,0.0,0.0,01/1977,1.0,,,,,,,,,1.0,0.0,0.0,0.0,0.0,0.0,0.0,1.0,0.0,04/2021,2021-04-29 00:00:00.0,2.0,123I-DaTscan,04/2021,2.15,1.58,1.43,0.69,1.94,1.13,Yes,,,0.8860159849110281,-1.5042666661502744,-0.3832340100761942,0
2.4877696,-19.254229,4.793227,-2.9254563,0.106975995,0.67524785,1.60027,1.9402168,0.64148974,-0.9723492,2.2855308,1.5098904,-3.2170565,3.0251195,-0.4958349,16.155518,-1.569058,4.1929035,2.0961232,2.1247177,-2.1429703,0.5037451,1.2593261,14.610976,-0.025478398,1.4006238,0.8624313,0.6100548,3.6976347,-4.3013535,2.8569872,-0.7193813,1.3024477,-1.581147,3.3225384,0.12813719,1.3039863,0.10511806,-2.373365,-1.1723104,-0.3773418,-1.1761528,0.58567876,-17.481565,-5.403675,2.0901926,1.0416315,2.925422,9.612873,-2.0102117,3.9001532,0.08903652,0.49024785,3.3449023,2.6067076,0.704416,2.701811,0.3652565,-0.54912233,0.86391956,3.8538551,19.61615,2.3255723,0.16227874,-7.7874584,1.3556019,-1.9028682,1.0456121,-0.704168,-1.7792702,-0.71389115,-7.5978093,-2.1692433,7.3164563,-0.575707,-1.330299,0.6976212,8.111594,-2.1493843,0.4101926,-3.3859982,-3.950109,-4.6144776,-3.7950914,-0.2818797,-6.906843,1.7312456,2.4597728,3.25421,0.43497688,0.46163154,1.6577902,-0.34342462,0.52730006,-1.1093241,0.1865771,-9.354351,-3.0721087,3.4157596,-0.37915325,2.046712,-9.376781,1.9791672,2.6661413,-1.817482,1.0328076,-3.1981218,6.9522834,-0.60820544,-7.1262617,5.0835304,1.7597164,-3.984579,1.8558458,-0.9031657,0.62519616,1.479683,2.7408016,1.2167441,-2.8493102,-0.13979696,-1.0494331,0.53820497,0.85074216,1.9347793,-1.4595056,-6.0904593,1.8840008,7.221813,-2.0219014,-18.169823,-2.048263,0.7741843,5.426875,-2.5198648,-1.7946454,-7.514116,-3.8886986,-0.64558864,-1.1449838,-15.9716625,-2.9408844,1.9819361,0.04715912,-1.9514165,-3.8993652,-0.45835277,1.935283,20.840834,4.769941,-2.8857977,2.2778378,1.4835495,-2.1055813,0.8446323,6.3740935,-1.8653084,-0.69477713,2.4255927,13.481356,1.9586984,-0.08328719,4.383198,-4.628622,-1.9412137,1.5047843,-3.7800057,4.0901256,1.8838336,-13.3952,-14.060516,-1.2141217,-1.0944577,1.7192312,-1.5604984,-0.2964022,2.7076552,-15.467652,0.78310394,-2.0779145,-3.2994926,-6.430414,-17.393127,0.010563644,0.11387327,-16.6317,9.732478,1.4100729,-2.0515223,2.034087,0.058575425,-2.0310721,1.736557,1.6424811,-3.775735,-2.7109919,-0.120499685,1.1092229,3.6110866,-3.0552287,-12.6141205,-0.54322296,3.5243201,8.079726,-1.1609085,-1.8292131,1.2127838,4.110807,0.7999326,2.4410224,-0.55168915,0.3995587,3.4482615,8.681467,1.01464,4.5386677,-5.807853,-2.261943,0.4722351,-4.2971177,-0.47964734,-2.164257,0.37423658,1.6053615,-6.446341,0.15638049,-1.2179044,2.0890014,-1.1157553,-1.7513088,-4.6452193,-1.7570496,-3.6254284,-2.6068547,2.2735097,3.5194201,-1.4677805,-3.6046295,-0.41521987,-2.9377134,-3.4766986,0.2995239,-3.4254436,-2.428012,1.7351522,1.9824367,-1.1160448,-3.402383,3.7077036,-8.429523,-0.7235151,23.462461,0.7694702,-0.36507362,-1.3047842,-5.0859733,PD,data/Images/PPMI_Images_PD/101513/Reconstructed_DaTSCAN/2021-04-29_13_31_08.0/I1474402/PPMI_101513_NM_Reconstructed_DaTSCAN_Br_20210727202448947_1_S1046867_I1474402.dcm,101513,Validation,SC,71.7,IA87559,SCREEN,04/2021,0.0,0.0,0.0,08/1949,1.0,,,,,,,,,1.0,0.0,0.0,0.0,0.0,0.0,0.0,1.0,0.0,05/2021,2021-05-04 00:00:00.0,2.0,123I-DaTscan,04/2021,1.75,1.57,1.14,0.8,1.45,1.16,Yes,,,0.17648111377505685,-0.5828438736527373,-0.5293487892895551,0
-0.8461516,-21.370876,0.9698999,-2.2157025,2.6019964,-1.865194,-0.3620821,6.5300274,0.0847941,2.6911862,-0.89870507,0.6654919,0.31745797,-1.2939351,-1.6648324,12.70267,0.015748259,0.41246846,-0.1421109,11.40068,1.7088442,-1.7483264,0.72586673,16.229046,0.52732486,-1.9964256,2.277865,0.17077295,-0.71667874,-0.6089972,1.0852748,2.5105643,-1.0334395,-0.117642574,5.7886596,8.404702,5.260017,1.8487995,-0.024378339,2.7005968,-3.3742945,-0.09499842,3.317722,-20.720877,-3.3063285,0.84493285,-0.9555174,-2.7147067,6.0822434,-2.9517646,-3.0823925,0.926543,-0.069981635,3.3717782,2.366185,-3.1069946,5.243053,2.681612,-1.7409486,5.194372,0.32772258,22.517809,5.4975595,1.9152106,-11.436379,3.034349,1.2365044,-0.18413688,-0.2164838,0.5849334,0.6566637,-10.325113,0.3471433,0.7665113,3.1041615,-0.21318004,-1.7100552,5.050729,0.47759855,3.1097095,-2.2359116,0.0155779915,-5.260907,-4.3963046,-0.7063078,-8.563234,0.057180773,-2.5295684,1.0260218,-1.4683554,-2.7954106,0.2963447,-4.90434,-6.0543284,0.35273412,-3.2836986,-15.1866455,4.26187,0.36039844,0.54495186,-3.0981936,-11.937957,-0.6349177,-5.7575717,-0.7487946,-1.4238268,-3.6878502,7.574674,0.45742753,-4.256376,2.920621,2.0644324,-0.2498154,0.70625174,1.0076258,4.1854105,6.9738855,1.3754041,-1.6872313,0.05184209,0.22901951,0.076736964,-0.5852763,-0.7115851,6.78036,-4.236926,-5.2112837,-3.8710537,10.773575,0.84404355,-23.795444,-2.179162,6.1120667,9.789907,1.2610945,-2.4517186,-5.570611,-1.0841458,-0.36042717,-2.4094012,-18.368885,-0.47395587,-1.7735374,0.36521006,-10.864334,0.8819061,0.9287206,2.9628181,18.569752,2.3148746,-3.4706702,-0.21653932,-3.2529151,-1.0001311,-1.3571982,9.560313,-1.8706346,-0.99331963,-1.4367697,19.767038,-4.608787,1.5600368,-0.2717756,-9.935669,-1.1420594,0.69616634,-1.0318805,1.0938582,0.32959452,-11.956749,-6.649571,-1.8231193,-4.448508,1.4765745,0.77467126,0.06396689,1.3505827,-16.47479,-1.4227109,-3.8983822,0.6453794,-5.2858467,-22.059368,-2.5282037,2.8642251,-7.671171,11.284107,0.08503696,0.8084138,2.8596916,-1.613084,-1.3829905,-2.3947597,-1.0404882,0.037605584,-0.64458585,-0.4799911,1.9544895,0.5372398,-1.5242443,-10.3818035,2.4486835,-0.3800075,5.2052407,0.9072626,1.3253038,4.9660606,0.6748676,0.06815348,-0.7824823,0.32880607,-2.0169861,2.898078,5.5413003,-0.17881197,5.135729,-8.98246,-3.397531,1.3641748,-3.791037,-3.9350755,-8.958984,2.2871099,1.8136972,-2.802959,-0.32498154,-1.8282458,-3.4816048,2.494186,-2.9684572,-2.4658155,3.076303,-2.5156934,2.5401373,1.3499609,-3.906137,-1.7171302,0.8499835,-2.5027132,-2.8924253,-1.5195879,-1.8385563,-0.21674538,-0.3646522,-2.6242058,-1.464361,-2.14286,1.4548026,4.2297454,-12.084092,0.6659946,22.732325,2.695907,-2.2406476,0.84026545,-0.84228504,PD,data/Images/PPMI_Images_PD/101516/Reconstructed_DaTSCAN/2022-06-09_14_46_34.0/I1616059/PPMI_101516_NM_Reconstructed_DaTSCAN_Br_20220825150322799_1_S1155481_I1616059.dcm,101516,Validation,SC,69.9,IA88321,SCREEN,04/2021,0.0,0.0,0.0,06/1951,0.0,0.0,,,,,,,,1.0,0.0,0.0,0.0,0.0,0.0,0.0,1.0,0.0,05/2021,2021-05-27 00:00:00.0,2.0,123I-DaTscan,04/2021,2.68,1.73,1.19,0.73,1.9,1.16,Yes,,,1.132239115719391,-1.4045336665580628,0.3140618122325801,0
2.3117561,-33.255577,-0.6566643,-1.7706045,-6.209521,-9.979372,-1.2743483,-3.4144063,-1.6221739,-0.8678305,-3.2278082,2.8247921,-2.7940304,-0.8424396,-3.0005746,16.234472,1.554636,2.840844,4.111834,11.100031,-2.0816038,-2.318113,0.33256635,11.566596,5.982475,1.3358258,4.188575,7.312955,-2.1524482,2.1840692,4.8574643,-5.518353,2.6733184,1.8478302,5.847889,3.0105834,2.3235543,1.3138123,0.58664685,3.7708292,-5.667778,-1.2465389,0.5492381,-14.103825,-3.4598339,5.7671437,-4.0589056,1.5012375,8.159204,4.844051,-6.920939,0.40843093,-0.99202454,-2.4998634,-0.91971767,-4.7936273,0.8669425,1.1858748,2.6274471,0.86682063,-0.34348708,29.695772,4.3954997,0.6595108,-8.664197,1.2555062,-1.5211518,1.4610189,1.6861025,-1.087656,-0.7149111,-10.544287,-0.61243457,1.2229053,0.9517054,-0.07131235,0.4286881,8.394932,-1.0408304,-8.35735,-3.4894984,-1.7562941,0.13059145,-5.184895,-4.382141,-8.752838,1.1284143,1.5334322,1.929914,-0.56605697,-2.4459243,-1.6963015,4.327848,-8.283972,5.772983,-2.332507,-11.636164,3.905612,-2.3487206,-0.8890068,3.4588392,-10.908298,4.6838193,2.3763971,1.4131237,-4.2791033,-4.0706906,8.455496,2.0183108,3.4069614,1.0305772,2.9324703,1.4490619,-3.763458,-2.4419844,-6.0631485,8.885616,6.3444157,-2.9619944,1.2260883,0.6001904,-3.127168,-2.8959227,-1.4706416,3.4231367,-2.203003,-2.3547308,2.2870092,5.58365,1.06957,-19.282787,1.5732807,1.2268742,7.492937,-5.373683,-5.302063,-1.9741182,-0.70379454,1.740798,0.51811963,-13.153151,-3.2877014,-2.190289,-2.272435,-2.9234307,1.1034967,-1.7908388,2.7038898,23.54469,2.3662014,-3.5150504,1.1463978,3.3544195,-0.8157554,0.5789351,12.8944,0.6036068,-5.7873693,2.834852,21.77527,4.7565603,1.9616019,3.5807905,2.1480842,-0.828819,-4.6580863,0.41913727,-0.85118437,4.941516,-13.789157,-12.297226,-0.7335086,-4.576342,-3.4255419,-1.9985621,-1.5573232,-1.7719244,-18.418901,0.074420534,-3.7330241,0.3003228,-1.3810595,-17.743206,-1.0981303,2.0659654,-12.621392,14.413166,-3.1781251,5.761847,-2.9641948,-0.63326776,0.7416873,-0.4914933,2.5057175,2.097377,3.6162343,2.609787,-3.2157795,3.2152154,-1.9619458,-6.83109,-0.6314025,2.347519,2.9887388,0.018303107,-2.7069457,-2.8008933,2.023852,2.6334121,5.84483,-5.3301826,-0.5604633,-0.17735422,3.8862019,-4.1016607,4.0207396,-5.495962,3.4934943,-4.7241564,3.472224,0.7786692,-6.4617214,0.5216736,-0.9163606,-3.786233,-1.9027628,2.1450799,1.1898961,6.3306403,1.0022501,-7.450756,3.5402846,0.089706264,-3.9145703,1.8716093,0.6534732,-5.4826365,0.22825333,0.41575128,-0.9640158,-1.611229,-2.5158188,-0.39902532,0.51612115,-3.7600296,-1.687422,-3.439619,-4.0601616,3.1956627,-14.044327,1.968003,22.957102,0.073210455,-1.080795,1.6254575,-0.1854773,PD,data/Images/PPMI_Images_PD/101588/Reconstructed_DaTSCAN/2021-05-06_13_44_56.0/I1474406/PPMI_101588_NM_Reconstructed_DaTSCAN_Br_20210727202658342_1_S1045592_I1474406.dcm,101588,Validation,SC,66.2,IA87139,SCREEN,05/2021,0.0,0.0,0.0,02/1955,1.0,,,,,,,,,1.0,0.0,0.0,0.0,0.0,0.0,0.0,1.0,0.0,05/2021,2021-05-12 00:00:00.0,2.0,123I-DaTscan,05/2021,2.67,2.63,1.72,2.05,2.17,2.44,Yes,,,4.315209805087094,0.5548474284804129,-0.9218733671979816,0
-3.8410661,-14.461592,1.3261822,-1.1629606,-1.8119304,7.1967344,-0.86684287,-0.64896095,-1.9346602,-5.2684927,-1.6664774,0.45860106,-3.6317284,-0.7577232,-1.012695,14.75452,0.29779276,1.9077259,-1.7953848,8.008113,0.934496,-0.22100428,-1.7280236,17.940493,1.2062193,4.932145,-2.6806626,-2.276058,-2.1048331,1.9887325,1.9254435,-0.67143714,-2.7720535,2.3342226,8.77056,5.8770127,-0.10714761,3.1225317,-1.8140559,-2.0256546,-1.4695213,-1.7785622,-2.3785768,-16.134142,-5.2738004,-0.086333916,-2.0852158,-2.1880264,4.8121724,1.0041543,-0.22004698,1.1972642,-4.2864957,0.18491998,-2.4208367,0.33767667,1.3047687,1.4808421,-3.087453,2.1037743,-1.6618235,17.301615,7.8205156,1.7014452,-4.386108,2.1011622,-3.008683,1.905736,-1.0914216,3.2928545,-2.4565566,-9.235675,-3.4195976,10.933189,-2.6023386,1.860188,2.8559,6.351325,-1.5393559,3.3514464,-0.15292451,0.054255847,-0.9712985,-3.7959216,3.5106244,-5.198885,0.43916282,3.940097,-0.8631739,2.958083,-1.8168592,-0.2665625,-2.863566,4.1531997,0.46491826,1.1583029,-8.097001,-0.14114821,-0.72328734,4.122354,1.915704,-7.8877926,2.4282386,3.1468165,2.3651345,-1.5299674,1.4701468,5.1510453,-0.99215806,-6.2855864,4.859444,0.81109,-2.105997,0.72540545,-0.6606659,-2.404197,-1.5745546,2.0832262,-2.1992242,-1.4197279,2.2098365,0.43360195,1.6614294,-2.7195745,3.29559,-0.7581781,-5.773171,-2.2440362,5.4538794,-1.1333573,-20.923225,1.5321858,1.2654881,10.975452,-2.0409136,-2.6307256,-6.2334146,-1.5357451,2.7062812,1.3270165,-15.42678,-1.4072266,-1.458426,-0.96761495,-1.6747323,1.7317512,2.8628647,1.2809161,23.933088,0.7790512,-1.0120965,1.0771946,3.513476,-1.684852,-0.008167978,5.5744624,-3.084273,-4.62294,2.776184,14.885157,1.1750876,1.1906816,-2.5267081,-2.8133183,-2.1523685,-2.4404938,-0.8013527,0.8772745,1.0749452,-16.548824,-17.559261,0.4172672,0.14668567,6.5119143,-0.2795444,-3.9324582,3.1038527,-13.134124,0.6309424,-2.116005,-0.8811938,-8.723354,-13.406065,-0.12736897,1.6726542,-11.912271,9.6092615,2.7163863,-1.690259,1.8048594,0.29104123,0.8896965,1.2061839,1.476214,-3.8971446,-2.7472875,-0.96840644,-0.24631725,2.9805129,0.82567626,-10.507893,1.3843303,-2.6884274,6.111674,-1.3118597,1.2357869,-2.6686077,2.8425376,2.0782428,0.88152754,-1.5242716,-1.1888514,3.0622861,10.909254,-0.901385,3.5175114,-6.3746533,-5.473083,-0.12216595,-4.878353,-2.8332357,-6.582162,-1.19345,0.47445,-0.8450757,1.9375516,-0.9889576,4.0480266,2.4262066,-0.9802796,0.44353136,-0.64526296,3.957656,1.2801824,2.6803677,2.026492,-2.0271227,-0.5737875,-5.142451,-0.96474963,-3.0581224,0.6018762,-1.0622597,-1.4130641,-0.72839093,-0.9372601,1.5268837,1.0464146,2.3015897,-4.588136,4.2058063,14.574053,-0.18196906,0.9198176,5.1583095,-3.3530207,PD,data/Images/PPMI_Images_PD/101675/Reconstructed_DaTSCAN/2022-09-28_14_55_50.0/I1644811/PPMI_101675_NM_Reconstructed_DaTSCAN_Br_20221123121141272_1_S1177869_I1644811.dcm,101675,Validation,SC,75.0,IA88056,SCREEN,04/2021,0.0,0.0,0.0,04/1946,0.0,0.0,,,,,,,,1.0,0.0,0.0,0.0,0.0,0.0,0.0,1.0,0.0,07/2021,2021-07-28 00:00:00.0,2.0,123I-DaTscan,01/2021,1.62,1.65,0.62,0.7,1.04,1.0,Yes,,,-0.7549866135398626,0.06559706026258882,0.035995380343472994,0
0.5214598,-20.154236,5.44357,0.28369635,2.1656375,-3.0830371,0.7010898,-0.29686916,3.2319949,-2.761187,0.7761057,0.9774111,2.7985697,-1.6770331,0.24794625,15.096438,1.1182016,-2.9043148,-1.0903728,19.058578,0.9850831,-0.32690918,1.9449432,16.350695,2.2463849,-1.7782031,1.5011656,-1.3849934,-3.685967,1.834885,0.49069238,2.0713048,-2.304388,0.596266,3.8042617,-3.402236,-0.34611776,1.2471211,-0.9676979,3.3039389,1.6002061,-2.3946247,-2.1498392,-18.765673,1.8964249,-1.163615,1.1596135,-2.2564127,2.963199,0.23815908,0.92191917,0.49282995,0.050696313,4.1562743,2.992118,5.596188,3.264496,-2.9106812,-3.0575466,-4.239913,-1.0079253,19.275856,3.711792,2.4851637,-4.9228945,-1.584585,-0.45265484,-1.0278519,-2.599011,0.08936785,2.682322,-12.284684,0.37656325,-1.8962992,2.9458027,-1.1526409,1.9292203,8.016127,-0.81101364,1.411409,3.2167742,1.3131057,-6.979857,-4.5460954,0.24865781,-2.7648451,-2.8990498,-8.109366,-4.259125,0.3912572,0.6129987,-3.3631146,-1.8001654,-4.391888,-4.875724,-0.9156239,-12.43795,0.5160718,0.9576231,0.20210904,3.1298993,-15.149347,-1.1384802,0.7444892,2.4636664,-1.196078,3.325365,6.6195297,2.2703054,-5.6312075,-2.9174936,0.2723192,-3.0717356,-4.4198127,-3.2502482,0.3659918,-0.21453556,0.1307365,-1.1808612,-4.230258,2.2784574,-0.7110054,3.0410817,-0.69392073,2.681736,-2.314312,-3.6355448,-3.6809006,8.042594,2.3004057,-28.9057,0.2826008,-2.9507916,8.497961,-2.877662,-0.86036503,-1.3569794,5.2455964,1.364299,-0.67815626,-16.09383,-0.51876974,3.4250379,-3.760148,0.7957599,0.61467856,3.0462134,2.2055864,17.219463,7.6055784,-2.5943499,4.5531735,-0.24280101,-0.017963208,4.6927466,9.299136,-4.910551,-4.126305,1.0721829,21.389624,-5.65706,0.6342988,-0.97166234,-6.0464926,-0.3274141,-3.4261808,1.2080567,3.6238353,1.3524537,-14.204634,-10.7476845,0.25477284,-2.1618555,-2.1199768,-3.7162654,1.4624246,3.450336,-8.668802,2.810789,-2.4026325,1.4560884,-10.368565,-22.761497,0.47589716,0.64723873,-12.963027,4.319514,5.8160114,-3.728182,2.7223282,-1.3314092,0.050506,-4.9252925,2.7448304,-6.0216947,0.71997434,-0.6182667,3.5189965,0.78336376,0.016647901,-14.476944,2.4367328,0.9777424,2.7497754,1.5818627,1.0174984,-2.5676467,2.9476802,-0.007844369,0.6608683,2.9890528,-6.608614,2.326609,10.76007,1.3034245,8.79724,-6.523512,-1.9579288,1.908463,1.3391094,-0.6287805,-7.277665,3.8502333,-1.2873917,0.12459064,3.1090329,-2.0743327,0.07394699,2.136995,1.5221678,2.3986673,1.8842847,-1.6069502,3.4009137,0.3355863,1.6872573,-3.6598918,-0.21621776,-3.8579092,-4.169506,-4.890364,1.1505132,-5.325845,-0.15707819,-6.5410643,-0.67874753,-0.28782836,-6.4947248,0.92262316,-15.718025,-2.6268797,24.092146,1.8578055,3.526733,2.88309,-3.6388748,PD,data/Images/PPMI_Images_PD/101735/Reconstructed_DaTSCAN/2022-08-02_13_38_56.0/I1616061/PPMI_101735_NM_Reconstructed_DaTSCAN_Br_20220825150346788_1_S1155470_I1616061.dcm,101735,Validation,SC,60.9,IA88253,SCREEN,05/2021,0.0,0.0,0.0,09/1960,0.0,0.0,,,,,,,,1.0,1.0,0.0,0.0,0.0,0.0,0.0,1.0,0.0,08/2021,2021-08-12 00:00:00.0,2.0,123I-DaTscan,08/2021,2.53,1.79,1.13,0.82,1.84,1.24,Yes,,,1.122086092011058,-1.060305386201418,0.20394632766992823,0
-0.12140991,-26.208359,1.539905,-2.9292026,0.528108,-6.5535026,-0.15067402,4.0916543,-0.18622711,-0.36367244,-2.083156,-2.0504906,-2.2754772,0.79245824,0.70858556,17.77043,-1.4676881,4.2173223,5.9071283,6.621299,-0.23100294,-1.5181092,1.0416054,13.728397,3.2737541,2.4261904,-0.016013801,-1.7217467,0.8652372,-1.2785484,3.364603,0.39673918,1.3177453,3.4512684,2.1051905,2.9839196,-1.1351837,-0.23969075,2.560947,5.379561,1.9847844,-4.638893,-1.8757154,-17.758987,2.004348,-1.1020346,2.116478,4.2668552,6.2855916,-1.1442626,-0.13512227,-1.5396625,-3.7700565,0.32462582,-0.54005873,-0.44139597,2.9424284,-2.5296738,-2.2952743,0.35278407,2.3617146,24.156364,2.8752725,-1.069069,-11.480044,1.5506817,1.7738721,2.6747375,3.6684496,-4.7135787,-0.28074294,-8.27277,-4.4079633,0.40225685,2.2851336,-3.2486875,-2.7206411,6.3374805,-0.5440501,2.0505786,-2.2346332,-1.6172409,-7.853861,-9.157268,-3.310431,-11.467392,4.8288207,3.1002343,6.341489,1.8401303,0.6878118,0.032916095,-0.7636296,-7.4543014,1.5748268,-2.0991583,-11.390921,-1.9432381,1.2660097,-3.3133333,-2.5723271,-12.558907,-0.568999,-2.7035728,-1.7899141,-3.3846693,1.1541353,9.4333515,-0.4281903,1.2152439,2.0808825,-0.9167828,-2.0620477,-3.2614346,3.9639475,0.8167305,1.3188418,2.1191225,-0.0880464,-0.77776,-1.0889608,-1.8532959,0.6731229,2.0789807,1.1130018,-4.928324,-1.5010649,-0.52134037,4.03593,-0.521071,-21.066246,1.0649414,0.6694444,6.33682,-1.5082358,-3.5990784,-5.9792995,2.0951228,1.0165097,-3.1836674,-16.814629,1.8257661,1.3633822,-0.2364129,-1.4401164,-2.0190518,8.204745,4.29526,17.961788,1.9424934,-4.5900106,0.63567024,-2.6311886,2.249905,0.023527805,7.3697343,0.05190291,-1.913843,5.2671256,16.637472,2.5398965,-0.19832206,5.45638,-1.4279268,-5.2715464,1.137087,-2.0194292,1.5014726,4.9294195,-9.683621,-12.007736,-0.21451296,-2.2928846,1.3531892,3.3588243,0.9300021,4.746455,-21.601915,-1.1546961,-6.111158,3.2747884,-8.565859,-19.881016,1.9654373,2.4673977,-11.902898,6.534954,-0.29263076,0.39259845,-2.6253273,4.1311436,1.4129924,0.6684811,1.5683954,-0.42009398,-0.8199303,5.2686944,-1.8873602,6.310222,-1.6117214,-6.362396,-1.5328732,-1.2902468,3.4243608,1.9102908,1.1828499,0.32553887,1.0352473,2.6917691,1.9228956,0.7703458,-10.531749,-2.85029,8.858134,-1.52816,4.3778076,-5.5328755,-3.2460938,-4.4988585,-2.8930972,-1.3171693,-6.720278,-1.3485615,3.0932307,0.7441509,2.042359,-1.434241,-0.62817866,5.054559,-3.679156,-1.4305431,2.0527215,0.60289645,6.408467,-0.094776504,1.4103768,-2.6929355,-4.6820016,1.739406,-0.6578638,-4.4651875,4.27573,2.0478356,1.1474271,-2.095153,-3.943331,2.7696712,-2.1801686,-0.030704016,-6.933705,-5.3036895,29.284822,1.5303456,-1.1963301,-4.7071924,-1.3827498,Control,data/Images/PPMI_Images_Cont/101747/Reconstructed_DaTSCAN/2021-05-18_15_34_42.0/I1474407/PPMI_101747_NM_Reconstructed_DaTSCAN_Br_20210727202728257_1_S1046871_I1474407.dcm,101747,Validation,SC,61.8,IA87560,SCREEN,05/2021,0.0,0.0,0.0,07/1959,1.0,,,,,,,,,1.0,0.0,0.0,0.0,0.0,0.0,0.0,1.0,0.0,07/2021,2021-07-07 00:00:00.0,2.0,123I-DaTscan,05/2021,2.11,2.83,1.96,2.04,2.05,2.65,Yes,,,4.352576327666488,0.9981944906784141,-1.4105609290018597,0
-1.1338798,-14.084325,0.97019875,-3.0915499,-3.9730206,-2.2334647,-1.7263379,4.2911477,4.8000264,-1.2373087,-1.2016039,1.8753798,-2.3109524,-1.8835871,2.2448936,19.569864,-3.7378786,0.4792858,-1.3597618,11.328212,-1.1840081,-5.4069886,-5.157536,16.227858,1.0100015,-0.37794074,-1.9584701,1.5333968,5.38144,-3.3874974,0.1183935,0.7033854,-0.6603189,1.4767654,4.0144453,2.8633842,-2.4291422,6.698911,-3.322767,3.0908391,1.2654933,1.5048181,-2.701028,-9.895905,0.4103243,0.47193483,2.7924652,-4.347512,8.143102,-1.2742641,5.302663,-3.8675525,3.6874893,-1.3117899,3.3645248,3.2541056,1.114885,-0.31001174,-0.8177427,2.5096574,-3.6021621,20.752487,7.9501944,-2.3157156,-6.2214556,0.5278586,-1.8864245,-0.8638594,1.5629209,2.8447738,3.9196703,-10.714011,-2.6296155,6.739656,0.95136493,-2.3437498,1.3535055,2.9858744,0.7363546,-1.7057387,-1.0234227,-2.243841,-2.4138541,-4.5190063,0.050560225,-11.324229,-3.339127,-0.08582859,2.23482,0.3839513,1.1450773,3.2489467,-3.1803684,4.174237,2.6551735,-0.72217524,-6.976575,-2.124428,2.8924265,-1.5395314,-0.040126793,-12.225479,-6.90252,5.453906,-1.3766474,0.041195262,0.7089085,1.3219278,5.678202,-2.127621,6.818386,-1.3905971,0.34785604,-0.47718915,5.0759373,5.9536066,1.2976388,6.5475926,-2.7191293,-4.0900016,3.1016695,-1.2760392,-1.7562014,-2.1647675,-2.4444323,-5.3356414,-8.851237,-0.6796566,12.767142,2.369213,-22.51844,-4.507544,0.55202895,7.3424406,2.0014126,0.2632033,-5.128916,3.0729625,0.17751233,-5.4256964,-11.722806,-2.9216216,1.0064641,1.2085905,2.3484538,-2.0658836,5.6412024,0.91053593,14.66183,2.1280575,-2.8802114,0.52355915,0.45881793,-1.6143855,2.699608,5.423824,-7.026762,-1.0992715,-0.4143793,19.287933,-3.6263447,-0.7469718,5.0761404,-6.956255,-2.6576703,1.9323955,-1.3812525,0.32223523,4.4697356,-18.678722,-10.351643,2.125018,0.1788931,2.2582624,1.0162287,-6.09466,6.3765473,-5.9610014,-0.8472356,0.5607212,2.0977848,-11.092712,-18.146011,-2.1948745,1.7842435,-7.625098,3.531002,0.81212825,3.0938895,6.424991,1.0884714,-1.9621037,2.000027,-1.2715777,-2.0666838,-1.3631791,1.589849,1.6233631,6.4218545,-2.935828,-4.0219526,-5.8597374,-0.8646487,6.915527,0.3060125,1.9970787,-3.2406032,0.18635999,0.11415071,1.6667855,3.1662598,-1.4179194,0.33966956,10.070503,2.2564964,7.6830597,-2.8411496,-0.011463397,-2.4969826,4.3713455,1.2147124,-6.5375547,0.4185216,0.44094512,-1.1531146,-3.2013958,-1.389744,2.5938017,-0.86936754,-0.3342803,-4.1391854,1.4186488,3.7537599,2.5308065,4.535055,-2.103621,-0.4052629,-3.305516,1.5214152,-0.7789156,0.53423625,0.50709057,-0.4850012,3.9836154,-3.6494255,2.8971763,-3.8527792,-3.2220523,6.0101814,-7.957765,0.08215296,22.765905,-1.4981924,3.9527404,4.556527,-1.779807,PD,data/Images/PPMI_Images_PD/101748/Reconstructed_DaTSCAN/2022-01-27_13_41_16.0/I1548470/PPMI_101748_NM_Reconstructed_DaTSCAN_Br_20220224142653909_1_S1107958_I1548470.dcm,101748,Validation,SC,62.5,IA87561,SCREEN,05/2021,0.0,0.0,0.0,11/1958,0.0,0.0,,,,,,,,1.0,0.0,0.0,0.0,0.0,0.0,0.0,1.0,0.0,07/2021,2021-07-07 00:00:00.0,2.0,123I-DaTscan,05/2021,1.99,1.99,0.72,0.85,1.24,1.35,Yes,,,0.27703203914554314,0.23236482482438398,0.30134314718563515,0
-0.2286743,-23.609074,-4.614323,-2.293018,-7.6009192,-9.7037325,-1.5717642,-4.1756444,-2.5191197,-9.110713,-2.936745,-0.72403693,-7.234587,3.8724797,3.7891982,18.364151,-7.5600715,-5.1823955,1.5946479,9.19425,-3.640136,-0.8113186,2.8316035,10.9094305,-10.386553,-1.8694957,5.954929,1.7767339,3.6957848,1.2357873,-0.82062733,-4.146242,0.08739338,-2.6486204,1.2603446,1.8691039,4.336286,-2.8887985,4.4792438,2.5276911,-0.13660479,-0.02454253,3.10115,-8.117813,7.937484,0.49845877,2.6166961,-3.241885,16.798508,4.762607,4.8038507,-0.92087877,-1.425924,-0.30385756,1.0092788,1.2512743,2.1816504,-3.155942,-8.824178,13.114561,-2.7258704,17.470856,10.5623455,-4.380765,-7.865965,4.3193774,-2.8462563,2.60118,-7.935995,7.747977,8.250003,-10.093937,-7.826449,-0.8974606,-2.057043,-1.8011231,-0.9471219,9.788435,-7.154898,7.43206,-1.9327049,2.448491,-4.9308987,-0.12982768,-1.2649927,-5.653734,7.1455097,3.6953943,-8.458142,10.022746,-2.5297022,1.9430552,2.5924594,-15.099794,0.96411675,2.132191,-8.337103,-3.3736448,-1.3578023,-7.774941,1.3442038,-6.6459146,0.3513165,1.4007125,-2.4342408,2.3060434,-0.36404562,3.8977978,-6.3761687,-7.154774,2.4236646,6.6995754,-0.85782385,1.8613524,0.31236613,-0.41796967,0.16067463,-0.19642827,-0.16277103,-3.0809238,-1.4044627,3.7388651,-13.187527,-1.3656213,2.6724253,0.39222312,0.93191767,1.6997981,12.436198,6.4743853,-29.160072,-3.278037,-9.942223,6.484043,-0.7670412,0.3515899,1.1239052,-3.1001563,-0.94522375,2.0950756,-11.84659,5.4738197,1.8767203,-4.9940147,-7.660361,-3.6482263,8.786366,0.28723234,19.035057,-4.7620144,-9.090294,6.3266788,4.714671,10.100583,1.701019,7.387798,0.11103248,2.9002163,5.7741995,19.33427,-6.670406,-6.1709623,-0.38888457,-0.6585454,-4.4247885,4.1126785,3.1562538,0.030446215,-6.4238744,-8.809408,-11.656945,-2.3996398,-3.9402504,-1.793796,-0.4593036,-1.6752381,1.2094373,-15.704856,4.6589155,-0.24840514,4.499494,-5.653784,-18.004448,1.2273941,7.4423304,-6.0849495,-1.4511533,-4.0117455,-6.3802943,3.455498,-8.826125,-6.078495,-4.071186,-3.7481134,-3.3322706,2.0278864,-0.73675793,-5.530784,6.6979146,5.603751,-9.850735,-0.28611997,-1.0394158,11.969182,-6.355481,1.1629646,1.8896933,-1.006462,-4.457515,9.864455,6.335311,1.6611786,8.509024,4.260032,2.513925,9.9835005,-5.9868197,-3.9161644,7.989236,2.531258,-2.4589996,-9.390906,4.5818343,3.7418656,-1.5562333,0.10088085,-1.502577,3.6844144,6.310221,4.8934565,-5.04756,-6.7955832,-3.4149008,-0.43553647,-4.104101,2.8986385,-1.6188254,3.750599,1.8266535,-1.2780102,1.7025447,-1.1808977,-4.331676,6.6058865,-7.582482,2.2649503,14.218931,1.7273682,5.4725604,-17.299738,-4.5715194,29.627747,0.54753286,5.3736124,-9.981141,-7.6666274,PD,data/Images/PPMI_Images_PD/101749/Reconstructed_DaTSCAN/2021-06-22_16_33_35.0/I1516740/PPMI_101749_NM_Reconstructed_DaTSCAN_Br_20211117140648295_1_S1082587_I1516740.dcm,101749,Validation,SC,64.7,IA88382,SCREEN,05/2021,0.0,0.0,0.0,09/1956,1.0,,,,,,,,,1.0,0.0,0.0,0.0,0.0,0.0,0.0,1.0,0.0,09/2021,2021-09-08 00:00:00.0,2.0,123I-DaTscan,06/2021,2.91,3.87,0.89,1.37,1.77,2.39,Yes,,,3.6762071586928524,1.5341938372893344,1.703079345774555,0
3.1356654,-19.45092,2.0553691,-5.3368363,0.5374176,-3.016593,-3.939128,7.5726075,0.3754141,0.80608815,2.578213,-2.094548,1.262819,-1.8878587,-0.88199127,13.222282,1.3918985,2.4301398,5.6849976,13.278111,-1.8452567,2.8905077,-0.5659097,14.108632,-0.57534355,3.7843754,1.0795063,-1.0010434,-3.1181552,-0.6347605,1.6651973,1.5194407,-0.46624735,0.400423,4.549778,0.9298074,-1.6656651,6.8204155,-6.760449,4.6503534,1.1284702,4.130509,0.8297464,-13.812175,-0.16711026,-2.5462787,-2.9167297,-1.464884,3.4390566,0.086421974,2.3286405,-0.15429159,-1.928705,1.478095,-0.71085596,3.9765406,1.1217432,1.9939079,-0.5434761,-1.4947327,-1.8902435,21.183144,7.982277,2.8120809,-5.4214745,0.7031444,0.7983157,1.505986,-1.1614938,5.0111403,3.7523124,-9.755074,-3.0737967,-3.498397,3.5843215,1.2483883,2.780483,4.205327,3.0121124,1.4735695,3.4207551,0.8331191,-2.172594,-0.6348659,1.6642894,-5.5328345,1.4649247,1.5883788,-5.8009295,0.007842154,-1.2016913,0.37674817,0.72772104,-4.2405705,-2.7634542,-3.0280955,-15.216199,1.5543791,1.8604006,3.165858,2.7957542,-18.849539,-2.6188862,2.094533,2.5553,-1.7313926,2.9669893,3.3931139,-0.16496558,-7.705573,0.8453042,4.0240335,-1.9795854,-2.040076,-3.4101298,0.3428231,-1.7329075,3.296456,-0.8386537,1.8414376,-2.6497762,-0.025942761,0.18179901,0.7575515,-1.3077571,-2.4979327,-8.68977,-3.337493,8.519935,0.5925798,-26.734367,3.0351357,-2.9016078,10.324699,-3.234818,-0.505702,-1.4790813,0.60913414,-0.21807781,5.0229278,-16.957203,-0.32365343,-4.7007656,-0.29425985,-0.38820627,1.7712364,3.9382637,0.8197185,18.11868,4.5474453,-0.48730904,2.0302796,0.83540356,-2.8371542,1.5519654,6.822938,1.175041,-2.3309207,-0.59777886,20.254385,-4.4605546,-1.4240161,-1.0564357,-7.0257654,-2.627561,-6.4656715,6.64319,0.35976857,1.40945,-16.125813,-8.762122,-0.12871297,-2.6933079,1.5707489,4.85638,2.5343802,-1.5606397,-4.8563275,2.9417744,-2.603016,-1.541296,-6.57618,-20.720533,0.8774579,1.7557552,-7.5084333,3.8130221,-2.7251656,0.0596586,-0.6972677,1.0940523,-0.8086914,-1.5544747,-1.0459176,-4.797519,-3.9119282,-1.0376499,0.6695707,2.8805945,4.479319,-6.8878255,-1.5609819,-0.13152759,7.281446,-0.027750641,-4.318165,-2.5001745,-2.8607798,3.0952928,-2.4822407,2.3379977,-2.2712607,-1.982074,9.230524,1.9159651,8.716105,-10.358575,0.9013056,3.366858,3.3905528,-1.8942984,-2.811618,2.4202845,-2.6338892,0.6574344,1.8451921,0.5004179,5.3185854,0.97567785,-2.2133462,1.398983,-2.6901536,-0.7876917,-0.0027386923,1.5922322,-1.670335,-2.470623,-3.2631972,0.6645872,3.890002,-1.8570032,-4.300114,-2.6132264,-2.3025136,1.9032005,-4.6017284,2.9068289,-1.104961,4.1796794,-13.614994,-1.144426,21.070005,2.2710772,3.8706212,3.176669,-2.9626317,PD,data/Images/PPMI_Images_PD/101756/Reconstructed_DaTSCAN/2022-11-04_13_28_32.0/I1660656/PPMI_101756_NM_Reconstructed_DaTSCAN_Br_20230127101528681_1_S1188664_I1660656.dcm,101756,Validation,SC,70.8,IA87140,SCREEN,05/2021,0.0,0.0,0.0,07/1950,0.0,0.0,,,,,,,,1.0,0.0,0.0,1.0,0.0,0.0,0.0,0.0,0.0,06/2021,2021-06-08 00:00:00.0,2.0,123I-DaTscan,05/2021,2.1,2.34,0.72,0.96,1.2,1.39,Yes,,,0.64592465634377,0.5258022863760493,0.5588523108579708,0
0.9221018,-14.750147,1.8271517,-3.1052582,-3.5847945,5.826721,0.78078425,-0.21802443,-1.9039379,-3.025356,-1.8297579,3.6586604,-4.7365413,2.2158282,2.4473813,18.505749,-1.8041899,4.287154,1.1740733,8.898364,-2.2716444,-4.0893793,0.15601419,16.529787,0.34919015,-0.65418845,-2.2861376,0.3625148,0.98274195,-2.391315,1.2141942,2.3259249,5.4367647,-1.6149687,1.1470499,1.1827565,-4.076548,7.480342,-1.9544227,0.9912008,-0.6126044,-4.9829216,-0.090570025,-15.041504,-5.4346566,-0.5477842,3.0694964,-2.8337796,1.4589266,0.83630866,2.2726817,3.3346016,0.3015448,2.1448817,-0.33278173,-3.0240407,3.9969628,-0.21452388,-1.0776485,8.334392,2.6209562,19.484396,10.10473,0.91240174,-8.8398905,-2.0078862,-2.135036,1.2183808,-1.854445,-3.0915112,4.744898,-3.157077,-2.3809466,9.112062,0.65097934,-1.0893472,0.9711811,6.9380417,-1.9060333,1.8849508,-5.4610806,1.2603344,-4.8636446,-5.379179,2.9290187,-9.036446,0.8532405,5.4496136,2.6186168,1.1428678,-2.602256,-1.3618305,3.157943,6.7407303,0.7481231,-3.0822382,-13.619941,-0.01371712,0.18178774,1.3366503,-3.1757765,-8.205116,0.88234633,-1.514307,-0.022146964,-1.9236879,1.4538031,7.2610183,-1.403249,-3.8332741,1.221074,-2.8334527,-3.1814568,-1.9948708,1.3850708,1.2245636,-0.14158997,4.5335608,-2.9271467,-3.075937,2.2664697,-4.883956,1.4824085,-1.835365,-0.19227976,-2.071191,-5.433613,-0.12989333,9.259828,-0.8639117,-18.213463,1.0718719,-0.48158303,5.5998335,-1.2350835,-3.6434371,-6.983755,1.9845915,-0.11835597,-2.3109596,-16.455109,-0.75024277,-0.14780067,-0.809932,0.027609719,2.3663743,2.0647407,2.0657184,14.472052,3.072132,-4.211829,-3.192089,1.6785825,-0.60453755,-0.55026954,2.6828887,0.13222603,3.909819,2.0349433,12.968231,-3.2301564,-1.8556224,3.0605798,-2.5967288,-0.7871693,-0.7456734,0.091774285,0.6949557,-2.5895197,-13.971863,-14.201183,-0.427318,-2.7933655,5.3950453,0.35264248,0.002301565,2.7605684,-12.910619,-2.082353,-4.4256883,-2.1383016,-6.8270226,-16.64676,0.97032106,2.752486,-11.7947445,4.674942,3.80893,0.5945425,0.87727386,-0.14423566,2.7010589,1.7611971,-2.4258559,-1.7873862,-1.5045323,1.8133224,-0.2759509,3.025872,3.2511003,-5.19883,-2.9102373,1.2010311,7.0953355,-2.7205713,1.5288177,-0.118805796,2.3933318,0.97718275,1.9537565,-0.022807652,-3.755252,1.969986,9.716934,-1.9101583,2.8360806,-5.1534147,0.9172503,-1.3367298,-3.854766,1.4476109,-3.4346411,0.6691151,4.64173,-3.3617764,0.105372086,1.1031373,1.417501,1.9277353,-0.3975145,-4.337437,5.8551726,-0.94346696,7.3195186,2.6905577,4.1069317,-3.5914044,1.6379536,0.87130904,-2.5229154,1.177203,-2.4757476,-0.99854857,1.7447423,-4.809674,0.70445526,2.0229635,-3.584636,4.8315897,-4.5874944,-1.4020278,17.402964,0.36721107,1.9835205,1.5842493,-3.3510303,PD,data/Images/PPMI_Images_PD/101799/Reconstructed_DaTSCAN/2023-02-01_14_41_33.0/I1671508/PPMI_101799_NM_Reconstructed_DaTSCAN_Br_20230228104613655_1_S1198051_I1671508.dcm,101799,Validation,SC,61.7,IA87141,SCREEN,05/2021,0.0,0.0,0.0,09/1959,1.0,,,,,,,,,2.0,0.0,0.0,0.0,0.0,0.0,0.0,1.0,0.0,01/2022,2022-01-20 00:00:00.0,2.0,123I-DaTscan,05/2021,1.47,0.94,0.83,0.56,1.18,0.88,Yes,,,-1.2131836308985708,-0.7515122485691725,-0.6947256588784116,0
1.6035745,-16.562462,3.2584867,-4.7486243,0.4032749,0.4072738,0.3342642,-1.038559,3.9342659,-3.2519803,-1.7716041,2.0870483,-1.0266368,-3.2965648,2.4006915,16.122791,-0.22041917,0.22792566,-0.9771753,4.116808,-3.1364915,0.2066959,-0.6182375,15.504269,-0.62328863,1.689097,0.09484181,0.58996284,0.88447297,0.2478513,-1.5848637,0.83094287,-0.50649816,3.3321364,4.272502,3.4820673,1.0002921,4.28587,2.0083728,5.3945217,1.8543108,-6.367574,1.0840274,-18.69275,-3.4048226,0.5298728,1.488534,-1.0232874,6.35471,-2.998483,3.0435278,0.6297655,0.34705654,2.6216176,-2.2346618,-1.1749103,0.95895386,3.0742178,-0.52058405,4.9033666,-2.42192,15.6561985,5.6993065,-0.16477859,-6.6249433,0.34372136,-2.5718744,3.1794333,-1.1269135,-0.6096898,0.013538061,-12.659449,-1.8688846,10.055746,2.9026544,1.4467255,-1.5310191,5.2748137,0.26066503,1.8710693,-0.66934353,-3.1912837,-4.667705,-7.077947,-1.5227594,-7.300388,1.1452875,1.1293817,-2.5309577,1.1559587,-1.647554,2.0831337,-2.4414783,-0.033836797,1.9921286,-1.1353445,-8.861269,-0.5337848,-0.7034503,-0.9309947,1.8014842,-6.76865,2.8708797,1.9283941,1.2654362,-0.5034688,1.9853824,4.9273477,3.223626,-7.118614,2.97614,2.680447,-2.6088073,-2.1770687,0.65711313,1.2991436,3.0356984,-0.22893444,-2.91723,-0.87241745,0.37141776,0.9530889,2.3251083,3.6653874,4.568191,-0.094373934,-1.3941073,3.8135457,3.6463678,-2.3630307,-20.466173,1.0266913,1.1821021,6.504181,1.6765873,-2.3840404,-5.060644,-4.276586,-0.9848094,0.33233425,-13.81547,-1.4416957,-1.7952478,-1.1393144,-5.400102,-0.19911353,-1.6024388,0.27351046,15.888543,2.921691,-4.641533,-3.0560365,1.355359,1.4192032,-0.4133023,7.630428,-1.9948477,-0.08982463,0.6465216,15.02677,-2.0888925,1.6668818,0.8907731,-5.7593117,-2.0280094,-0.88358325,-4.602245,0.5038837,1.4482851,-13.757524,-13.73024,-1.9190017,-6.7562957,4.7980137,-2.2788656,-1.7244985,3.044602,-18.132444,1.1780983,-3.512646,-3.753492,-7.0222783,-12.27639,3.144606,2.3331072,-15.357504,10.547903,7.092676,1.614601,2.1927981,-1.8497623,-3.7553782,-1.8705156,1.6094571,-2.238172,0.40757403,0.6482214,-2.7049232,4.2476225,-0.7171,-13.79945,0.935971,-1.332991,5.745066,0.9842392,-1.1073868,1.662277,3.5503778,0.1593106,-0.82110226,0.55892074,-2.3397646,4.035341,5.637614,-0.93840927,4.3131647,-7.490775,-6.304618,-0.11834428,-3.612977,-0.19199075,-7.4404345,-0.081214756,3.9933016,-2.1900473,-3.7287908,0.8524967,0.911058,2.3735855,2.1733077,-2.013687,-2.7809353,0.83478117,4.3295693,-0.34064808,2.0952158,-3.1516201,-0.6325606,-1.0480086,-5.760564,-3.4961042,-1.0448549,0.3416944,1.2536285,-1.6191778,1.6799612,0.34849918,-1.0739896,4.504009,-5.8926377,2.1639256,20.338345,3.3939638,0.7189701,-2.4712124,-2.4912949,PD,data/Images/PPMI_Images_PD/102012/Reconstructed_DaTSCAN/2022-08-12_08_54_25.0/I1616065/PPMI_102012_NM_Reconstructed_DaTSCAN_Br_20220825150434266_1_S1155476_I1616065.dcm,102012,Validation,SC,66.7,IA87029,SCREEN,06/2021,0.0,0.0,0.0,10/1954,1.0,,,,,,,,,1.0,0.0,0.0,0.0,0.0,0.0,0.0,1.0,0.0,06/2021,2021-06-25 00:00:00.0,2.0,123I-DaTscan,06/2021,1.56,1.8,1.54,0.61,1.72,1.19,Yes,,,0.5748195220996771,-1.0248719292594832,-0.6691523676725445,0
-0.37790835,-19.825607,3.9951022,-1.6766137,-4.2697935,-3.2291498,2.1457684,1.2714627,1.1139603,-0.19799176,-1.2076468,0.29265592,-0.7699319,1.8436698,-0.5829417,16.257706,2.6333075,2.8493721,1.5839955,7.3752227,0.39434376,-2.0080051,-1.4597634,15.276373,1.9013047,4.747636,1.7043173,1.9825617,-0.5027421,0.968853,1.6974123,-2.8676722,1.7939639,3.7187383,5.16451,1.3961298,2.7908788,2.9655306,-1.5178171,-1.931717,1.2331407,1.898271,-0.57030106,-17.09009,-0.9692662,2.8507931,-2.2049887,-2.9632847,8.381401,1.6527287,0.6449589,3.2858498,-2.189167,-0.10644445,-1.9985557,0.47766057,5.8229594,1.0599842,-1.7521297,7.311147,-2.0587745,20.692856,11.079907,2.6103432,-5.4987655,1.049985,2.614111,3.6990223,-1.7354202,-0.46850273,2.4184008,-8.084106,0.595494,2.5785477,0.3178891,1.7774676,4.349043,3.4820857,-3.183709,0.9645759,0.059145685,-2.0924556,1.0151258,-3.2647145,5.640852,-7.3249207,2.0075278,2.4726403,-3.2729487,2.188416,0.4356449,0.20627376,-0.85835254,-1.8976516,3.145542,-2.1572275,-11.442281,0.2242928,1.2122531,1.2631066,-0.25957844,-15.254961,1.2241713,1.7986904,0.88189346,2.3465137,-0.57809955,5.672237,1.2021737,-4.511608,3.0676582,2.4117804,-0.07307683,-4.186454,1.6814513,2.4976842,-0.20923597,1.1126541,0.36564514,0.74209094,0.10997031,0.39317876,0.81882894,-0.84497243,1.751672,-1.3861599,-4.8503942,-1.2675201,3.1545496,-3.1202567,-16.48502,-0.6581923,-4.228802,4.6718645,-2.5968182,-4.3494196,0.6405592,-1.0713375,-1.3249041,-4.1817284,-11.743717,-2.3222907,2.8570285,-0.7652111,-2.7602553,-3.0117311,1.5805777,-1.2994635,19.608889,1.3517354,-0.47410682,0.5954455,0.13802204,2.0160272,-2.2978046,7.770893,-2.1333475,-0.91752166,0.48628193,17.40085,-2.795887,-2.1656628,-1.7317884,-5.171937,-5.216774,0.12877081,0.30997396,-2.0373247,-2.0188234,-14.767206,-13.377216,2.9903088,0.62421197,2.5173342,-0.7665118,0.5769932,0.31329393,-10.648902,2.657723,-2.9560094,-2.5345557,-6.2119303,-19.021172,-1.7685913,2.6098197,-12.983692,6.6131597,3.1969733,-5.439531,4.0420628,-0.79595655,-0.21709543,-1.3306643,0.24757516,-3.9030225,0.054894578,-0.6333931,-3.6123106,3.5103347,-0.33753553,-7.322399,-1.8317677,0.97722083,10.934228,-2.516537,-2.5066588,1.3528491,0.117621765,1.0614696,2.1037605,-1.4508071,-1.6525838,-1.996284,12.76252,-3.1761136,9.438585,-7.1817284,-5.060662,-1.7011573,0.79995227,3.645099,-3.9685109,2.1371005,2.4606566,-2.794021,-4.5522356,2.7827494,5.7568374,0.24630074,0.18809725,-0.89683545,0.67153734,2.0849643,-0.5797705,0.03908802,4.0294323,-4.1585193,0.38824907,0.5971681,-4.063319,1.7494075,2.218626,-0.7790486,0.69763774,-1.958186,-2.358063,3.195645,-1.1690689,2.7093453,-14.0210085,0.9491092,23.437323,5.0207357,-3.7576504,3.6268544,-3.3471901,PD,data/Images/PPMI_Images_PD/102078/Reconstructed_DaTSCAN/2021-05-26_14_51_42.0/I1486096/PPMI_102078_NM_Reconstructed_DaTSCAN_Br_20210830110935789_1_S1057850_I1486096.dcm,102078,Validation,SC,53.5,IA88469,SCREEN,06/2021,0.0,0.0,0.0,01/1968,1.0,,,,,,,,,1.0,0.0,0.0,0.0,0.0,0.0,0.0,1.0,0.0,07/2021,2021-07-13 00:00:00.0,2.0,123I-DaTscan,05/2021,1.89,2.07,0.71,1.13,1.29,1.69,Yes,,,0.776050723889408,0.799150205079817,-0.027890868783990504,0
0.82982045,-19.4663,7.336552,-2.1413,2.3178675,3.2047658,2.5685084,-2.8043623,1.4297858,-1.0832303,2.40051,0.5908181,-3.6838148,1.8987317,-2.471578,18.944124,-1.6372515,2.4397478,-1.1194751,2.0330393,-2.647769,1.783111,-2.0354245,20.442133,1.0833776,-0.62523127,-1.5130334,-2.1365898,-0.5815051,-1.9178342,0.10642263,0.83343536,-2.2872257,-1.433542,10.785976,0.22263293,-3.777171,1.9448085,0.5928698,3.131529,-0.12661982,2.7373435,-0.113107644,-21.354113,-3.7544882,1.5760818,3.170193,-3.2949014,6.918732,2.7257216,1.5210584,2.7004545,-4.610354,1.2460454,0.35523742,0.6754971,5.8150635,-0.38027906,-2.0692198,3.356065,-2.631407,21.846205,4.320083,0.11509254,-11.139758,-0.5426284,-2.5113506,1.5229189,-1.1305871,0.28366086,-0.11841124,-4.3954144,1.0814389,7.8832717,3.4925914,0.605985,-1.3436744,11.976269,-0.11871834,-1.9766375,-3.632362,-1.7694526,-0.7365087,-3.5995047,4.054499,-4.5409184,2.4428732,1.8371947,3.684741,-0.3116375,-2.8663187,-1.225896,1.1058179,0.6284394,-0.8179082,-4.058977,-11.280334,-4.579231,-1.3430907,0.88547736,0.41459274,-9.804799,3.910865,-1.0229945,-0.106306784,-2.2076566,0.17752972,8.295885,1.1806531,-3.8776565,2.6068244,0.5772561,2.3441033,-1.8639106,1.3645324,-0.7771983,-1.7655951,0.76120913,-0.5102635,-2.3167214,-0.48449022,-0.36828387,-1.1472241,2.8074067,2.1473968,0.20043904,-5.6659937,-2.6575174,9.160903,-3.0808275,-18.410595,-1.3597269,-0.49174532,7.8360004,0.16319755,-1.3915634,-5.583262,-0.7072646,2.172566,0.57457954,-12.45208,-0.82502955,-0.8043989,-3.154724,-5.6489987,0.7928922,1.6766388,1.9601232,17.479927,1.5822068,-0.008799469,1.0271711,3.0058632,-0.4186722,-1.9318582,7.3494563,1.2446102,-2.5872748,3.8376384,19.188143,-1.4215535,2.0643063,-1.5999845,-5.6662626,-1.2588639,-3.2713203,-1.5915065,-0.1450908,-1.1635354,-11.45551,-13.244815,-3.207596,0.21223435,5.152375,6.359098,-0.9910956,4.5565624,-16.668299,1.4783106,-3.0924695,-3.423803,-4.0103817,-18.447918,0.93698823,1.3924648,-12.391478,11.194053,4.6302,-2.95129,2.9437582,2.1214156,-0.84098965,1.8096223,0.9308409,-2.4345312,-1.2833554,0.38983813,0.39035204,1.9727509,-2.273752,-15.724581,0.8865851,2.8370068,3.9466913,-1.8335215,0.5635921,0.38077718,3.0682614,2.44151,-3.4767127,0.4299177,-5.2548814,1.5232651,9.612458,-2.1043854,8.147929,-7.690418,-2.8923614,2.6795578,-3.7023869,-1.7656112,-5.824114,-0.5903642,2.0817354,-2.9545138,-2.6497014,3.1690962,1.1236868,1.7537642,1.8817298,-0.9017134,2.6620872,-3.5027516,-2.486309,1.6592633,3.034626,-1.0465777,-1.8033886,-1.0310045,-4.525507,2.0281591,-2.7216887,1.870947,-0.5266549,-4.12042,1.6803973,4.1594324,1.3199242,2.6877036,-7.977133,-1.7570648,19.564985,-0.9040634,-3.3492901,-0.1689187,-2.031838,PD,data/Images/PPMI_Images_PD/102293/Reconstructed_DaTSCAN/2021-07-06_14_01_44.0/I1486057/PPMI_102293_NM_Reconstructed_DaTSCAN_Br_20210830102802409_1_S1057840_I1486057.dcm,102293,Validation,SC,68.2,IA88824,SCREEN,06/2021,0.0,0.0,0.0,05/1953,1.0,,,,,,,,,1.0,0.0,0.0,0.0,0.0,0.0,0.0,1.0,0.0,05/2022,2022-05-06 00:00:00.0,2.0,123I-DaTscan,07/2021,1.71,1.35,1.04,0.5,1.51,0.72,Yes,,,-0.5907136097554239,-1.2366368816094633,-0.2976123121269813,0
-2.8855507,-29.117558,8.823199,3.6540878,0.08352767,-11.11319,-0.97977465,0.7633184,-2.0727675,-2.9500463,-2.1027122,3.110884,-1.4803606,1.9340256,2.5257273,12.273657,-1.7232251,-0.41285637,2.3421881,7.699543,2.7545059,-1.601172,-4.1012793,15.647651,4.437776,-0.8462617,2.0384228,-1.515606,0.81301296,0.90078336,-4.0274196,-2.5526843,4.970206,3.2044709,9.310378,-6.487998,-2.2912173,-2.1409552,-1.5020521,-0.72810745,1.0843859,1.2372875,-3.6818206,-14.738911,3.8704567,-0.19643755,0.21835177,1.1729258,6.8062406,-0.65392596,0.07532594,1.2688311,-4.799673,12.33564,-3.7085438,1.8780799,2.7464633,-1.4764525,-1.950809,-0.58613455,-1.2529423,19.629679,7.628868,0.86145484,-2.3850112,0.60081965,-5.8901534,3.4371634,1.6641734,-0.9960637,-0.9571006,-10.004939,-0.5212022,0.40168822,-1.9551605,-1.9064572,1.1775302,12.320903,-1.1164212,4.782469,0.12215197,-1.7389132,-5.223943,2.4651692,9.130322,-8.171099,-3.1720538,3.40046,-0.15353918,2.2057202,-0.6903205,-1.8774552,-1.3538173,-8.137944,-3.2502768,1.8854526,-9.8644085,-2.654354,-5.284699,2.71594,4.7920237,-15.918701,3.2165725,3.45906,-0.0510782,0.54247344,1.20574,5.256397,-2.254878,-4.7300825,-2.3650146,0.93110174,2.3986022,4.450807,-8.25487,-1.3200387,4.8755074,5.9865866,2.559358,-5.0074234,3.7082984,-0.020733375,1.5715145,4.569958,1.9595498,5.378782,-1.0794809,-0.7093956,9.124602,-2.714761,-22.009974,1.9349208,0.26494628,3.6387107,-1.516032,-3.1377869,-4.2743835,-4.189862,-3.984025,-2.5183315,-18.758022,-2.5643084,0.4682069,-0.25273013,-2.908284,1.0956941,3.9899616,-2.8853853,26.4673,6.1866117,-1.5540643,-0.5080878,3.2779846,-0.09720107,1.1427721,9.64964,-0.16825004,0.09295369,2.3922832,18.403978,0.13642219,-0.7607389,2.8362994,-2.6960557,-4.701173,-3.8665426,-1.8799479,-0.09598614,1.2127694,-12.373459,-6.2562137,4.522639,-0.96402544,10.386705,1.3474331,-5.080053,-1.0483205,-17.960495,2.5240736,-0.7653335,-1.0112733,-6.5536523,-22.570353,-1.8164281,3.231096,-19.354147,10.761654,2.4150038,-5.0375485,2.008835,4.9670224,-3.8115475,3.118683,1.3711026,-3.864971,-2.1587968,2.6535287,0.46090472,2.9837077,0.2633043,-9.252829,4.057693,1.6671788,2.4533672,-3.9198005,-2.6080568,2.2350607,0.39917696,3.4123976,1.3590332,-1.2120234,-3.7152839,0.34633783,10.175665,-1.741603,10.581931,-4.5833406,-4.2617455,-0.30374476,-0.46531633,-0.55464023,-5.263389,2.5995562,6.9266973,-0.4869243,-0.62013626,-2.621724,1.7598519,-1.0288508,2.5526376,-3.5257025,3.0284743,-0.57121885,-0.043216757,1.3218392,2.4850001,-4.5041037,-3.2831678,-0.48915994,-2.0192196,-2.1099074,2.5791774,-1.8628929,-2.0477486,-3.3583045,1.0135299,-0.24158773,-2.1270535,-2.487995,-9.6924,-1.547018,25.533693,1.5945561,-3.1687522,2.5437782,-6.754906,PD,data/Images/PPMI_Images_PD/102328/Reconstructed_DaTSCAN/2021-06-30_15_11_26.0/I1486058/PPMI_102328_NM_Reconstructed_DaTSCAN_Br_20210830102848771_1_S1051590_I1486058.dcm,102328,Validation,SC,67.1,IA87569,SCREEN,06/2021,0.0,0.0,0.0,05/1954,0.0,0.0,,,,,,,,1.0,0.0,0.0,0.0,0.0,0.0,0.0,1.0,0.0,08/2021,2021-08-05 00:00:00.0,2.0,123I-DaTscan,06/2021,2.83,2.6,2.13,1.86,2.57,2.22,Yes,,,4.679959744007231,-0.5156286004152331,-0.9871865704664243,0
6.287907,-33.620533,6.073933,-1.2099633,0.6044336,-16.05556,0.6765263,-0.12136667,1.8067958,4.1827126,-2.523792,-3.1184342,-1.4382019,-3.3200629,-2.405549,14.940424,0.7288376,-4.311304,8.151937,15.909419,4.0822344,1.4196779,-2.5391054,8.03887,-3.4917746,-3.4329276,1.8446387,-2.6458416,1.4049413,-0.9629975,-4.7640877,-5.1897874,-0.33759367,9.096323,13.416125,8.935744,0.48703048,1.9195744,-5.2798944,0.7271039,4.009185,-2.0188444,-0.8758313,-17.634577,4.633668,-3.3489206,-1.9509518,3.9101157,3.983978,6.5632877,-2.4783394,-0.2336456,-3.1214998,1.9876245,0.0620607,2.7796109,4.9366665,-3.259802,-2.2210531,5.437283,-2.0954638,26.997599,1.5646217,-2.7511353,-8.938157,-1.5377994,-0.27200672,1.2235733,-0.049386602,2.7292838,-6.6758494,-11.892858,-0.53774357,-12.146183,-3.909882,-0.72709984,2.6911306,10.555496,-7.6832485,4.2984037,-3.1703675,-1.3557833,0.626588,-0.18144456,1.343816,-10.257209,4.245355,5.0358295,7.2973905,1.9600217,-1.4295079,3.8246884,4.6483045,-17.907022,6.6344957,5.1010733,-14.151003,5.1247,-1.5377728,-0.026577637,-5.5057893,-12.444038,-0.0667748,-3.1339388,-1.3600225,4.0024276,1.6827241,9.516496,-1.2638357,-2.447998,4.0116005,1.6405482,1.5808065,-2.285307,2.3775716,-5.3481994,8.148127,8.551378,-5.308274,1.682942,-0.38017714,-0.45681614,5.2418203,0.73457557,8.96206,-2.3759499,-0.066242725,-1.4570174,1.882735,-1.0925655,-23.340305,0.57308316,-2.7625868,-0.6850332,0.70629084,-0.22850655,-1.985013,-0.5926029,-4.441292,2.8695164,-16.885487,2.9924533,-6.854802,-1.2562051,-10.356584,-4.079681,4.207154,1.4874498,15.811673,3.0017529,-1.9872596,-1.1495985,-4.541843,5.205877,-5.443987,14.724775,0.5919635,1.9858729,1.691777,21.357523,-1.2092365,-1.4399151,3.0361645,-2.787065,-2.3558044,0.46450067,0.08355264,-8.596043,2.4356458,-10.309894,-8.780245,4.756049,-4.123763,-3.137782,-2.0081394,3.1762578,2.6442869,-12.741286,-0.62666875,-8.153107,-2.4184322,-1.6120418,-25.581387,-3.558887,4.2960567,-13.237632,0.32888114,-6.145793,7.5174947,-0.9573265,0.8338463,1.305106,0.9876253,-4.8910108,3.199751,0.43635347,-1.3491025,-6.060245,9.427458,0.16788709,-9.950526,0.64151,1.2238742,3.5637548,-3.4834614,-0.33125708,-3.076552,-3.1714296,-1.832254,2.6868014,-5.5253725,-6.0938253,0.5692619,3.2841282,-6.2290726,16.598614,-4.8684072,2.8360302,-2.1346927,-3.313639,3.0467455,-9.429531,1.4028052,3.5433378,-5.220399,-3.8670163,-1.757215,2.425657,9.726887,4.963435,2.3032494,4.5395246,-0.8853949,6.9152627,0.13772894,-0.23483098,-2.1983318,-2.6764832,0.95950556,-0.39284688,-1.5702367,0.6331252,-4.552391,-3.871961,-4.9112363,-0.048450705,5.347407,6.784869,4.304126,-18.149942,-6.9871674,39.460682,4.495984,-1.3343457,-2.470523,-2.4585152,Control,data/Images/PPMI_Images_Cont/102366/Reconstructed_DaTSCAN/2021-07-21_16_11_13.0/I1509707/PPMI_102366_NM_Reconstructed_DaTSCAN_Br_20211028140012816_1_S1076743_I1509707.dcm,102366,Validation,SC,65.2,IA88864,SCREEN,07/2021,0.0,0.0,0.0,05/1956,0.0,0.0,,,,,,,,1.0,0.0,0.0,0.0,0.0,0.0,0.0,1.0,0.0,08/2021,2021-08-05 00:00:00.0,2.0,123I-DaTscan,07/2021,3.72,3.91,3.09,2.94,3.82,3.73,Yes,,,9.659440642858453,0.10850916540166124,-1.424779074700351,0
1.2981304,-22.68639,2.7067835,-3.3613951,0.35446927,-2.5074337,-2.6195583,3.622493,-2.0474448,0.8793346,-2.186837,-1.0233427,0.213732,-2.110367,0.7498058,14.18828,1.4816036,3.1015103,2.8696525,12.8751955,-1.1415672,-3.5662837,-0.28979677,14.5067,1.9200674,1.3686465,2.9308147,1.5217648,2.1274998,-1.5535856,3.1723921,1.2124593,1.9220244,0.5103675,1.4552987,-0.81988513,-0.03040705,2.6659276,-0.9976662,4.28018,-0.19724622,-3.6541905,3.779053,-12.601347,-0.55367416,2.9146564,-0.08999365,-1.0852026,13.223856,-1.9049239,3.9996257,0.62302506,0.4065007,-0.7866661,0.21596456,-1.4661878,1.3182564,-1.0700101,-0.09229911,3.2443037,-0.019062009,21.001886,2.628754,0.79388946,-6.024352,2.1174996,0.24333082,2.067728,0.13921207,-1.3314137,1.1481761,-9.296652,0.080585614,4.6575294,3.305611,-2.34686,-2.0537817,6.27899,-2.2457428,-0.06811496,-3.3694928,-3.413415,-1.2533053,-4.467839,-0.4925605,-8.537932,1.9861814,0.4387212,-4.6295295,0.71271956,0.7740738,0.9379729,-2.6015587,-3.5118153,-0.028098889,-0.16553618,-10.003733,1.6593655,2.9004302,-4.849069,1.0468293,-16.415077,-3.8662016,1.63153,-0.6344666,-3.7024417,-0.6796748,9.101763,0.67333114,-4.1906004,1.2873908,1.9088662,-5.3212023,-1.8781117,1.231145,1.7562684,3.4732585,5.0597153,0.96342015,-1.7786003,1.050232,0.90763503,1.9466258,3.0718267,2.9513612,-2.555418,-5.0926805,-0.26947668,6.752458,1.8395519,-24.65962,-1.9262385,1.5500711,10.439489,-0.56605417,0.5491487,-4.2229457,0.6360285,-0.5805505,-0.22422479,-16.584915,-0.10746127,1.4577736,2.526612,-2.9916766,-2.9337847,2.8955042,1.468645,19.419056,3.862856,-5.452479,-0.15152347,0.34990582,0.7700532,3.1522639,9.60779,-4.1864324,-0.7565255,-1.3236053,17.637926,-0.664341,-2.108976,1.1675614,-5.570613,-2.629275,-0.9478761,-1.4780025,-0.30426,3.6563842,-9.387152,-12.21486,0.017940506,-1.484389,2.8047357,-0.556374,-2.9797418,0.1722065,-19.679163,-0.9279267,-2.3774064,-0.9852615,-8.184136,-20.369778,0.9823003,2.8384569,-12.990068,7.484803,2.3586504,1.9529375,0.044117406,0.30334207,-2.0501614,0.8255857,1.7930536,2.56228,0.007884108,2.8574748,0.10810341,3.1689703,3.8024008,-7.758476,0.9907776,-3.0359323,6.3190064,0.72908914,1.7124946,0.123719774,1.6662425,2.5275013,0.45411083,-0.29372045,-0.6470374,1.6823502,6.8124022,-0.9146185,6.262291,-2.8083665,1.681838,-1.130595,-1.560423,-3.600543,-5.6103663,0.29652774,0.18496856,-1.0034648,0.84963113,-2.0649974,-1.4035997,4.1072803,0.05516718,-3.6006813,0.23695552,-0.69299364,3.522903,-0.11743322,0.76092595,-1.821623,-2.866346,-0.79155594,-5.680826,-3.3162227,4.3390913,-2.2895405,0.13165471,-5.306646,-1.3478187,-2.1506736,2.665439,4.1215477,-11.702549,-1.8080944,26.865564,0.9385105,-1.1251489,3.1890714,-3.452762,PD,data/Images/PPMI_Images_PD/102475/Reconstructed_DaTSCAN/2022-08-17_12_50_05.0/I1620744/PPMI_102475_NM_Reconstructed_DaTSCAN_Br_20220915133553989_1_S1159156_I1620744.dcm,102475,Validation,SC,69.2,IA87031,SCREEN,07/2021,0.0,0.0,0.0,05/1952,0.0,0.0,,,,,,,,1.0,0.0,0.0,0.0,0.0,0.0,0.0,1.0,0.0,08/2021,2021-08-25 00:00:00.0,2.0,123I-DaTscan,08/2021,2.72,2.42,1.56,1.12,2.13,1.7,Yes,,,2.7499896643487163,-0.7719409811623554,0.10991244368403733,0
-2.6233768,-17.384539,4.6359153,-3.943404,-1.5375564,3.3940122,-3.765961,1.2447999,0.8943981,-4.072867,0.1441305,1.5504054,-2.283336,0.64561373,0.04712127,17.340134,-1.726564,2.6035457,-0.22824313,11.347409,-3.2995856,-2.3530211,-1.415286,23.014257,3.406293,4.1890483,-3.450531,-0.63522434,2.2027488,-1.6731142,0.45059502,-0.74869096,2.070973,2.7382493,5.017276,-2.0019732,-1.0633509,3.803385,-0.56400883,-2.9343982,-4.9885864,1.4414164,-1.1683304,-17.813753,-1.8782746,-0.9169327,-0.8809559,-2.465267,11.2496805,-2.015953,-0.3775753,-1.2841563,-4.828408,0.8100543,-2.4000304,3.2626066,-2.6257408,0.35262954,0.5154328,3.4537213,-2.1168807,23.283371,9.43588,5.7542787,-6.836797,0.4308546,-1.3133502,0.2849654,-0.45793346,-3.9862096,0.44685662,-5.8481274,-2.658878,4.399282,0.42840466,-1.1354171,3.428003,13.370341,-0.7452122,-5.570445,0.26410154,0.9764839,1.605037,-4.736619,3.3919573,-9.608463,1.3965338,3.094288,2.5538073,-1.9512025,-0.98871267,1.1400013,-0.052945003,3.3064668,-0.3177488,-1.2097802,-11.122995,-0.35170427,-2.3110294,-1.8261834,2.8164694,-15.817708,4.9083834,1.8614926,-3.6100433,-4.463025,-2.8658419,2.9420033,3.3512216,-5.288908,-0.83191085,0.9117089,-2.4015691,0.9708698,2.7487662,1.3989916,-3.8355365,5.165122,-0.6175578,-1.4938706,-1.7840593,-1.5104822,3.3189478,1.4193617,-1.4084674,-0.5769084,-5.445019,0.45632592,10.545456,-1.7582066,-21.28106,2.7964406,-0.30264446,11.751128,-2.7773986,-1.0625304,-5.893187,-1.5837691,-2.723083,-1.4250301,-20.829842,-1.5668445,-0.8224293,-2.3267467,1.9778638,3.3488748,7.4206724,-0.36428922,17.568378,1.1100471,-2.0909395,-3.8675532,4.5303965,-0.22425379,0.059612874,6.7572207,2.3426464,-3.122411,-0.47367373,17.033873,-2.3663197,-2.7297778,4.223348,-7.549035,2.1513212,1.717703,-0.45464393,1.3696849,-1.766299,-15.925455,-10.996148,-2.0546672,0.35655817,4.8926163,4.300512,-6.008522,-1.5571649,-14.247958,0.8894746,-1.0618813,-1.4753923,-5.5909433,-19.796707,3.848784,0.30157614,-11.518155,8.42205,-0.42721596,-0.16578549,3.2626152,-0.38103688,-1.8400217,1.8105948,-1.7237473,0.2723619,2.124864,2.3735123,-2.5528557,1.2405558,-4.109675,-8.540107,-1.1385658,2.6122346,5.906716,-0.33132344,0.73630846,0.9285053,2.9200974,8.306567,1.7867934,3.2981477,-6.1451044,-1.0152545,15.562456,-0.85402334,4.889653,-9.149252,-0.43391654,-0.7246846,-0.47246045,-0.6992485,0.26734838,0.644114,2.2633603,-1.720507,-3.8307734,0.8867462,0.7845235,-2.8911853,0.054838207,2.4187713,-2.6597447,-2.3825254,0.23547706,4.29515,0.08134836,-0.5068702,-4.0388155,1.4007449,-3.1858063,2.060951,2.9063013,-0.03666956,0.5336685,-0.4942498,-0.16068426,2.1117177,-1.0068645,6.702957,-8.22401,-1.2040488,22.036077,-4.7930055,-5.7842894,5.924499,1.0295349,PD,data/Images/PPMI_Images_PD/102978/Reconstructed_DaTSCAN/2021-07-07_14_49_33.0/I1509541/PPMI_102978_NM_Reconstructed_DaTSCAN_Br_20211028123231163_1_S1076700_I1509541.dcm,102978,Validation,SC,54.6,IA88470,SCREEN,07/2021,0.0,0.0,0.0,01/1967,0.0,0.0,,,,,,,,1.0,0.0,0.0,0.0,0.0,0.0,0.0,1.0,0.0,08/2021,2021-08-02 00:00:00.0,2.0,123I-DaTscan,07/2021,1.09,1.62,0.68,1.11,0.77,1.37,Yes,,,-0.6233279175270788,1.0977132092409128,-0.8887970223244084,0
-2.218902,-25.084538,8.267451,-0.35134786,-1.8761611,-7.462245,-0.96670127,3.62425,0.032890238,-1.0221882,-0.6178895,1.5649158,1.5896071,1.6107041,0.9553027,17.395966,-0.4039109,0.1676516,-2.139739,12.456555,-1.8226978,-3.5361953,-0.99203193,19.30197,1.6535462,-0.96823794,-1.0005915,0.17771903,1.5270061,-1.3445878,-1.4779079,-3.5024219,1.4429387,2.7017424,6.697993,0.6548099,1.1703643,-1.2131667,1.3761598,-1.2298558,-2.3452775,-1.8296931,-3.8756077,-19.929853,1.8868024,0.2925253,1.2430248,0.6208801,5.721188,-1.4385598,-2.7099364,0.5264946,-1.1615086,3.5024416,-3.7202704,4.809585,1.2368599,1.8621451,-0.35899895,0.4038686,4.7531996,19.797403,2.447416,3.0869803,-3.9403358,-0.16762178,-2.4169574,-0.27171963,-1.3719342,0.16374105,-1.7647825,-8.215604,-5.24944,-1.1443657,-1.0934997,-2.8426263,2.7126343,12.476004,0.8788126,1.052662,2.3706696,-0.58529276,-0.7287409,-3.1624024,2.0114524,-9.5155525,3.208491,-0.9683356,0.9436118,-0.9090198,-0.661168,0.7238684,0.9168066,-7.17648,0.5982028,1.0655991,-11.56992,-4.2223716,-4.0372586,-0.922499,3.4559352,-17.524683,-2.182502,-0.9513222,1.2165642,-4.1234903,-1.0262702,5.0489035,-0.57494897,-6.1043177,0.16202566,-1.9650159,1.6627412,0.4496489,-1.09884,1.0049965,1.0875555,1.3337865,1.626284,-0.96466565,0.99404997,-1.3539231,1.1137611,3.0506258,0.35263196,2.360287,-4.621095,-0.5346374,4.6634183,-1.3854005,-19.22981,-5.4388323,1.9144994,8.375001,-3.7654953,-3.6693246,-2.8389752,-5.254232,-1.3021392,-4.779399,-21.216492,-0.64986485,-1.2438128,-0.869578,-0.94090754,-1.2182399,1.7954481,0.1739532,25.529034,0.48419002,-0.48265547,2.7117918,3.0872567,-2.6295667,0.23130284,13.948621,0.9450822,-0.53991246,-0.7214896,22.823978,0.39140183,-0.51941985,3.653442,-2.7454793,-0.50684935,-1.245593,-4.481248,2.9787338,-1.2828116,-12.549104,-7.957606,-0.63671887,1.4992384,3.8781252,1.5138831,0.014809912,2.9535377,-18.845047,3.3130774,-2.29335,0.5706545,-2.7507071,-22.027058,0.8617916,2.2053902,-14.379067,10.431011,0.93683726,-4.6617055,0.8576507,1.1609254,-0.4118181,1.7944939,3.9447176,-1.3652675,0.5864381,3.9939063,0.38452193,6.5736127,-2.5531797,-8.190718,2.6313012,1.5535899,5.850262,1.5055243,1.6317004,0.4584214,-0.23613998,1.3379505,-0.27474394,-1.9542418,-1.5792093,1.268602,11.492109,0.28593105,9.655031,-10.60084,-1.7048749,3.7046514,-3.4538627,-1.93824,-2.73898,-1.3656332,1.0252591,1.7655121,-1.3226384,0.9180626,-0.5724176,-2.0007427,2.4666333,-2.3408518,1.3657961,1.2230963,2.5804925,0.864747,2.812315,-0.8222465,-2.7182586,1.9300319,-5.9408517,0.515827,3.7401388,1.315934,2.5521464,-3.3281562,0.25696883,0.6459789,2.9952033,-2.0753124,-12.516781,-2.8761024,30.292995,-1.4553646,-4.466852,0.9257717,-1.6094942,Control,data/Images/PPMI_Images_Cont/103542/Reconstructed_DaTSCAN/2021-08-20_13_25_03.0/I1509554/PPMI_103542_NM_Reconstructed_DaTSCAN_Br_20211028123321659_1_S1076704_I1509554.dcm,103542,Validation,SC,57.3,IA88546,SCREEN,08/2021,0.0,0.0,0.0,04/1964,0.0,0.0,,,,,,,,1.0,0.0,0.0,0.0,0.0,0.0,0.0,1.0,0.0,09/2021,2021-09-16 00:00:00.0,2.0,123I-DaTscan,08/2021,2.62,2.49,2.0,1.93,2.36,2.37,Yes,,,4.40550022237747,-0.030244041594674663,-1.202016218644275,0
1.4660996,-28.338724,-0.2118765,1.5342263,-1.5895311,-11.743413,-3.378721,-2.977005,-2.4524245,-7.078202,-1.6165917,5.26667,-1.5292538,0.4746974,2.621295,9.052023,0.48034057,1.0526716,-1.8011273,7.4533277,-0.7082453,-4.190003,-3.6618197,15.4668255,2.5396261,2.5358946,-6.0246162,6.6920867,-0.6794241,1.7005113,-3.409334,-7.438254,2.9392316,-5.976786,0.041549467,4.051118,6.302735,-1.4452461,-0.9266575,-2.6051955,-0.54043925,-6.6684995,0.64597774,-14.027298,9.571522,2.8649242,2.4687448,-1.3043609,8.42,-4.8069754,1.443005,-4.0241294,0.64580756,-3.3660703,-2.0719466,-1.2547754,0.40950552,0.21837583,-1.5815125,-0.5364868,2.1047244,28.26874,-0.007934729,1.6518334,-6.851929,-3.0971344,-3.058223,-4.074938,0.96267617,-0.080900356,1.6533619,-13.059998,-1.8729627,1.6908077,-0.026850361,-1.5467849,4.4154663,13.037042,-3.5566747,0.17050558,-6.1834927,-0.67146206,-0.40387034,-9.996632,-1.7708561,-8.121428,6.2776284,-2.615344,8.339856,-1.9016092,-3.1063013,1.2269566,2.5000308,-12.790527,3.6890614,-6.357389,-11.366441,-0.1482262,-4.433144,-0.8208548,1.833036,-13.456504,3.785476,0.27684763,-0.20277542,-5.40644,-3.9644086,5.5532017,-0.8359313,-6.0157995,2.7422128,1.319463,3.8341687,-1.6981918,-4.1176147,-6.7841215,6.268062,-0.16675137,4.514679,0.2227744,1.1758476,1.1557294,0.5763248,0.7816364,3.1602335,8.502225,5.2115364,1.2947019,3.6733968,-1.6738102,-16.318218,-3.4339287,-1.3082075,4.675642,-1.560943,-4.163422,-2.8946207,0.33017692,2.4575973,0.330248,-11.208916,0.8309515,1.0406383,0.7094224,-2.6305726,2.3442385,3.9863775,5.3088927,26.894405,-1.1832783,-0.7756329,5.3073483,-3.1774168,-1.4963132,1.4203988,13.807324,5.247463,0.54134774,3.0678399,21.245138,0.31207538,-1.9932721,7.31806,0.24029009,-9.181586,-4.6105847,3.7045004,3.6633298,5.942222,-5.488699,-8.134709,1.0498827,-1.6767026,3.8424304,5.561954,-3.4929788,-0.37543827,-26.81072,2.2337127,-0.67670363,-1.2714938,-3.0843177,-19.206484,2.5567324,7.3920345,-21.116133,8.813808,-0.10864477,-0.88039756,1.1625757,-2.628316,-0.26699054,-1.4843401,6.208361,-1.0467101,-0.38111097,0.1364825,-1.4281939,0.13009991,-5.8627725,-12.01572,-2.9770133,-0.88939905,6.207903,-1.4125984,1.2600275,-1.0847708,-1.2869983,1.73579,4.456215,0.15490478,-6.613348,0.29592612,2.8808582,-4.0841513,4.015907,-7.7463956,1.5172126,5.0317035,2.564893,0.98707753,-2.0133724,-2.2348938,5.501881,-4.160953,-4.7385306,-7.957652,-2.4673994,-0.1619517,2.079964,-2.8235133,0.7053186,3.7343152,0.2654373,7.233365,3.2929614,4.3164186,-5.1711545,2.328816,-1.583382,-0.1654994,4.104934,1.674885,1.1536663,-2.851482,-0.2857036,-3.1849523,3.0841074,-2.9411862,-8.28131,0.7648998,35.707386,-1.2479917,-1.7302238,-0.49240434,-9.05586,Control,data/Images/PPMI_Images_Cont/106864/Reconstructed_DaTSCAN/2021-08-25_13_42_47.0/I1509559/PPMI_106864_NM_Reconstructed_DaTSCAN_Br_20211028123358785_1_S1076708_I1509559.dcm,106864,Validation,SC,82.6,IA88209,SCREEN,08/2021,0.0,0.0,0.0,01/1939,0.0,0.0,,,,,,,,1.0,0.0,0.0,0.0,0.0,0.0,0.0,1.0,0.0,09/2021,2021-09-01 00:00:00.0,2.0,123I-DaTscan,08/2021,3.71,3.5,2.26,2.7,3.04,2.97,Yes,,,7.4348524128755855,0.36568999506663236,-0.6536961906703005,0
-2.6211412,-18.218533,-2.829978,-5.9869604,-1.5557034,-1.2287431,-1.4615844,-0.09369048,0.24576277,-5.6922593,-0.5688856,4.088583,0.5650786,-0.27382517,0.7616042,18.29388,1.2408578,-1.2676181,1.3546515,11.278161,2.7244413,-3.8266864,0.10179376,13.1132,0.35272017,1.189428,0.7370186,1.855827,-2.3982825,-5.0665646,1.3415776,-2.7205255,0.364371,-0.7574998,2.8464918,4.235797,-2.6813383,3.0415635,-1.5164415,0.5613128,-2.5404212,-2.0891457,7.0244393,-11.967923,-5.179012,0.70890874,4.4600406,-0.6213917,7.015163,-0.20897938,-0.516724,-0.22012137,-4.661282,-3.3179238,-1.9201654,-1.9755044,-0.54343396,-1.7606711,-0.8242338,4.804975,-3.4257948,21.110392,7.211373,-2.1211503,-10.028517,-0.29455963,0.8695883,2.1603508,-3.3433046,4.700321,3.8254948,-5.9319296,-3.6132135,2.6795492,3.065549,6.193266,3.2423394,3.3511531,0.19424346,1.4350533,-4.4174986,-0.6779816,-2.8447742,-1.1422882,1.5251702,-5.851205,4.5417104,2.0070283,-0.57616717,-0.46683955,-1.7092811,0.051814344,4.9161077,-2.801338,6.210242,1.2881584,-11.427641,2.7852309,0.28347233,4.5873294,1.4765813,-14.761277,0.3171278,-0.2094649,-2.7041523,-2.8511815,-0.41848546,4.884743,0.15668885,-4.4559064,-0.41764712,3.3252797,1.127041,-4.3983564,-0.75466967,6.1601467,-3.5917623,1.8822249,-3.5921223,1.4616934,-1.0022899,-0.7822855,0.020416126,1.3630459,3.1413915,-2.4856074,-6.3537874,-0.8331803,1.6066673,0.092478946,-17.45095,0.8507978,3.4516437,9.313183,-1.3134147,-1.1760203,-4.590997,-1.0716456,2.8920932,-3.1459463,-16.219633,-3.4619837,-3.141182,-4.3528137,-3.3600223,1.5571349,2.982242,-1.0992447,21.250114,-0.77517444,-0.34383067,1.4625353,3.1347356,1.6413234,0.15266857,4.0303807,-0.46436867,-1.171575,-0.9490612,12.520782,-3.5090904,-2.875752,6.512618,-3.1325874,3.261238,-0.8107709,-3.4225638,-3.6797273,2.991999,-15.956325,-12.780778,5.1900773,-1.1600373,1.1459508,4.4536967,1.3928742,5.3176527,-11.037061,-0.63244444,-0.47473207,-1.8651637,-7.705065,-15.735693,1.8397776,-1.3612074,-7.932549,6.383839,1.4411025,0.30143622,-1.2120461,-1.8429236,2.0649707,-2.7552135,-3.0877113,-4.0749054,1.3559732,-2.1638107,-1.234684,-1.5895114,0.16762829,-6.2540135,-3.1500957,-1.2882012,6.0886283,-3.1184118,-1.346578,-0.41502598,-2.7598495,-1.3518388,3.7049625,1.1085186,0.34537527,4.0145354,9.756779,1.6823558,4.1721625,-6.2807655,-1.3892311,0.46997893,0.9990451,1.1261948,-3.2701862,-7.1183233,0.31334007,-1.7636012,-3.709344,-2.061137,7.9272194,4.812254,1.0238348,-0.7519904,-0.13699248,-5.622662,1.898916,1.300973,4.009065,-6.6515913,0.55437976,-1.8310566,-1.4242457,-2.8423407,2.684435,-2.2788887,0.91435313,-3.1189501,0.7036262,-0.5081916,1.8817014,0.3346856,-11.386166,0.54726464,20.331926,2.3701773,-0.3993289,4.3677373,-3.8561277,PD,data/Images/PPMI_Images_PD/107099/Reconstructed_DaTSCAN/2021-08-25_13_21_35.0/I1509560/PPMI_107099_NM_Reconstructed_DaTSCAN_Br_20211028123412272_1_S1076709_I1509560.dcm,107099,Validation,SC,63.8,IA87341,SCREEN,08/2021,0.0,0.0,0.0,11/1957,1.0,,,,,,,,,1.0,0.0,0.0,0.0,0.0,0.0,0.0,1.0,0.0,09/2021,2021-09-13 00:00:00.0,2.0,123I-DaTscan,08/2021,2.01,2.3,0.56,1.02,1.04,1.76,Yes,,,0.653602816637992,1.140820261530854,0.49623478364814905,0
-2.5728035,-22.149303,8.429951,-1.1236778,-1.6494478,-0.73485506,-1.0548629,-0.7951041,0.13527021,-5.4072227,0.40880674,-3.9669266,-2.8790653,1.3271041,1.9952171,15.13498,-0.6442604,0.6748248,3.7293465,10.102317,-3.6657364,-2.760857,4.175968,12.8519125,-3.1384444,3.2584512,0.52107507,1.751691,-2.3769479,-4.987941,0.13685866,-0.25869843,-1.4385774,2.1410658,6.566431,0.04824568,2.0990345,3.4661398,-0.399528,2.9794345,0.25616264,-4.937133,1.2071599,-13.989349,-5.20738,3.76717,-1.9038024,0.76367277,6.4440284,1.0105586,1.946696,0.013476648,-0.5750458,0.051298365,-2.5845606,-1.763305,-1.7644377,2.6866531,-3.3576145,1.0829544,-5.5149035,21.782976,7.7665854,-3.0234547,-7.469571,4.6110544,-1.0590535,-3.153318,0.9506012,4.9205203,0.04343497,-6.413414,2.3353338,6.301003,0.5015811,-0.7461094,4.454747,9.700348,4.0316215,-1.1627284,-0.23247842,0.6895052,0.49801898,-3.198993,0.49699137,-3.193083,5.6106496,-2.0389555,3.6787062,1.1272312,0.39937726,0.36298737,-1.7156901,0.13268502,-0.23201367,0.009258677,-10.23897,-1.135472,0.9238637,-1.5175188,-0.51914644,-12.193141,-1.7587546,5.0410695,-3.2395756,-2.935091,-1.8145028,6.3394513,-1.8691216,-6.235525,4.634058,1.41288,-2.4849358,-2.7268798,1.0696324,3.3371637,4.4708996,4.1955986,0.0949738,0.046822157,2.461837,-6.457968,5.7438564,1.9085866,-1.172809,0.025740368,-2.9187276,-0.22759561,5.5996137,-3.2710714,-21.604282,-6.8020864,1.6100051,-2.729254,-0.958518,-7.116619,-4.0151725,-1.707819,-0.1546962,-1.6083088,-9.550232,-5.3182945,-1.0649936,-0.71293503,3.8336003,-0.1974382,0.43377718,2.0893679,18.935669,4.6963487,-3.6681008,-1.1788586,-0.74398834,-1.4475857,-4.359203,12.815816,-0.5564483,0.15485434,-0.027442392,10.352703,-5.762951,-3.459187,0.6744045,2.9942782,-3.0456815,2.3493998,1.202579,0.709901,3.92029,-16.01062,-12.261721,-1.3471807,1.54483,4.2942696,0.9353853,-2.4063199,3.472355,-14.648105,3.2526402,-2.6825569,-1.7115197,-3.3446767,-11.714771,-1.6929129,5.4540415,-14.400017,13.413975,1.23994,5.8329887,-2.3038213,-0.22379687,0.56037074,-0.6133858,4.0932145,-0.42875466,0.91220057,-1.3339616,1.8192112,-0.6580967,-3.79675,-6.2116857,-2.8209963,2.2847471,6.132974,-1.6597215,1.735569,-0.554179,2.2114003,-3.108231,5.168229,0.7436512,-2.4091165,-0.4790247,8.346485,1.3629569,-0.8924319,-3.4400249,-7.4040627,-3.2150657,0.22529726,0.62500346,-8.976815,3.8605921,1.3284351,0.30101094,3.0371976,2.6474526,-1.7939104,4.6424537,0.8628126,-3.2172394,-0.21698114,-2.2634542,0.6276844,-0.47997987,3.6117568,-1.8957766,-2.0344677,7.6450567,-2.7876635,0.8206253,2.0981038,4.2711306,1.7941494,-5.929073,2.2569115,-1.4846724,-3.3788521,-5.206398,-8.96589,1.301728,22.063171,0.13640739,-0.7873937,2.0249119,-3.801756,PD,data/Images/PPMI_Images_PD/110220/Reconstructed_DaTSCAN/2023-02-24_10_30_00.0/I1707462/PPMI_110220_NM_Reconstructed_DaTSCAN_Br_20230526093111615_1_S1228026_I1707462.dcm,110220,Validation,SC,66.9,IA87279,SCREEN,09/2021,0.0,0.0,0.0,10/1954,0.0,0.0,,,,,,,,1.0,0.0,0.0,0.0,0.0,0.0,0.0,1.0,0.0,12/2021,2021-12-15 00:00:00.0,2.0,123I-DaTscan,11/2021,3.64,4.13,1.0,1.44,2.37,2.51,Yes,,,4.930268028701816,0.9230568583620858,2.2588353105511514,0
-0.80138326,-24.989998,6.0851545,-6.1676674,-1.3320707,-4.039712,1.9275181,0.52429044,-0.38033888,-1.0503292,-0.5878832,2.296561,1.6017435,1.3363782,3.7222152,18.060253,-1.9384742,-0.80931735,1.2857071,10.709346,0.071623914,0.80945826,1.4774197,14.141585,4.2014465,0.0073320344,1.0018911,1.735191,1.4256904,-1.2487589,-2.1880953,2.634693,-2.6766694,0.8618574,0.7597089,6.7319875,0.37220034,0.48130727,-3.9637308,3.828219,-1.6319209,0.4848943,2.6272058,-18.348131,0.24480413,-0.07015755,-2.223831,-3.9931061,3.354689,-2.0930488,-0.7156005,4.3166413,1.644212,1.7729794,-0.45006534,-0.2505628,5.176693,3.3014827,-2.3751779,1.5813289,-1.5249298,22.949785,3.6836236,3.0070024,-7.6367803,-1.285588,-4.3218403,2.4834309,-0.033207316,0.93975705,2.7844293,-8.561972,-0.13237537,0.49699554,-0.8966588,-2.335372,-0.045172393,10.343455,0.11123329,1.3148438,0.97674114,-0.53742963,-4.625966,-2.705118,-3.039359,-10.844339,5.027741,-0.9790049,3.4262826,1.2017813,2.3499796,-5.1031356,-2.3356714,-5.8738523,-4.9267073,-4.434473,-10.638496,-2.0849938,1.6748441,-2.9999595,0.5100517,-13.685318,-1.8995334,-0.77268416,-0.57176423,1.0732813,-4.7085037,7.586596,0.47191215,0.2858631,2.5258636,0.2826231,-4.927512,-0.83684665,-1.7283617,1.2608117,3.9839334,-1.1814173,0.41428846,-3.326553,0.61640894,-0.13430454,-0.24212937,1.0391614,-1.7924758,-1.1381661,-6.3614335,-4.164063,7.2312875,-2.5803916,-25.771317,0.39163294,-0.6874144,5.2768755,0.07947573,-4.0406303,-4.1015353,0.68493444,0.93022776,-2.2614806,-17.646164,-1.2869306,0.021471785,-0.6876513,-2.2796528,1.7382573,0.2594219,-0.43939245,19.632494,0.24931125,-4.0262146,2.8749635,-1.4639075,1.278735,-2.0551128,10.048554,-4.293986,0.31025994,-3.1167386,20.135214,-4.4073944,2.6858974,4.4076977,-9.248945,-0.47315294,2.648505,4.2532744,-2.777567,-2.0321662,-14.186364,-5.8885694,-0.005327658,-1.161224,3.8478088,-1.1333051,-1.0367341,3.6065423,-16.876879,-0.26398373,-4.530274,0.6303222,-7.6857214,-23.755398,0.06977677,4.4122725,-13.152606,8.031277,6.387121,-1.4676212,6.862274,1.8995649,-2.7665322,-4.5926065,0.02072195,-0.432431,-0.2147629,2.8035204,3.498606,-2.1387036,-0.7672551,-7.6554832,1.7537539,1.3294579,10.33027,-1.6115588,3.0365088,0.47630477,1.571008,1.500098,-0.16074157,-0.012828225,-2.187375,0.93964356,5.4049697,1.626595,4.067336,-11.277096,-2.4669206,2.6960402,-5.9875703,-0.41482437,-1.7250532,2.539158,2.350217,-2.5895598,0.96685493,-0.5460264,1.1987494,-0.7199314,-0.36724573,-1.1311399,1.6106008,-1.7210901,2.4832225,3.8452764,2.2859843,-0.26630947,-3.271522,1.9279715,-3.4691193,-1.1623206,-1.0928086,-4.2684937,-0.83550286,-7.4849076,0.14421111,-1.6843941,0.42020443,0.57882655,-10.282702,1.4007463,23.377405,2.7405748,-0.151138,3.6978583,-2.899158,PD,data/Images/PPMI_Images_PD/110360/Reconstructed_DaTSCAN/2021-09-14_14_16_46.0/I1526816/PPMI_110360_NM_Reconstructed_DaTSCAN_Br_20211214181955606_1_S1090479_I1526816.dcm,110360,Validation,SC,61.6,IA87052,SCREEN,09/2021,0.0,0.0,0.0,01/1960,1.0,,,,,,,,,1.0,0.0,0.0,0.0,0.0,0.0,0.0,1.0,0.0,07/2022,2022-07-12 00:00:00.0,2.0,123I-DaTscan,09/2021,2.42,2.07,1.41,0.77,2.06,1.32,Yes,,,1.6205784165787622,-1.2216970252005308,0.12876214061269708,0
0.48443735,-24.452217,-1.1392438,1.8996509,0.47790784,-8.384604,0.340666,-3.1842842,-0.9090172,-7.3218555,-1.3607419,1.042899,3.0807347,2.9093673,1.8356647,22.289867,-1.6959925,3.6344776,5.8360224,-5.806881,-3.343516,1.4372662,4.411452,21.206297,-1.3413569,1.0505978,0.67607677,-1.8008326,1.1596549,0.5084278,-0.122984365,-7.93895,-5.9885144,4.5482583,5.5703783,8.094821,0.13583107,2.1631117,2.773668,4.296969,2.890176,-1.8420473,-2.228799,-11.825321,-3.7280846,-1.5964046,0.63322186,-2.5144093,7.728494,0.8388054,0.19743702,-6.847548,-5.4907904,5.45808,-3.3059618,1.3816681,0.98141736,-0.7294847,-1.9027462,4.1299696,2.8486855,26.22236,0.88381344,-7.3641562,-9.74256,-0.24715205,-5.447536,-0.59925693,0.111812584,0.7780062,-4.537312,-5.1517982,-4.4469786,8.783687,-1.989666,0.9529436,-6.524208,16.705088,-4.443424,0.7257674,-7.49634,1.935428,-1.1517696,-6.4405355,-3.937829,-2.7931557,10.036821,-1.5164181,6.593133,1.990891,0.92566043,-3.8393848,0.5819414,-7.436931,4.0002704,-6.0880175,-12.66172,-0.11577187,4.2955756,2.7485647,-1.6752497,-9.994415,1.6576035,-4.4797916,3.7833416,-2.2825122,-5.2024026,-0.045746848,-0.9393157,3.3235328,5.8468285,2.3323507,-4.4072833,-0.8349062,0.11865339,-2.8860397,2.289587,2.6316485,-2.7255714,3.0139797,1.5351877,-2.5501378,1.8544625,0.5821365,0.33772892,0.5081017,5.7912965,-1.0811722,5.6692142,0.28283128,-12.253004,-1.7337034,-0.7500368,2.7102096,-2.104261,3.5585735,-5.252889,9.240547,-3.5109782,-6.3681517,-11.215836,2.0088742,0.11959477,1.57255,3.587252,2.1869776,4.6854725,5.168197,23.506468,3.4604402,-5.994423,-1.9522477,1.4422003,-1.2742934,2.9990819,16.238344,0.5389097,-1.5050513,4.459181,23.333916,0.7636382,2.8817458,6.409644,-1.8385755,2.0627692,0.17795928,-2.2383726,-0.71099293,4.5950637,-8.693748,-8.914997,-1.5781475,0.31164154,4.602302,4.422997,-7.1830997,4.666635,-27.299145,-3.20645,-5.826778,-0.154117,-10.3995285,-16.321253,9.523474,2.8805501,-15.402511,13.143633,1.0002122,1.8877202,1.154589,2.4972768,-0.5114822,-0.96574897,-0.9864157,-4.129636,2.412272,5.558184,-3.0970466,6.9611125,-7.4759727,-9.565596,-0.32143494,-1.2274394,-2.9867768,-1.6435782,-2.4064763,0.3439726,0.87145483,4.532982,5.4002404,-1.5784968,-12.416835,0.4609972,1.436436,-2.4283082,10.41166,-14.2474575,-2.8545973,-8.346599,-8.032699,3.5552611,-9.461032,-0.75939685,7.2597623,1.1500615,4.84732,-2.637015,-2.416873,2.5051982,-0.30686623,-1.9904344,1.9969857,2.0574036,2.824432,5.833054,9.165961,-0.3500975,1.1206357,1.1511754,-7.6481953,0.29067677,0.3783817,1.9122014,-2.7441595,0.20640197,3.277023,3.9305966,0.067514196,1.0537654,-1.8434728,5.579997,31.832573,5.007972,2.9025562,-3.8160977,0.76989514,Control,data/Images/PPMI_Images_Cont/110686/Reconstructed_DaTSCAN/2021-09-30_14_40_31.0/I1526818/PPMI_110686_NM_Reconstructed_DaTSCAN_Br_20211214182032688_1_S1090551_I1526818.dcm,110686,Validation,SC,69.3,IA87669,SCREEN,09/2021,0.0,0.0,0.0,05/1952,1.0,,,,,,,,,1.0,0.0,0.0,0.0,0.0,0.0,0.0,1.0,0.0,02/2022,2022-02-18 00:00:00.0,2.0,123I-DaTscan,09/2021,3.45,2.85,2.31,2.22,3.02,2.34,Yes,,,6.048212408967734,-0.78565722950473,-0.8639689429067622,0
1.939299,-36.12302,6.5089493,1.0738518,-2.576006,-15.522407,1.9546374,0.7167882,-0.9761899,0.55313635,-5.053049,2.287927,-1.829188,2.5268257,1.4751117,9.43866,-1.0993091,-3.314997,0.4370859,11.243834,-1.5757768,-2.8414664,-2.06606,12.509372,1.2898611,1.3918366,-4.976939,0.110341266,1.5411245,-1.4830723,-4.4121547,-1.5236883,3.1839514,-0.49299383,4.351098,4.924438,0.7016562,2.7275493,-1.089478,4.631176,-1.1617033,-2.5656028,-0.023546955,-14.096249,4.0679054,-4.393479,2.2612293,-3.3874686,5.517511,-1.5281173,-1.1627402,-0.7817207,-3.032995,2.9372358,-0.09072334,-0.3353685,1.7435571,-0.100609854,-1.9176188,4.1125536,3.0174499,25.951735,3.4715173,4.3666024,-7.091384,-0.31720096,-0.76947147,3.0435848,-0.5421298,-1.8197775,-3.5636876,-10.708976,-2.8931055,-8.136612,0.4881756,-1.0918281,3.6081235,11.5906,-1.1317086,0.13357455,0.33051848,0.34119898,-2.8730583,-6.4374967,3.7027164,-11.724064,2.1176531,-0.75424594,4.3224626,0.94533575,-2.3807282,0.895646,-3.750898,-14.42753,2.3693287,-0.20675077,-15.232604,0.21519357,-2.5712993,-0.016578019,-3.5154414,-13.360636,-0.6441865,2.1122234,4.153785,0.949805,-4.4334965,6.899173,-0.35734937,0.11614554,1.258525,-1.7457485,1.043103,0.16787112,2.1621559,-1.2967147,9.804203,1.4629556,-0.31263256,-1.437005,0.89897025,-4.700926,-2.0882967,1.2370594,0.39098915,0.11123075,-2.4824336,-0.82068306,3.3606794,-0.6968101,-24.607536,-0.2574089,4.1542816,8.379656,-0.18273628,-4.133786,2.5017164,-1.2989671,-3.034524,-1.8730823,-17.206932,-1.3467698,-5.8327184,-2.4023166,-4.6533265,0.13715701,0.5453609,0.6109769,19.558346,0.047462337,2.7432842,0.6906522,-0.68995965,-1.4929868,-3.4257824,15.232301,-2.9469175,-1.7365391,3.5123036,20.510221,3.3925374,0.5661498,2.5304432,-2.1049817,-3.7961915,-0.29965925,1.4456561,-1.3095033,5.1085396,-8.412843,-7.439728,1.9983364,-4.185309,3.1777668,-1.8998255,1.0171981,-2.74239,-19.558771,1.3011283,-2.5297096,-2.6640255,-6.545388,-23.752832,0.75165653,9.753121,-14.565682,7.3295403,-3.260733,-0.09997209,2.452025,0.35396424,-5.453288,-0.40968966,0.6249851,0.045311004,-1.4951023,3.8285673,-1.1605606,3.2721217,-4.8639297,-10.300948,-1.2419655,3.3334408,4.8357377,2.6998732,-0.5151814,-1.6591685,-1.9656227,0.3951034,0.64609087,0.42804468,-1.6397911,0.3217933,8.2473345,-5.180353,5.3064556,-7.303409,1.7580004,-2.743335,0.35379073,1.803379,-6.5236645,0.4855056,3.1742067,-1.9108264,-1.2169298,-0.58367085,2.5678985,-1.8024571,1.026701,-3.8985264,1.3696747,1.47745,2.3132932,3.3850853,0.9949378,0.9836784,-3.1786702,-0.295799,-0.4415284,-0.1386527,-3.080188,-1.4245703,0.3628833,-0.10665193,0.6166148,1.4498988,-4.6150565,1.5319871,-16.033731,-2.5047889,36.982132,4.264695,0.4220944,-0.94543594,-1.6443332,Control,data/Images/PPMI_Images_Cont/111099/Reconstructed_DaTSCAN/2022-04-19_14_16_12.0/I1581780/PPMI_111099_NM_Reconstructed_DaTSCAN_Br_20220518135616572_1_S1133790_I1581780.dcm,111099,Validation,SC,30.6,IA86980,SCREEN,04/2022,0.0,0.0,0.0,09/1991,0.0,1.0,,,,,,,,1.0,0.0,0.0,0.0,0.0,0.0,0.0,1.0,0.0,05/2022,2022-05-13 00:00:00.0,2.0,123I-DaTscan,04/2022,3.19,3.16,2.62,2.85,3.12,3.12,Yes,,,7.492766245618119,0.31838859827526067,-1.818510132384832,0
0.09539427,-28.487164,-0.77383876,-4.1141267,-2.2036672,-11.442234,-3.6253605,2.4276195,-3.7612135,-0.83007807,-4.3571243,-1.2517521,2.8086069,-4.4053016,-6.407382,14.169739,-3.1391633,5.2232413,4.4108725,5.77293,0.23801856,-8.495299,4.331768,16.132278,4.1400356,4.003667,0.41402996,-2.6327593,4.1174264,1.3276788,4.9853024,-6.689038,-0.295023,1.10766,0.24315847,4.164821,1.1899905,-3.2082887,1.1223592,-6.5489554,-1.9952064,-0.12849769,-1.4930408,-11.840017,2.9985316,-2.3178494,-0.6827854,-0.90145886,5.1061563,-4.3486886,-3.1477985,-3.942889,-5.898643,0.3104336,-0.80066466,0.27922627,0.7945747,-2.8562644,0.65156794,1.2040592,2.1677635,28.600412,3.3222234,0.0121616665,-3.4724712,1.5016384,-0.014380717,-0.7371362,0.3154642,-3.189002,7.129468,-12.261797,-0.12480761,2.0428708,4.614,-3.1947954,3.9860115,9.509629,0.34771296,-2.236547,-4.7784605,-6.402956,-1.5339905,-5.0287933,-1.6922354,-8.411045,6.143696,-1.998258,5.2168193,-4.8448954,2.4977827,1.132745,2.91635,-16.63795,-1.5026686,0.1667106,-10.125425,0.79196185,-1.9915442,-0.20399879,-3.7786646,-13.8330765,-0.19665329,-4.955622,-1.8244871,0.086455055,-6.909116,4.523167,-3.1332705,-1.0901452,-0.6168848,-0.5456034,-3.2892888,0.763062,-0.7700706,-2.174369,5.3944483,2.9444985,1.6606991,3.9562905,-1.2657183,-0.2305006,-1.4404782,-1.030427,2.4939096,-4.4572816,-5.720327,2.223535,0.56265444,-2.0633414,-19.167454,3.7366428,1.8937349,8.70805,-5.0282283,-0.65488476,-6.8205414,7.898743,0.4593577,-4.445015,-15.784837,3.0643609,-3.3630009,3.2238138,-5.659639,-1.9900637,6.929411,3.870574,27.454956,-4.1148615,-8.928298,4.70081,-1.7005388,3.0680404,-0.2369145,15.632514,-6.431471,0.7258313,-0.21755522,17.500896,0.73615414,0.12626149,7.5373936,-6.293519,-1.8470957,0.56037605,0.018021137,3.2128932,5.071626,-4.6885962,-10.218547,0.92264867,-5.6253486,5.065927,1.7323173,-1.9042041,3.30087,-25.826235,-1.7764571,-3.8636494,2.7369263,2.0973516,-19.358906,2.0019884,0.0725103,-14.257615,9.866027,-2.1710188,1.7138008,-1.3616123,1.2699935,3.352684,-0.21333924,3.672979,3.208346,-1.4548814,-1.5199395,3.4985402,1.8422678,-4.2232246,-4.7006016,-5.391213,4.6873813,1.0213814,-2.87923,1.4074538,-6.874351,-7.5810676,1.7671064,-0.34780636,0.7991697,-8.404292,-1.819543,7.759239,-3.4536226,9.840913,-12.262175,-2.688812,0.71004844,1.9483303,2.156907,-4.6521573,-1.4540068,1.754516,-0.72270864,1.6605363,-1.1145427,1.6995679,3.9355063,-7.5889587,-0.7507851,-0.92562556,1.4256136,0.22680554,6.1826463,2.6887417,-3.2300293,0.51285386,4.3389244,1.5056216,1.2736115,3.7950618,5.520674,-1.8766876,-3.8814838,-3.2178755,1.3374865,-0.7920348,1.0341274,-12.7667465,3.55067,27.393393,3.5613518,-7.8068695,-0.34062168,-6.4710765,PD,data/Images/PPMI_Images_PD/112691/Reconstructed_DaTSCAN/2021-09-15_13_43_15.0/I1526821/PPMI_112691_NM_Reconstructed_DaTSCAN_Br_20211214182126068_1_S1090558_I1526821.dcm,112691,Validation,SC,67.7,IA88882,SCREEN,09/2021,0.0,0.0,0.0,01/1954,1.0,,,,,,,,,1.0,0.0,0.0,0.0,0.0,0.0,0.0,1.0,0.0,12/2021,2021-12-22 00:00:00.0,2.0,123I-DaTscan,09/2021,2.57,3.27,2.11,3.28,2.45,3.62,Yes,,,7.03565029629159,2.373014943874793,-2.2137220009801535,0
2.8195715,-26.875717,3.403507,-7.708047,0.59966415,-6.404826,-0.985209,6.4111624,-3.9934382,-2.4106843,-3.8505147,-0.7169223,-0.2786078,0.65960306,-3.3178358,11.203476,2.0703974,0.9003727,2.9886045,11.06602,0.67600226,0.8068406,0.8992798,14.032565,-1.2935838,5.934307,1.2093623,0.35289264,1.2404829,3.6151054,-0.2131774,-3.7226462,-0.52905005,-3.3821084,3.6278071,5.06008,3.9897504,6.0429254,-2.7168396,-0.34984964,3.1948686,0.26807564,4.970949,-19.74877,2.0529828,-2.701123,-0.09482374,-0.6922115,6.282697,0.82603157,2.6183848,0.9338565,-4.2998734,-0.47637457,1.1543254,-1.1622872,1.7490798,6.1090164,1.3741776,4.5762954,0.19544837,24.620771,3.389058,3.8012242,-4.5794373,-2.0790749,-0.9526667,-0.11139762,1.5715085,-0.59049886,-1.2626483,-8.654421,0.09213145,-3.094958,2.1903293,-0.8167184,-1.4727467,7.297331,0.8906154,7.1579127,2.511277,0.2387519,4.3792305,-7.649923,1.7670982,-6.56734,1.1422447,1.4818685,1.6653924,-1.6887605,-4.5849247,0.19122247,-4.4213815,-10.993057,3.4604144,-1.2878298,-17.84682,0.22576213,1.9686037,0.027405947,-1.0392509,-16.51488,-3.6863425,2.1657732,-0.64447224,-1.8766321,2.7806566,6.652785,1.800473,-4.7355657,1.1164062,2.8654013,1.7857282,1.5916737,-0.79607826,3.0139873,3.6454754,3.977555,-2.0688667,2.693881,1.7103904,4.089037,-3.455384,3.4033072,0.81374556,-0.25708222,-3.1624568,-4.116543,7.3099875,0.107576214,-24.15466,-2.2455251,-3.8373296,9.326939,0.5028457,-1.5136136,-8.64075,-3.6391652,0.952345,0.053111143,-13.637032,0.31172785,-1.8039951,2.2501094,1.194269,-0.08486335,1.8560282,0.9745844,20.2229,0.8770899,-1.5714726,-1.9843053,4.9199767,4.5570803,0.6089389,8.59839,-2.1774054,-0.017700337,0.7433825,21.431376,-2.7063587,-4.454197,-2.972917,-5.4664726,-1.9016122,-0.014070085,-0.21275012,2.7055607,5.109058,-11.340671,-10.273906,0.12107594,3.4174066,1.3254088,8.626338,0.8582178,-0.6228037,-11.225961,3.9596963,-1.636217,3.157951,-5.9275618,-20.548653,-1.4303166,4.813022,-10.0727625,6.804102,0.0948399,0.19720566,2.2649539,0.4658838,-0.3701308,0.8838999,-1.0229285,-2.6821566,2.3562288,-1.3842589,-1.5423619,0.1498305,-0.21539477,-9.201149,-2.630714,1.6440797,6.4899793,-3.5663621,1.4507098,5.097444,0.7138899,3.5182974,2.3243835,4.3218746,-2.717499,3.924746,13.081975,3.2569785,9.420508,-6.405844,-3.32949,2.92027,-1.8168445,1.9915801,-11.08482,3.3164794,-0.6783003,1.2760125,-2.8941517,-3.3582337,2.695773,-1.4867334,-5.8855906,6.9227614,1.382524,-1.3934556,1.0604049,1.6109842,-2.2296267,0.50251704,-1.5130551,-0.67061627,-2.6351268,-5.8916216,-1.5959547,-0.91831577,-1.7239239,-3.408281,-0.65447086,1.3403506,5.346318,2.502025,-13.373386,-4.6233993,29.393244,4.062764,0.96604776,0.8310813,-1.2369537,PD,data/Images/PPMI_Images_PD/112926/Reconstructed_DaTSCAN/2022-11-18_15_42_16.0/I1660670/PPMI_112926_NM_Reconstructed_DaTSCAN_Br_20230127101707286_1_S1188677_I1660670.dcm,112926,Validation,SC,71.4,IA87670,SCREEN,09/2021,0.0,0.0,0.0,05/1950,0.0,0.0,,,,,,,,1.0,0.0,0.0,1.0,0.0,0.0,0.0,0.0,0.0,11/2021,2021-11-09 00:00:00.0,2.0,123I-DaTscan,09/2021,2.73,3.54,0.97,1.48,1.7,2.32,Yes,,,3.420149596664534,1.4591187663425254,1.130559586928384,0
-1.0854858,-18.92089,0.57796395,-5.6572366,1.1839551,0.2690986,-1.1502904,1.7288883,0.8809222,0.74126863,0.44471338,0.98195153,-3.0129964,2.5522165,3.854656,17.496058,-2.5524766,0.23134044,-1.9732322,8.318101,-1.6841623,-2.9800005,-3.9336348,17.399647,4.432808,-0.9164936,-0.370497,-0.23193227,1.6437303,-0.1520011,0.9805408,2.0551097,1.4430566,3.771906,8.015419,2.1724765,2.7047262,7.403934,-0.4880471,2.191626,0.60850024,-2.69869,-0.04537528,-18.459227,-1.2461919,2.0167632,-0.62406015,-3.3358328,4.951469,-0.63417166,0.76717544,1.3604459,5.5039077,2.746549,1.7895063,1.7339824,4.379368,6.052635,3.8164315,3.5534747,2.226545,18.26985,6.836896,1.6880964,-9.747256,0.20452756,-1.6975032,1.5296187,-2.7926679,2.7943406,-2.6540625,-5.613118,-1.0272197,1.957434,1.3393021,0.73485214,-3.2646515,4.869871,-0.6475674,2.1944604,0.96688557,-2.1038902,-3.205679,-0.23327652,7.200142,-7.0047503,0.02797423,1.8660655,0.53233725,-2.8303711,0.095075235,-2.5254567,-2.3293264,-0.11161313,-0.5088465,-3.4450352,-9.027655,-3.812148,-1.3962883,3.897785,-0.61324084,-8.370716,0.58269227,3.1023624,3.9986508,0.07303999,-0.5126718,5.6548924,2.874692,-5.4284325,0.8839136,0.12115464,0.36157772,2.0629768,-2.3948052,0.88315475,1.1368546,1.2455597,-0.5820404,-0.49755952,-3.9883049,0.94283366,2.980331,2.0398495,0.2952131,-1.2025515,-7.8573303,-2.0853188,11.965061,-0.22873066,-21.40845,-2.6503663,5.5822225,10.254454,-4.8646116,0.5331563,-3.0443032,0.6232473,-1.9136382,0.24959289,-19.611498,-0.50604206,-3.9876723,-2.5148826,0.32338133,-0.22213902,3.8987753,0.81540066,19.408886,-0.6976192,3.1839435,-0.03063113,3.359284,-3.70103,-4.3342824,9.066476,-2.4595528,-1.3249246,1.7280526,17.506128,-0.73997897,0.30027485,3.9034348,-10.122456,-1.6528091,0.51967674,0.5235101,-0.2901974,-1.7463312,-13.58858,-7.600899,0.3385428,-0.5174957,2.2365656,-1.0914527,-3.404651,2.7113578,-13.33105,1.7074349,-1.6255162,0.3822262,-8.767188,-19.974365,-2.5853379,1.9895803,-13.262131,9.836842,5.4972367,-2.9361274,6.525314,3.466372,-3.1944685,-1.7833408,3.6304803,0.7526912,-3.4740267,1.1684922,2.3266304,3.1646163,3.2009695,-13.240319,-0.8445293,-3.3466487,6.6218677,-0.0043625124,0.059809964,2.8670354,5.3084874,1.4174113,4.999644,-1.649156,-3.8525565,0.36981013,11.596884,1.8603112,8.713212,-6.686767,-0.46962658,0.8769632,-1.1187994,0.03845401,-6.401312,-0.51768064,3.6568632,-0.86382604,-4.433103,-0.08442083,1.2390208,-2.7130976,-1.6344624,-0.124752596,1.3182708,0.51602423,0.17240173,1.0800736,-0.60410845,-3.1908128,-1.1636207,1.5819564,-4.5650845,-1.6244874,-1.3013132,-3.6377635,-4.2768955,-5.127091,-1.0750222,0.68097824,-0.49929595,1.5555218,-10.783336,3.18852,24.761011,2.3323965,-0.62000614,-0.9430386,1.0972877,PD,data/Images/PPMI_Images_PD/113355/Reconstructed_DaTSCAN/2022-11-15_14_31_53.0/I1671687/PPMI_113355_NM_Reconstructed_DaTSCAN_Br_20230228114515411_1_S1198043_I1671687.dcm,113355,Validation,SC,56.4,IA88324,SCREEN,10/2021,0.0,0.0,0.0,05/1965,1.0,,,,,,,,,1.0,0.0,0.0,0.0,0.0,0.0,0.0,1.0,0.0,02/2022,2022-02-18 00:00:00.0,2.0,123I-DaTscan,10/2021,2.68,1.49,1.52,0.55,2.06,0.99,Yes,,,1.0864600071742334,-2.2212633231333867,0.021621184007167952,0
-2.3830237,-20.862211,5.968829,-2.4619658,-3.1346717,3.774779,0.81428283,4.5891685,5.44289,-0.20426512,4.9904704,-0.042671543,-4.732623,-0.28527382,-5.124984,16.623951,3.803485,-2.0615032,-2.366949,10.968039,0.69813585,-0.07981953,-2.7388988,20.267614,0.96555483,1.2792007,-1.8573958,-1.4004086,0.6042102,-0.13632779,-4.4682984,1.6768993,-1.7495677,3.5480611,11.134574,2.8621092,-1.5574462,0.47482446,-4.8734164,1.0572037,-0.4834997,3.3060868,-3.8236074,-21.35045,-1.4200495,-1.3936965,-1.8192239,-2.9167717,0.24421331,0.27502742,-0.92434293,1.816038,-2.5878172,1.0254954,0.30336124,1.865296,-0.3340829,2.2274,0.2312821,7.170266,-2.6070642,19.171389,8.21434,2.9762673,-7.172161,-2.5288177,-1.7016424,0.97019523,-4.935831,2.6296554,0.21451692,-6.154391,1.3535196,3.3681438,0.59362257,1.7745495,3.2612631,9.116942,-2.4501045,0.05517633,-4.207662,0.29052082,-0.7668204,-3.1693113,7.357344,-5.85507,-1.4666075,5.7543135,-1.9930613,0.20718013,1.3384811,-3.2508733,0.023638802,-0.3686651,2.1484487,-1.4260064,-16.215363,-2.746169,-3.4725242,-2.7180626,3.2889807,-14.501259,1.0373514,1.4236131,1.1551381,1.351565,-0.74720687,3.0060623,-3.843704,-4.242252,0.241559,2.8672354,-0.21492094,0.67516506,2.03836,-0.085813925,-1.0367345,1.1528829,-0.7560005,-1.3213172,0.99223596,2.046003,2.5184307,4.3399343,0.2531173,3.4968612,-3.369269,-3.5462768,7.9280043,-0.4833854,-20.695732,0.26809043,-1.1865089,9.918825,-0.23811272,-3.6945121,-5.1301136,-2.7219443,-1.9486135,-0.14528856,-17.531275,-2.2517262,-1.6355593,0.6660712,-3.7725246,0.7921206,1.867481,1.8062446,19.80785,2.1521957,1.5546677,4.2365026,3.0738041,-5.599041,1.1958193,10.572342,0.557773,-0.9223577,-1.9401953,21.9703,1.1791524,5.7832847,1.6349036,-8.454557,0.33712977,2.7745657,-2.9202452,-3.9132502,-4.0492816,-16.044767,-12.475016,-1.7012123,-1.5519844,-0.28293142,-0.47427624,-3.1352067,4.54786,-10.647029,0.29476893,0.055282492,-1.298333,-6.627344,-20.73533,-2.5866048,2.2767181,-19.13111,9.4218235,4.3144045,-3.3522072,2.8045685,-0.2880384,2.5501063,-1.0880632,0.37759155,-2.922926,0.4039046,1.9670755,-1.1635824,4.943062,-1.5760862,-11.115716,-1.6678466,2.0158777,8.685124,-2.5890434,4.2035685,0.2846099,1.3364328,0.25986663,7.1068487,2.9223204,-0.46668902,-2.6667163,8.460146,-0.14175761,8.050238,-9.7911,-2.1291904,1.5590546,-2.5959327,-0.6266701,-5.718261,1.7385334,1.9139614,1.7196833,-3.7146063,-0.8706701,-0.9874609,-1.9187905,0.18358336,-2.2940226,-0.60590136,-0.71317315,0.050998665,1.2381809,0.3312485,-1.1317725,-0.347992,3.2531369,-3.6987646,1.630616,2.856096,-3.0432148,-1.8232344,-3.1768117,1.4751989,4.9846144,0.6133177,1.4094952,-8.711695,-1.0942194,21.105204,-0.3178122,-2.1678112,1.6599377,1.73087,PD,data/Images/PPMI_Images_PD/113446/Reconstructed_DaTSCAN/2021-11-18_14_57_23.0/I1529619/PPMI_113446_NM_Reconstructed_DaTSCAN_Br_20220103150719102_1_S1092660_I1529619.dcm,113446,Validation,SC,68.0,IA88163,SCREEN,10/2021,0.0,0.0,0.0,10/1953,1.0,,,,,,,,,1.0,0.0,0.0,0.0,0.0,0.0,0.0,1.0,0.0,02/2022,2022-02-18 00:00:00.0,2.0,123I-DaTscan,11/2021,2.18,1.75,1.01,0.71,1.59,1.18,Yes,,,0.4812464123773231,-0.7541528829247016,0.13941540879525513,0
-1.0548003,-22.019896,3.3321812,1.6029311,0.90830445,-0.5627659,-2.886385,-2.2175226,-1.5124322,0.4716461,0.05822343,0.21076514,-0.073636934,0.8993205,2.4973807,15.19418,0.0046167327,0.87115926,-0.43739203,13.120633,-3.0279558,-5.4968495,0.47787762,17.62585,-4.7861137,-1.6974014,1.0341672,2.8938644,2.697184,-2.8156192,1.2836486,1.0716528,-0.5374617,-1.3188487,3.5854616,2.6486313,-5.5551314,-0.7300717,0.08119058,3.5852003,-2.6901572,-5.698355,1.1884736,-11.586737,-2.5104015,-0.5666702,2.899511,-1.980708,6.4813404,-5.4267273,5.4525957,0.5286672,2.3339255,-5.4161143,-0.9827629,-1.7043494,-0.023987759,0.97908723,-4.0335894,0.91137916,1.2577369,20.096231,3.669748,3.0795605,-8.979744,0.52734977,3.350171,5.9723268,2.7580702,-2.808784,6.587622,-7.2368793,-0.10116348,5.2458034,4.7761536,1.0491538,1.1068646,5.537595,3.1240323,2.0542574,-2.181273,0.46826,-4.929239,-5.002045,-3.903958,-11.430311,2.5996563,-3.3092163,1.8146505,0.3101652,-0.14816009,-0.2796017,0.5003354,-0.93883294,0.93746465,-2.031403,-8.946676,-1.5051798,-0.073777124,1.6432619,-2.5497081,-11.18061,2.478997,-1.0578983,1.802532,-6.8478456,-3.4507625,8.576876,5.0680137,-3.1567154,-0.8719814,2.353899,-2.1216376,-4.2634087,-2.5692074,1.1469628,0.9367343,2.3375254,0.15444137,-1.1704807,-2.6187015,-6.297221,3.3753633,-0.025228351,1.3898336,-4.588858,-1.6305748,-0.11697449,7.534953,-3.4157674,-24.144535,-1.3122455,5.9941163,9.307224,-0.16565657,-0.51681745,-3.1830487,1.060883,4.527552,-2.4298513,-15.69356,-1.0301888,-5.8485055,-3.5983799,-2.314637,-0.52846545,0.48907068,-2.2974439,16.342041,-1.0926661,-4.4496737,4.851914,1.6320466,-1.8446468,4.87647,11.446046,1.2441987,-1.327471,0.3759834,18.85185,0.9541938,0.14811388,-2.0288284,-7.6498947,-2.9403057,3.7642817,2.7232773,2.3099205,4.458452,-18.964504,-13.14773,1.9317374,-1.883041,6.6452875,0.68790305,-2.0538797,6.479297,-18.16894,1.3388546,-3.8249624,1.8472605,-1.7837304,-15.762626,2.4770422,3.4378386,-12.2565775,14.189552,5.817272,2.2927816,4.6607018,-1.705106,0.08276712,-0.59479755,4.286569,2.4619393,1.4603343,1.6113998,5.9218497,0.8685243,-0.4073011,-12.474665,2.4746006,0.14194219,6.827102,1.7013394,4.5431495,0.90745926,2.2677662,-0.26824406,2.6339335,-1.1841763,1.7772365,2.2519643,8.0576,-1.5745076,4.4633274,-1.0248992,-2.9277666,3.3549972,-2.70142,-9.229889,-3.0088365,1.4107836,2.696836,-0.0013206517,0.9564308,1.1079878,-0.7200688,0.4798664,-0.6444362,-2.9848914,-1.8794777,-2.0475266,2.4058235,-0.9324812,6.7305956,-2.2377224,-3.5803373,-1.6974818,2.1721284,-2.7229917,2.8136222,-3.4358158,-2.9952369,-2.8518827,2.0286815,-5.129801,-0.5825745,-1.2508453,-4.4960203,0.79115725,19.932213,1.0128659,0.30751446,1.9614875,-4.6417937,PD,data/Images/PPMI_Images_PD/114137/Reconstructed_DaTSCAN/2022-08-24_13_59_10.0/I1623685/PPMI_114137_NM_Reconstructed_DaTSCAN_Br_20220928100313178_1_S1161413_I1623685.dcm,114137,Validation,SC,60.3,IA88165,SCREEN,09/2022,0.0,0.0,0.0,05/1962,1.0,,,,,,,,,1.0,0.0,0.0,0.0,0.0,0.0,0.0,1.0,0.0,09/2022,2022-09-01 00:00:00.0,2.0,123I-DaTscan,08/2022,2.27,1.66,1.59,0.88,1.59,1.24,Yes,,,1.1217855207662528,-1.160795661771055,-0.5501764874715515,0
2.9637313,-23.990623,1.0308961,-3.5821445,-4.288961,1.1167897,0.23267105,0.077495836,2.4649668,2.4264638,2.6511357,1.7765166,0.03245699,-0.3890824,-0.20652063,18.77164,3.2431793,3.1147811,-0.14824541,14.134729,-2.061124,-6.2085605,2.324081,17.636763,2.8138404,-0.6317769,-1.732414,1.7472175,0.054925766,-0.86790836,-0.20287402,-0.2552004,-0.6493273,3.4393065,6.6243844,0.3747765,-1.625227,4.629629,-0.47607398,-0.0056751114,-2.1333344,3.7563577,-1.6292245,-18.031523,-4.3402967,4.154702,-3.0629046,-2.978031,7.112077,-2.378639,-1.5528005,1.0491344,-1.8108827,-0.3029071,-0.9665615,4.1544266,-0.030199882,2.3346798,-2.3238065,3.0238376,-3.3904364,20.951082,5.5039816,2.908854,-4.6443586,1.2237146,-3.3971186,-0.96477455,0.4667884,-3.0117552,2.2931898,-7.640336,0.73279,5.6030073,0.23140495,-1.4767678,3.4265196,5.231386,1.2684455,-2.7563748,2.4842117,-0.6970819,-2.4800916,-2.6383142,4.7313004,-9.972973,-0.033945996,-0.07674589,-1.4864683,-0.18873973,1.255435,-1.5005157,-0.24916007,-1.0645344,0.18633556,-6.418075,-8.007021,1.3124336,-1.9174576,0.16163625,1.0934639,-15.391949,0.99418956,5.5698867,-0.89942664,-0.330055,-2.323705,4.9709573,0.15969752,-3.4059806,-2.307172,0.08601674,-1.6890019,-0.32038882,2.8415675,1.6053872,-0.51410455,1.1631941,-0.9038738,-2.6509807,-3.974336,-3.2042077,2.7190886,-0.8911728,-6.234407,-1.5267686,-5.820216,-0.8521309,12.118451,-0.9520473,-24.147846,0.59462506,2.44997,11.166176,-3.6615367,-2.5530808,-2.7914622,-1.2768121,0.42452613,-4.0612636,-19.984684,-1.1428299,2.1742265,-3.7450957,1.9132739,-4.3575897,7.9709597,-1.8400928,21.981243,0.20483653,-5.024728,0.6567529,1.2844931,-4.0953703,1.9269158,8.869853,0.8731599,-0.2633325,-1.4744227,17.211676,-3.5564423,-0.120880626,5.729872,-6.30906,1.6287081,-1.1716834,-0.28757265,2.8620718,0.18596822,-17.185715,-11.5099,1.3764399,-0.41130593,-0.17709434,-1.8615466,-2.6600516,0.3135124,-10.131261,0.9048552,-0.4721668,-0.7936067,-2.9833586,-19.06373,0.034619708,-0.74373883,-11.783183,10.460411,-0.70881426,-1.2385565,5.605124,1.1027672,-4.0350513,-2.0379088,2.2585347,2.96457,2.3501806,0.88903,-2.5886931,0.76059747,0.8050007,-10.857742,-4.153712,-2.4734378,7.337151,-1.9533453,1.224446,-2.453354,2.9705472,3.7450485,1.7466267,-0.39277104,0.0022096368,-0.3059634,14.21048,0.0349176,5.5939445,-5.646702,-0.2052556,1.8010443,-0.96860594,3.3508847,-4.804811,0.7755279,6.43353,-1.71564,-2.2712517,-0.5603309,0.5164403,0.18994842,-1.6594121,0.8780829,0.017887922,-0.06992058,-0.962961,0.87563187,2.0200331,-2.3325584,-1.7002269,3.5865865,-6.70226,0.8701196,3.9265416,-0.45178577,0.13504158,-1.284949,4.373227,0.37412545,1.3800567,6.522061,-10.459585,-0.47796088,22.289167,-2.279919,-0.09924203,3.2441244,-0.19736977,PD,data/Images/PPMI_Images_PD/114195/Reconstructed_DaTSCAN/2023-01-17_15_12_38.0/I1671494/PPMI_114195_NM_Reconstructed_DaTSCAN_Br_20230228103742940_1_S1198044_I1671494.dcm,114195,Validation,SC,42.8,IA88325,SCREEN,10/2021,0.0,0.0,0.0,12/1978,1.0,,,,,,,,,1.0,1.0,0.0,0.0,0.0,0.0,0.0,1.0,0.0,02/2022,2022-02-18 00:00:00.0,2.0,123I-DaTscan,11/2021,1.82,2.24,0.79,1.01,1.22,1.52,Yes,,,0.6249015616162578,0.6831836628210246,0.13296503815803187,0
-3.171323,-26.089184,3.2146432,0.2605456,-0.03185124,-5.0564404,3.9859712,1.4430152,0.86002684,-0.8172174,-1.8627119,4.5087113,-3.377002,2.32821,1.946428,15.942198,-2.9339306,-5.4989176,-4.150971,9.922103,-2.532028,-2.2568426,3.191596,18.107443,-1.3358432,-1.0120006,0.051919848,3.6876318,-0.9698423,-2.7465973,-0.35451776,-1.7020397,-1.7273895,-0.6361462,5.412851,1.6507272,-2.8765686,3.5245938,-5.133721,3.6455066,2.074243,-0.26428017,2.1944327,-16.153759,-2.5157409,1.0402236,2.4926403,1.0896981,6.6218176,0.92898023,1.9571029,-0.5809801,-2.2059424,4.6013665,-0.3244746,3.9033685,-1.8526698,0.5135435,-2.7646017,0.87808543,-1.7928629,23.308344,6.767009,0.23169878,-1.7803016,-2.6620247,-7.263619,3.2002406,-1.4290401,1.309685,-0.106060505,-9.193922,-2.6804476,-0.46415922,0.0121625485,0.17320886,3.2256334,8.217697,0.035079535,1.7317821,-1.6282759,1.5750443,-1.1526182,-7.2371125,2.9804776,-8.10355,-1.1771541,-3.559662,-1.0740019,-2.4288564,-0.8870606,-1.0401251,0.76852715,-1.9497613,-1.4306531,0.023239722,-10.415356,1.9505892,-3.8051162,5.738822,-2.0739503,-11.445345,-0.8135781,0.7137845,0.28664416,-0.7360272,-0.4563704,1.6384854,0.73210335,-2.9538612,1.1518352,1.6743801,-3.2765996,-3.7498977,-5.9523764,-0.93993866,0.85859036,4.5288434,-6.065772,-0.25447366,1.0831934,-4.8384485,2.9732125,-3.5035648,3.2475939,0.83022046,-6.087555,5.3836393,6.6452084,-1.4141843,-17.678356,3.3101263,0.06763889,9.279674,-2.1121452,-2.0502183,-2.2807615,0.5541921,-0.3328315,-0.24786143,-17.044186,-2.6364822,-7.9099083,-5.090876,2.9314198,2.240268,0.23888849,0.56458324,24.003252,1.6263496,-3.137166,-2.1784945,4.6511335,-1.8667299,0.5640792,7.578503,0.9953819,-5.3996596,-0.005072606,17.240984,3.5641818,-1.0543096,0.013136759,-3.4444005,-1.0412743,2.3040147,-2.412664,2.5052874,1.6702601,-10.117428,-11.374182,0.03529647,-0.03618717,4.813409,-1.2302935,-0.7068467,5.219004,-11.728473,3.1817951,-3.2783062,0.66245264,-3.2735317,-17.432354,-0.68974453,1.088211,-10.3254385,5.928069,-0.92007506,-1.2852587,0.7550594,0.28027332,1.4847339,-2.8656352,1.1293249,-2.744289,-3.4493442,-1.060593,-0.8672327,5.7880096,-2.2222493,-12.41511,-0.61949587,2.3396502,1.9551976,5.2709017,-1.4415088,0.30815664,0.12730183,-4.9678516,2.6874287,2.6690605,-0.6524729,-0.11584918,6.2264247,-1.4506751,7.946559,-3.8947322,1.4535353,1.4647986,-1.8946817,-0.681606,-8.009109,2.2137644,4.286532,-0.1287732,-2.5102048,0.17055668,0.08850176,1.0805501,0.87928784,2.019599,-1.5756197,-6.163285,1.6830037,-3.3020594,3.5902333,-6.0893955,0.2958695,0.90108585,1.3165758,3.2803864,-0.6694434,-3.669514,-1.8170055,-2.345353,5.3277025,-2.9539256,-1.9561076,5.4630604,-4.3499255,1.0492697,22.990362,-0.49367788,1.1019342,-1.0019631,-2.6938639,PD,data/Images/PPMI_Images_PD/114264/Reconstructed_DaTSCAN/2021-10-29_14_58_41.0/I1571462/PPMI_114264_NM_Reconstructed_DaTSCAN_Br_20220419200727367_1_S1126043_I1571462.dcm,114264,Validation,SC,72.9,IA88644,SCREEN,10/2021,0.0,0.0,0.0,11/1948,1.0,,,,,,,,,1.0,1.0,0.0,0.0,0.0,0.0,0.0,1.0,0.0,03/2022,2022-03-31 00:00:00.0,2.0,123I-DaTscan,10/2021,2.23,1.96,1.67,1.44,2.04,1.64,Yes,,,2.4183490725144923,-0.5886660931453102,-1.0405214488847179,0
0.535012,-18.63423,-0.9811363,-1.3497866,1.1271932,2.4637218,-1.930151,-2.149271,0.10774679,-2.5442634,2.5754657,-5.08652,-0.727967,2.39759,3.7255514,16.452442,1.3365768,-0.041366182,-5.314311,7.13013,-1.7645795,-1.6403425,-0.8011251,19.16624,-1.0880209,2.3782856,2.859713,2.7237403,-3.3680637,2.5959697,-2.4508684,-2.709724,-0.96146315,-5.547232,9.179305,6.039755,-4.3909063,8.332686,-3.8337436,3.4601004,-2.3891976,-4.3867755,-1.5849384,-12.654535,0.9654912,-0.12533516,1.9347847,-2.241983,3.3387072,1.9152812,0.6096485,0.008837112,0.68849677,-1.0287377,-0.40291497,-0.8147399,0.66084266,2.1108742,3.6867168,1.0531306,-3.7892196,24.165388,7.602147,1.0565605,-7.31664,4.401392,0.049338143,-1.5305634,-1.3065486,0.9546974,4.461463,-13.077381,0.960919,7.309542,-0.10357092,-1.8800985,-1.9263719,7.6877146,1.0364732,1.7648108,-1.9398726,1.0395253,-6.859784,-5.4222536,6.3108377,2.2908514,-0.14685123,0.6171396,2.6560357,2.7903032,-0.48895922,-1.6711547,-1.1964562,3.1452096,0.37217915,-2.7595701,-11.415189,-0.52259195,2.4269605,2.1386728,2.0646143,-7.6039386,1.2448695,4.03022,0.99000233,2.0772228,-1.9212254,5.081651,-3.0953705,-8.875898,3.4030752,-0.07981277,-1.6842271,-0.16250373,-4.12084,-7.7242937,0.55683213,-0.58615947,0.7575052,-2.79478,-1.1638012,-0.83436704,1.5507683,0.44487053,2.0008385,2.1347632,-4.249571,-1.4462193,7.345005,-3.3963335,-24.43245,0.17311181,-1.5535915,4.0648804,1.7230266,-2.517205,-7.635065,-0.071572684,1.839831,-0.3654901,-14.689756,-2.3850586,1.2639611,0.702787,-0.10083966,0.51555705,4.2434635,5.0998774,19.91712,7.3006296,-3.0731115,1.5335855,-3.915906,-3.401715,-1.3787705,8.053016,1.0997494,4.8265896,-0.25779128,14.768444,-2.8817363,3.1107323,3.0421712,-5.512351,-1.2496667,-0.31846902,0.27176017,1.0790964,0.08030751,-14.8902025,-11.359512,0.6976109,-4.7063255,6.565727,2.1616583,-3.5326626,1.8545622,-9.535294,-0.16272727,-0.1624927,0.40708715,-8.15535,-10.362856,1.6680388,0.6175174,-14.246964,11.308058,1.3280861,-3.1451209,5.4796567,1.8027077,3.0944042,1.9539183,-0.16687167,-4.922423,1.5995717,-5.489486,-1.4186466,-0.15265547,-0.14189762,-16.476751,0.07368561,1.0877987,9.319802,-0.75318724,5.2905407,-0.80428684,3.481328,3.7907228,-0.83785856,3.0649004,-6.153795,0.858238,0.8894964,2.6390967,0.729899,-4.7863555,-0.48546785,0.87208563,-1.1759344,-4.311589,-9.43457,2.411226,-0.42826217,2.1462529,0.07336503,-1.7773019,2.427879,0.4284821,-0.67389256,1.5719745,1.1382767,-3.244762,1.6288242,0.11401541,2.5997553,2.5534704,-1.5012381,-1.1771902,-5.427603,-3.6673024,1.731072,-1.1433663,3.1715178,-1.4783201,4.5903163,4.481023,-1.6614941,-0.8188719,-4.7288685,-2.216083,21.125692,-2.2995675,4.9217052,0.5571469,-8.070743,PD,data/Images/PPMI_Images_PD/114972/Reconstructed_DaTSCAN/2021-11-02_14_06_48.0/I1526833/PPMI_114972_NM_Reconstructed_DaTSCAN_Br_20211214182459494_1_S1090493_I1526833.dcm,114972,Validation,SC,61.3,IA87920,SCREEN,10/2021,0.0,1.0,0.0,07/1960,0.0,0.0,,,,,,,,2.0,0.0,0.0,0.0,0.0,0.0,0.0,1.0,0.0,01/2022,2022-01-13 00:00:00.0,2.0,123I-DaTscan,11/2021,2.39,1.8,0.71,0.38,1.45,0.93,Yes,,,-0.1550856430526809,-0.9451373198094758,0.9728870696666188,0
0.7378552,-14.176361,3.6983154,-4.682059,-3.978608,6.9849653,-1.0145832,1.4934433,-0.95056707,-3.2931604,-0.33616006,0.8186676,-2.8299878,2.8251297,0.731181,14.7509985,-0.61004776,4.678179,-2.7298958,3.8031626,0.49747527,-2.3336139,-1.7688495,20.498816,1.5559548,1.7423156,-3.006049,-1.8177623,2.7719388,-4.3598647,0.7678067,-0.020691287,-2.4792051,1.944702,5.722047,5.3219104,-2.3549013,4.375931,-2.0093138,3.12026,0.220999,-4.8632407,0.03304813,-17.275991,-5.633658,-0.9974332,-2.6447842,-3.2144988,7.5055685,0.30266854,0.42454508,2.6781933,-2.1674805,0.99377257,-1.3550721,1.8370274,-0.9910143,0.08026336,-3.4051852,1.4087946,-1.9675121,15.425539,9.793479,2.2949476,-10.148459,2.251312,-2.9370852,0.75296783,-4.2972794,0.81704676,-1.4623786,-8.005024,0.5601146,12.969394,1.4417678,1.6340973,-1.199631,4.142423,-2.2368038,2.0656817,-0.44740215,-1.1896671,-2.7894397,-3.8114774,-8.360576e-05,-7.4515705,1.2657061,-0.3767396,-1.1021821,-0.44216695,0.21240358,-0.6992989,1.6868472,7.1301494,8.761338,-3.5565224,-7.6244936,-2.050869,1.686017,0.36311126,-0.074709944,-7.775064,0.45807338,3.8501399,0.08519473,-3.231484,1.151067,6.43358,0.100120306,-5.1096745,3.1566164,-0.5995837,4.138821,-2.13759,1.1738108,1.2900119,2.7010021,4.1762094,-4.015899,-0.040218767,-0.738064,-3.9060857,1.7039682,2.674942,0.7172941,-0.44215313,-6.0225997,0.403386,7.0158787,-2.6498232,-13.186421,-0.5404453,3.3074088,7.796278,-0.6421107,-4.2956715,-3.318557,-3.509951,-0.9391194,-3.4612377,-15.597768,0.435152,-0.71496093,-0.4675199,-2.3404715,2.9774806,5.16042,1.5790652,16.206486,-1.2846617,-2.1638649,-1.6470323,2.4594138,-2.3266032,2.7558048,0.7059668,-1.1325119,-1.0605749,1.8120885,9.608162,-2.834373,-2.589004,-0.96171385,-3.1323678,-4.990092,0.95734274,-1.350363,1.5684848,1.7001798,-16.591696,-15.51583,-0.6417988,-5.8369536,-1.3287841,-1.3085049,-1.5727904,4.7794056,-15.080098,0.45140797,-0.13706647,-0.76048326,-8.553616,-8.186068,-0.48698905,5.033885,-14.712541,8.91848,4.4648523,-3.0866377,1.9826746,0.41981265,-0.84210676,0.24536279,1.4764445,-4.032518,3.0155506,-0.8363321,-2.6287804,1.6655788,-0.07319913,-8.01403,-0.901929,1.4425985,5.1223216,-0.14245088,4.4638605,3.102983,2.85715,1.3789034,5.382671,1.4032896,0.9338756,0.8325598,10.35334,-1.0207274,1.2125992,-1.3148571,-1.2382315,-0.081524715,-6.6088867,-0.41226548,-6.861367,3.2815745,2.039754,-2.2066855,-0.5663069,-0.98959094,0.1726708,0.26506814,-1.0369793,-0.51674926,1.0938625,0.4583353,0.6094263,5.05453,4.448921,-6.93255,-0.9225338,-0.42175674,-2.9442601,-4.5525327,-0.4602651,0.8574613,1.1283375,-1.8795084,0.08161397,3.195568,-1.1242834,5.024109,-1.314836,2.4055302,13.79177,-1.1323944,0.9529311,0.27629474,-2.507455,PD,data/Images/PPMI_Images_PD/115451/Reconstructed_DaTSCAN/2021-11-19_13_35_54.0/I1537499/PPMI_115451_NM_Reconstructed_DaTSCAN_Br_20220125173725751_1_S1099187_I1537499.dcm,115451,Validation,SC,75.2,IA87586,SCREEN,10/2021,0.0,0.0,0.0,08/1946,0.0,0.0,,,,,,,,1.0,0.0,0.0,0.0,0.0,0.0,0.0,1.0,0.0,01/2022,2022-01-24 00:00:00.0,2.0,123I-DaTscan,11/2021,1.14,0.82,0.33,0.39,0.67,0.52,Yes,,,-2.6472004820378228,-0.27090919640514244,-0.360910051793137,0
1.6909056,-19.538143,7.5650635,-1.5130476,-2.5668192,-2.451277,2.4473848,-0.7398697,-2.1075413,2.919463,-0.76283234,2.495279,4.352446,-0.89333963,1.5610225,15.416752,1.1842715,2.2631202,-0.30949345,5.7933755,2.708821,1.2469144,1.2187312,13.305127,1.5113887,3.3631241,6.2514267,-1.8600231,1.209841,1.6780314,-0.23260055,3.1644158,0.56820714,7.156706,5.514126,1.2849369,2.9648774,6.816099,-0.6708756,0.58185536,-0.5396363,-1.1841313,-1.5583811,-21.301727,1.1036737,-4.9804854,1.3282874,3.9174752,3.0310292,0.29807982,2.8887513,1.3306288,-1.5626934,-0.3816,3.7345474,-3.3206239,1.173702,1.2644776,-4.666091,2.2013445,-4.0183387,21.87031,3.9326532,2.6512675,-5.1482234,0.87403893,3.7459393,-3.7934518,-4.6523113,8.249764,0.8287892,-6.4673777,2.7738135,3.8762114,2.2267072,-0.7702856,0.40943384,12.087422,2.924701,-0.5860612,3.5800607,-5.437642,-3.562335,0.64705056,5.417808,-7.0399075,2.385841,0.0126179345,1.6653955,-4.7304664,2.6132064,2.8612127,0.35750157,-8.5693655,3.6662672,-4.0259943,-14.939142,-4.013033,-0.75597763,12.809873,-2.6702058,-10.877663,-1.5180432,-3.4059331,-4.8067403,-1.4311585,3.2521799,7.9390407,2.1348474,-4.1576986,-0.23573941,4.8321753,-8.115711,0.6075924,-3.0208366,-3.2519515,9.1842575,2.7327452,-2.3915222,1.4956949,-1.3490951,-0.8492674,-1.0716994,2.7583282,7.287067,-4.1296573,-8.80371,-3.7304416,5.581763,-1.6171277,-20.644188,-2.8962247,4.6745915,6.8270407,-0.55532074,-1.5539247,-3.4710672,-5.209046,-4.8071074,-1.8259368,-15.575678,-0.89820635,-3.6912947,5.043198,-3.5666816,0.6417983,1.633479,-1.0213723,21.70427,-3.1228623,-1.3377621,-2.8206823,0.952368,-1.700148,-3.8143544,12.415291,-4.7364645,3.700408,-2.5404146,18.27883,-5.405164,-2.4164424,6.837821,-9.8189125,-2.5995953,3.2025604,0.52877367,3.3419914,1.5009879,-17.490953,-12.488477,-7.2292953,3.2321262,0.92481345,3.095258,3.5007508,3.7662575,-18.594666,-0.60122323,-6.733304,-0.852766,-4.8402863,-19.840345,-1.7175957,-2.25641,-5.8647914,4.303772,3.0439274,4.4483805,3.8218024,-4.4690895,4.9824247,-3.15181,-1.5762753,-2.2524097,0.43103433,-2.3076124,-0.96095425,3.090026,-0.6059292,-10.733807,-2.3393798,8.571366,6.603908,-0.39879614,-4.3032556,5.090232,3.5367043,2.6124284,-1.7687138,-3.830821,1.7612997,2.722748,4.906169,-2.8834953,9.82705,-7.9875455,-1.031197,0.6905691,-7.4138846,-6.060577,-8.460434,-4.6889467,2.6472003,-2.3708622,4.568397,0.6429586,-1.9688393,2.533165,-5.617279,-3.861807,-2.3041039,1.8418763,4.5940623,5.83709,-0.4269126,-1.7463114,-6.58314,-2.3707592,3.3260295,-5.289982,-0.6398473,-1.8369412,1.7477598,0.09975442,0.31729907,1.8308008,0.3764745,0.19850215,-13.630407,1.6269913,17.946486,2.1412005,-1.6238962,-0.009129222,0.4324295,PD,data/Images/PPMI_Images_PD/115680/Reconstructed_DaTSCAN/2022-09-28_14_34_56.0/I1632115/PPMI_115680_NM_Reconstructed_DaTSCAN_Br_20221019121440866_1_S1167960_I1632115.dcm,115680,Validation,SC,75.2,IA87231,SCREEN,09/2022,0.0,0.0,0.0,07/1947,0.0,,,,,,,,,1.0,0.0,0.0,0.0,0.0,0.0,0.0,1.0,0.0,10/2022,2022-10-07 00:00:00.0,2.0,123I-DaTscan,09/2022,2.77,2.06,0.94,0.76,2.04,1.44,Yes,,,1.5214608603868245,-0.908431426785668,0.7954146940130998,0
-0.15345761,-13.340787,4.507377,-1.8640939,-3.0916598,2.6760395,2.7964516,1.9952775,-2.01857,-0.89141095,-1.7182395,4.710958,-1.1795539,-2.9021633,-1.559504,12.471121,-2.6568813,5.4195247,0.93482465,3.904005,-0.3019419,1.3607646,-0.89280957,17.049068,-1.4626392,2.8671901,-2.0452926,-2.2150671,-0.3955663,-3.6223989,1.1992024,-0.74687266,0.5202219,0.9129497,5.192027,3.2839565,-2.3403966,1.7005246,2.028048,0.049362365,0.44430715,0.31738886,1.1122822,-16.873251,-5.4568496,1.1305882,-3.052936,-2.437943,6.3342853,0.44785103,0.45840743,4.110249,-0.6073871,-1.1869606,0.6624453,-1.6605798,1.505799,2.3834805,-2.788189,5.407207,-0.7623659,15.816031,9.406467,1.6912738,-8.3103075,-1.6063402,-3.0541055,1.5430496,-1.737184,0.8810825,0.3632565,-10.374115,-0.9456972,10.473637,1.5784454,-0.7918965,1.8588606,5.6372423,-1.1487254,3.8252,-1.5068791,-2.2622805,0.09438461,-5.940474,6.243684,-7.521699,-0.4922832,-3.2918882,1.3681184,-0.5160922,1.7526406,-0.8100682,1.1342912,6.8422546,1.1180278,-1.1263098,-8.165022,-0.044089958,1.3246545,1.3184917,-0.6281158,-12.092267,-0.4182252,1.5434495,-0.8202295,-4.3689165,6.2602444,6.3556724,-2.089906,-2.7579978,1.2834053,1.5821316,-4.8846636,-0.516191,-0.6955632,-1.3385295,-0.69406784,1.6960579,1.5662985,-2.8007348,1.2775347,-1.9633822,7.2792697,-0.45587757,3.556383,-3.5194833,-5.295313,0.76832235,6.756399,-1.1518575,-18.79831,1.5521504,3.4231737,7.7228527,-2.2086325,-0.5455549,-8.870798,3.270044,1.7205476,-3.803477,-14.961081,1.151139,-0.2431171,-0.20286725,-5.675978,2.8714397,1.1051412,1.7010664,19.715374,2.1027932,0.15970704,0.96879745,2.550492,-3.2356875,-2.0420136,5.1217604,-0.9181602,-2.3671794,-0.57722455,14.543778,-0.54731977,0.71117735,-1.984165,-4.575246,-3.4036756,2.7630992,2.1026275,1.1051304,2.9920099,-12.85876,-15.710157,0.020017013,-0.2973917,-1.5843109,3.1893697,0.19815598,4.6772947,-15.731132,-0.009508249,-3.036826,-3.167539,-8.397753,-13.581625,-1.4702033,1.7051653,-10.2074585,4.3249087,-0.88254166,3.2277606,1.4277208,0.31153035,-0.64615226,-0.26207408,-0.6270606,-2.0230317,-0.8188813,-2.2115421,-1.3272867,3.1979177,-0.23993361,-15.490126,-1.6328801,2.7197492,8.970181,1.1005665,4.217762,-0.2710177,-0.57279086,-3.0605617,2.2191193,2.2855902,2.398475,0.55793184,12.969629,0.4249115,4.07757,-4.9762435,-4.030498,1.1258727,-5.464129,-0.29403436,-9.039072,2.0257332,0.29532048,-4.187495,-0.7783789,-0.10434082,-0.9475301,0.88962716,-0.98834616,-1.4800832,-1.0512844,-2.4155788,-1.3549103,2.7293212,5.244175,-1.7424886,-0.3891661,-0.61460066,-1.6886969,-0.86149734,2.6966102,-1.053208,1.230708,-4.310719,1.0147065,0.42975837,-2.0643709,2.3718042,-1.7859547,3.1190834,11.855458,-1.9422469,2.1100202,0.85427034,-1.0587814,PD,data/Images/PPMI_Images_PD/116043/Reconstructed_DaTSCAN/2021-12-02_14_16_28.0/I1537500/PPMI_116043_NM_Reconstructed_DaTSCAN_Br_20220125173752830_1_S1099189_I1537500.dcm,116043,Validation,SC,71.0,IA88089,SCREEN,12/2021,0.0,1.0,0.0,11/1950,1.0,,,,,,,,,3.0,0.0,0.0,0.0,0.0,0.0,0.0,1.0,0.0,01/2022,2022-01-12 00:00:00.0,2.0,123I-DaTscan,12/2021,1.16,1.17,0.57,0.33,0.72,0.61,Yes,,,-2.1812770912671593,-0.30305954081761777,-0.22640837206978534,0
2.3435946,-16.986893,-0.4684019,-4.922092,1.2420624,4.460363,-1.2537103,0.4553145,-2.1697648,-8.207962,1.4878616,1.4837526,2.5220683,1.391482,1.2594151,14.891217,1.0233577,3.3579729,2.3107018,4.6162386,-1.6711501,-3.640167,1.1910641,16.810396,-0.0027494086,2.7247818,-2.1792784,-2.5477145,-0.83411396,-7.938739,1.1876843,-0.035644364,-5.4826503,-3.7883027,2.4428318,1.7613201,3.9513116,7.1895027,-1.6189938,-1.7733835,-5.427912,1.1004375,6.6239495,-17.511652,-7.6816483,2.9590292,-3.217175,-0.08553894,9.966822,-5.2318163,0.6666528,-0.42612484,-3.5190191,1.7026595,0.24048655,-1.1353098,-3.2848504,-2.9174693,-4.002471,-1.3564087,-0.32422593,20.120977,4.4855947,-1.6409364,-10.434995,-0.8948451,-3.05717,3.7985368,-0.7008345,0.90802675,0.8927029,-1.0114334,0.26758835,10.589588,0.52504325,0.8066955,2.7669015,6.24753,-0.51604104,2.9299424,-0.16639961,-1.2759143,-2.8465936,-3.6686342,-0.07056529,-6.5065627,4.345151,-2.822014,0.8694369,1.2414263,-0.6201679,-0.027020847,-2.650062,4.397712,2.723442,0.57016367,-6.2815638,-2.6445959,1.3591415,2.2943647,0.66034096,-10.596644,0.51362103,2.224917,-2.415711,-2.727775,1.1073955,4.088453,0.8617933,-7.1355143,3.2010653,-0.61242896,-3.9919102,-1.1613547,-3.2802925,1.1189549,-2.6728597,0.9106958,-0.40205848,-2.13192,0.45643097,-0.9535868,-0.41205755,-1.8964622,2.3308034,-2.476158,-4.1592855,1.5970675,8.669121,2.188075,-16.846073,-1.4852574,1.1641965,7.937809,-0.89273775,-1.931562,-9.855637,-1.0788441,2.3242407,-2.3687027,-14.493109,-0.27593273,-2.5655665,-0.70709306,-1.0376587,0.8668806,0.7300074,0.759016,24.293842,2.2942057,-9.0868225,2.4403682,0.6015106,-0.93353283,2.797376,2.8284142,-4.452062,2.1708329,2.5823002,9.710762,0.24018858,-3.2317939,1.4418124,-5.502404,-5.590684,2.9940763,-1.7225771,0.20077343,4.5457735,-10.3265085,-15.683683,0.8208155,0.053041738,-0.57140064,-0.35373253,-0.70068645,5.8939123,-16.453419,-2.4134705,-6.0169635,-2.5736067,-5.005786,-12.419237,2.677132,0.06099707,-13.292645,15.2181635,-2.9284189,2.1577144,0.46283662,3.5330002,-2.19225,-2.2391136,3.0536177,-2.6190271,1.0911148,3.6503522,2.00654,0.663794,-5.370833,-9.179356,-5.9428797,2.5242145,9.536122,2.0393019,0.7670865,-1.8952851,0.19123815,-6.659969,4.2389355,-1.300104,-2.0844932,3.3451898,9.448933,-1.9026473,1.9398516,0.33236513,-0.5419108,-1.817347,-2.9790795,0.4031236,-4.427589,1.4127097,1.6787814,-3.8070757,-0.2666615,-2.7600615,-1.3518063,0.51412123,-1.688921,-1.0503978,-4.1193595,-0.7795746,-1.6664317,3.8007596,0.9845178,-0.8335966,-1.8163091,-1.488334,-8.597759,-2.5960827,3.2387884,-0.0024689804,-1.1649932,-2.6211774,0.07544232,-1.8513625,0.50588316,5.190062,-3.0793266,1.6695107,15.715587,-1.5734321,2.3254182,5.5167994,-3.0428967,PD,data/Images/PPMI_Images_PD/116742/Reconstructed_DaTSCAN/2021-12-03_12_37_18.0/I1542908/PPMI_116742_NM_Reconstructed_DaTSCAN_Br_20220209142557533_1_S1103410_I1542908.dcm,116742,Validation,SC,71.5,IA87038,SCREEN,11/2021,0.0,0.0,0.0,08/1950,1.0,,,,,,,,,1.0,0.0,0.0,0.0,0.0,0.0,0.0,1.0,0.0,02/2022,2022-02-01 00:00:00.0,2.0,123I-DaTscan,12/2021,1.08,1.45,0.4,0.6,0.71,0.91,Yes,,,-1.7561443896661282,0.5082477223158949,-0.2182027854562467,0
1.1475961,-18.272388,0.8515654,-1.3860028,-1.1579696,2.4328434,3.3864524,0.6064712,1.3050799,-2.8610024,2.066828,3.4200494,-0.46897498,4.1114254,1.8745885,14.900999,-0.9816769,3.81293,0.7008192,5.413136,0.5385785,-1.7075204,0.8081435,17.561403,2.679403,2.5981483,0.439061,2.0295646,0.5003409,0.48199967,-0.6321563,-2.4202352,0.9851313,0.07324105,5.597623,3.770782,1.7359037,1.6175478,0.7074039,-2.2430313,0.57244927,-1.7107086,2.737748,-17.536009,-5.6242466,0.7476486,0.5581901,-0.561849,3.3024666,0.8715536,2.1891077,-1.6978025,-0.81216687,0.9150294,-3.1819046,2.055121,1.8355492,3.160883,-3.952549,7.19245,-1.9087069,17.039297,5.334816,-0.12565984,-7.2186985,-1.2189481,-3.0421538,1.3153977,-1.0715952,0.93542,0.81612724,-4.503406,-0.42130828,6.3831105,0.47143713,1.446451,0.5043608,9.121345,0.39186567,-1.7330339,-2.9362257,-0.6005923,-0.36329335,-5.8310227,3.8040633,-9.7557125,2.2675595,0.3041134,0.8990524,1.1886508,-2.1007066,1.4304898,1.6367555,0.29375088,3.4300678,-2.013294,-11.005895,-3.0718226,0.9414706,-0.7852985,0.53293085,-11.229023,1.9426754,0.32667735,-0.85050714,-0.7877498,1.3067816,3.608098,-0.15964685,-3.2836785,5.10507,1.5156367,-0.97444427,-1.2997453,2.066128,0.09497905,1.5775985,3.002487,-5.1830626,0.8221842,0.24126433,-1.8776464,2.3027976,-0.6380219,1.891672,0.18102223,-5.885844,0.72511625,6.949559,-3.1933866,-17.713497,-0.6616363,0.23535876,5.784345,1.2826852,-0.6710732,-7.3311353,-2.3121886,-1.1734574,-2.5053499,-12.790287,-1.3385005,-0.00963383,-2.3656452,-1.1944319,1.8621187,0.3692586,-1.2477875,18.293404,0.83363557,-3.3762789,0.28591704,3.7318025,-2.0269377,0.05080441,4.4358764,-0.8428974,0.5607225,2.7981308,17.376736,-1.0887098,-0.7177163,1.420645,-5.3462715,-0.8395123,-2.5485616,-1.0759522,-0.07761048,-0.5326549,-14.088239,-12.384475,0.8228013,-0.78786343,2.0253716,-0.4421976,-0.27528557,4.7322664,-17.543947,1.2896578,-4.1210566,-0.8032699,-5.6622834,-14.76925,0.7781036,3.4284208,-14.12284,8.754,1.3978268,-3.444861,1.3072908,1.6075547,-0.04421186,0.55454826,-2.2977946,-1.7350531,0.1916195,-0.999408,-3.570267,3.944757,-0.7081557,-9.449356,-1.374296,1.5025766,9.94181,1.4615408,1.0779667,-1.22815,4.031982,-1.5716169,3.7750301,-0.79482645,-0.9706259,0.5715875,11.422321,-0.7959647,6.693185,-5.7374754,-4.8831363,0.2758255,-2.2532382,-0.42467573,-6.1222906,0.27254403,4.977358,1.8118199,-2.3514645,-0.12191808,1.0088376,-1.5905274,0.24245657,0.3056827,0.3351663,-1.3906263,2.8367827,4.424122,0.7811199,-4.199896,-0.57627875,3.4709651,-5.059734,0.8045961,-1.0260122,-1.2935548,-1.9780965,-6.472874,-1.2013395,1.7206097,2.2917535,1.3122569,-5.9636188,1.6130493,20.011179,-0.28374112,0.29109105,-0.74982595,-2.2174306,PD,data/Images/PPMI_Images_PD/118352/Reconstructed_DaTSCAN/2021-11-12_13_33_36.0/I1526839/PPMI_118352_NM_Reconstructed_DaTSCAN_Br_20211214182647576_1_S1090497_I1526839.dcm,118352,Validation,SC,75.7,IA87596,SCREEN,11/2021,0.0,0.0,0.0,03/1946,1.0,,,,,,,,,1.0,0.0,0.0,0.0,0.0,0.0,0.0,1.0,0.0,11/2021,2021-11-15 00:00:00.0,2.0,123I-DaTscan,11/2021,1.7,1.68,0.85,0.97,1.28,1.42,Yes,,,0.19718490972809094,0.22073149643293632,-0.4182113166985769,0
0.6684571,-36.362823,2.5014198,1.5300907,2.573506,-18.901163,0.09925282,-0.5265473,0.29458734,-7.9177737,0.019162606,-0.12029401,1.1676767,-4.25926,-2.518776,11.27696,-2.4409208,-0.8499277,1.5731574,10.592103,-4.0157423,-0.32840115,2.097884,13.170864,-0.6383808,-3.0657852,-2.95894,-2.2187295,-1.7878807,-6.037368,-1.6720293,-4.5535173,-2.0418262,-2.8699658,2.8165948,9.39013,-0.7623379,0.30617294,2.3778656,-3.5815248,-0.96254605,-6.352094,5.4440837,-17.61199,1.2888392,1.6641431,3.1682837,2.1456783,10.711917,-1.1200379,-6.4315953,-1.1692399,-2.5460582,2.632482,0.6887894,0.10412142,1.3710381,-0.14103818,1.5496324,-0.94760585,-0.5014429,30.888159,-3.5210922,-5.5956845,-9.855394,3.0889761,1.7450292,1.0375669,4.271828,0.8726504,-5.1766796,-9.316537,-1.2647923,-8.647578,1.6299996,2.6276643,-2.7719657,15.275458,-2.975496,2.358836,-9.033633,-0.44681275,-2.1836417,-9.553706,-5.9212303,-10.071114,5.521498,1.0031989,7.734389,0.31363767,-4.2239985,1.8738893,1.273006,-20.966642,-4.637071,-1.1159655,-13.830645,-2.9786057,-0.19871138,-0.6317256,-2.729254,-14.477118,-0.4957359,-1.026229,-4.473204,-2.0431442,-3.0198457,3.6069765,-6.8221993,-1.6469258,-0.545369,0.82039523,-4.27024,2.2795074,-4.261303,-0.7278869,12.195574,-2.8778343,5.297369,5.9520164,0.21249656,-1.3556201,1.7223372,-2.2461495,1.5610265,-2.547325,0.8061625,1.9046682,4.4037175,-3.627402,-15.447863,-1.066045,1.142369,5.471468,-2.579832,-3.8272958,-9.885814,-0.37609154,-0.25878564,-4.1098022,-14.3838825,0.84435713,-6.878105,3.8860402,-7.449049,1.2819269,-1.8792386,1.5013299,21.619228,-1.9741787,-7.953123,3.150563,-1.3673851,0.7239997,1.3769011,15.160933,0.5283755,0.71817696,2.9370735,18.974321,2.6948195,-2.032065,5.1770496,-0.78927404,-4.2125874,0.08648709,1.2037921,2.355178,6.8719873,-7.664453,-2.5298007,-4.316566,0.5851181,3.244557,-2.0048497,-2.172158,4.1441674,-28.125372,-0.8965583,-6.0817623,2.6522768,4.725816,-21.774702,7.5717435,7.683323,-18.594934,11.0561905,-10.799227,3.4026763,-4.3884993,-1.47222,4.596039,-1.5136139,-0.66844416,0.36929512,-3.6872716,-0.32394946,-3.2552378,1.3877356,-8.236409,-8.2429085,-4.608654,3.533456,3.3394914,-0.77783453,-1.6100123,-5.0800085,-2.913736,-3.0413349,6.04194,0.95664823,-9.896478,-0.7172308,-3.7029314,-0.34742138,8.78658,-11.631414,-3.331405,-3.2269068,-0.55659896,-2.0695891,-5.627138,-0.596259,-3.070682,1.7362591,1.9932963,-4.5655994,-5.933779,0.9038316,-2.9456408,-0.49407253,-3.0238342,-4.168349,0.48626533,-2.0678532,1.9931216,2.467429,-1.8708366,3.2941875,-6.334796,2.005706,-2.092304,2.157573,-1.2817552,-2.7450917,-3.6355526,4.8544545,-3.3013318,-1.2078117,-11.190271,2.4281747,36.479885,2.3365543,-0.43442667,-1.8330874,-1.9057536,Control,data/Images/PPMI_Images_Cont/121621/Reconstructed_DaTSCAN/2021-12-17_15_22_54.0/I1531391/PPMI_121621_NM_Reconstructed_DaTSCAN_Br_20220110100814312_1_S1094231_I1531391.dcm,121621,Validation,SC,60.3,IA88872,SCREEN,11/2021,0.0,0.0,0.0,08/1961,0.0,0.0,,,,,,,,1.0,0.0,0.0,0.0,0.0,0.0,0.0,1.0,0.0,01/2022,2022-01-05 00:00:00.0,2.0,123I-DaTscan,12/2021,4.97,4.77,3.47,3.66,4.46,3.97,Yes,,,12.45065362795094,-0.05984724954938656,-0.8802653746117836,0
0.8522819,-15.733877,1.0310891,-3.269492,-0.15773836,0.2745026,-0.8525022,-1.1645634,1.3305378,0.6878528,-1.3929312,0.102919966,-0.8336673,-2.6952043,-3.7203684,16.748919,-1.8502219,3.0972264,-0.76944345,8.301173,-0.5150608,-1.5141985,1.2055749,17.844406,1.3408089,1.763745,3.0085115,0.29814205,1.6909049,-3.9510884,0.8992054,-0.21071805,-0.9288567,3.6430504,2.8652956,8.630542,-0.989086,1.2529845,0.2396318,2.5934262,-0.19267523,-2.0053496,-0.4357101,-16.817831,-4.2136307,0.82497966,0.1450203,-6.2921643,7.4143863,-2.6556032,1.5340606,1.0566425,-0.18259484,2.9604023,-1.0022203,0.78296393,2.3569555,0.34534281,0.01453834,2.5144298,-0.2627833,20.496607,4.709033,2.0179772,-6.6068816,2.055185,-2.4608274,1.2513237,-2.7979074,1.7363324,1.44333,-7.620824,-0.3962951,8.396549,2.0857484,1.8981831,1.7372904,8.040837,-1.4147881,-0.7006772,-1.7008142,-1.7640873,-1.2358832,-5.8334975,3.5659106,-4.889514,1.3098288,0.72809726,-1.3382396,-0.30605194,-2.6760674,-0.14469595,-1.427626,-0.3031419,-1.1064472,-3.0289507,-11.7669935,-1.1379925,0.51338816,-2.3961866,-1.7210171,-14.458868,0.23182073,0.1749767,-1.9803344,-2.163335,0.7967109,6.270119,-0.56772447,-3.5325005,-1.4734304,-0.5889433,-2.718364,-1.3843576,1.5957906,2.7111626,2.603943,0.3184748,-5.764879,0.8180946,0.3056212,-2.1187954,-0.31739956,0.38042277,6.1450133,-3.1664896,-7.062413,0.03890835,9.183166,0.838985,-19.45152,-1.162477,1.0587035,9.502096,-0.8233321,0.3073442,-5.0708756,0.9711316,-2.5025477,1.5781007,-15.904039,-0.42668524,-2.263154,0.67686886,-4.635239,-1.4227421,-0.85171163,2.0494,19.178532,0.072051995,-7.4478254,3.3347743,2.4464653,-2.7767773,-1.9228957,4.5613647,-3.6970522,-2.4317458,1.9289684,18.588215,-2.5511794,-0.13405624,-5.0020666,-6.5351825,0.4205907,-1.8626361,-1.031488,-0.17702925,2.490857,-17.03926,-10.188437,-2.210887,-1.5311629,1.9829568,1.4916474,-0.11228656,4.2944207,-17.612183,-0.80820495,-3.962035,-4.221033,-3.4199457,-18.335772,1.0945204,4.7788506,-9.400514,7.9026423,5.158311,-1.6684027,0.7840999,-4.018235,-0.16437599,3.5690129,0.8687766,-3.3069696,2.6153116,-0.33070996,-2.0338342,4.420667,-1.4003057,-13.627108,-2.6588628,-1.1298941,5.2410655,1.4044417,1.7610476,2.135601,0.7533676,-0.6282698,0.3758361,1.075685,-1.623102,3.0040126,7.1271377,-0.8945708,8.554398,-7.2958674,-3.4190297,2.001568,-2.3132231,-0.15002099,-4.259562,-2.4290082,-0.7747504,-2.4234936,-1.5813378,-1.1495495,1.4756353,0.962112,0.84643656,0.27127802,4.0670834,-0.7223766,-2.0993423,3.296595,1.0596004,-0.29383853,-2.893089,0.70145154,-3.9563882,-1.9335529,-1.939705,0.8901971,1.7039853,-2.4027216,1.3195882,-0.49455693,2.2006428,1.7357994,-6.2939925,-2.2261243,15.182803,4.5138884,0.101267084,-0.64314824,-2.641663,PD,data/Images/PPMI_Images_PD/121830/Reconstructed_DaTSCAN/2021-07-30_10_17_40.0/I1529634/PPMI_121830_NM_Reconstructed_DaTSCAN_Br_20220103151240206_1_S1092675_I1529634.dcm,121830,Validation,SC,74.4,IA88550,SCREEN,12/2021,0.0,0.0,0.0,06/1947,0.0,0.0,,,,,,,,1.0,0.0,0.0,0.0,0.0,0.0,0.0,1.0,0.0,12/2021,2021-12-03 00:00:00.0,2.0,123I-DaTscan,07/2021,1.88,1.76,1.16,0.77,1.48,1.17,Yes,,,0.3891271202897469,-0.5983553767621843,-0.2657110921661151,0
-2.794932,-8.984224,4.663548,2.8261793,2.3345294,9.218145,-3.7427104,6.9269915,-1.2870698,-2.670145,-1.7688609,-0.15645067,-3.7962687,-5.1542773,0.9477657,12.814316,-1.1561512,6.242478,1.5583607,8.466189,-3.9338262,0.42274475,-2.3553948,21.7744,2.7578392,-0.001978956,0.58039105,-2.3282974,-1.3248901,-1.8465939,-0.7172349,2.5649154,-1.2648283,2.1796749,5.260944,5.3291373,-2.8837848,-0.68444806,-5.536843,-1.1214098,0.4348352,-0.3257158,-4.734217,-18.284166,-4.5235767,-3.471028,-2.4684923,-4.895096,5.179219,-2.1143298,1.0886729,3.3359997,0.45640308,5.7904944,0.26553285,0.9918973,0.954077,1.6846911,-3.0804005,3.2353528,0.37856403,18.225567,7.3567486,2.4978983,-5.2931147,0.054755926,-4.204224,-0.5208059,-1.4755085,-0.9616371,3.289253,-10.617134,-1.2401592,11.118635,-0.090004876,1.2816913,1.6412746,5.455326,0.71113193,-0.10734051,3.0147622,-1.9072658,-0.8074788,0.2303254,2.8686912,-3.7196782,-3.1102612,-0.33083928,1.9530957,4.006939,1.652386,-3.7146447,-1.1288414,5.9559646,1.0563732,-1.0067518,-12.490965,1.5396132,0.50632846,4.6977987,0.40595803,-12.962088,-2.0760725,-2.1062446,2.6023624,-2.680533,2.5044053,6.67019,1.2266372,-4.7359896,4.999732,1.7311795,-6.605094,-0.30922046,1.5104226,-4.050952,-1.672661,-0.21994624,-3.5002449,-0.9368166,-0.5160422,-2.873265,2.471915,-0.33680558,1.5820583,-3.4909573,-8.238095,-3.0679507,7.3178205,-2.0114622,-20.325665,2.454414,0.48024827,13.834884,-1.0496967,-1.2182088,-9.668524,3.9104295,-0.7507994,-2.5227592,-21.174068,-3.442015,1.7381783,-1.3680035,-3.1038444,2.7240584,1.0521572,5.8201585,18.511913,7.171243,-2.3781948,-0.23620579,1.8664573,-3.7125328,0.3355616,9.69901,0.49952292,-2.858107,-1.1333554,10.717251,-2.8999405,-2.5607073,-0.5559513,-9.595222,-0.39379448,-0.50611174,-0.77154213,1.1395892,-2.913473,-13.047496,-11.835541,0.40957132,1.46831,1.5377411,5.511754,-0.2577211,5.625179,-12.102477,1.6046743,-5.623931,-0.63291407,-9.989756,-19.414093,2.1392715,-1.0589206,-8.378158,3.8015337,2.896362,-1.2069938,-0.038021535,1.1758221,-0.7348096,-3.7393305,0.39483362,-1.7237079,0.92850184,1.5932082,1.6302605,6.273864,1.5127879,-7.6016593,-2.5173535,2.1268404,2.7904081,4.0512114,-0.38996464,-0.7757091,-2.0170405,4.37595,0.38309965,5.59206,-4.2044983,-0.83497846,10.917245,-0.38396442,5.1312866,-10.903478,-4.8978286,-1.79286,-4.6656785,-4.793141,-6.7819977,3.1325715,-4.7445865,-1.7709516,4.848317,0.8983553,1.9521918,1.7715806,-2.6606529,-0.4295707,-2.3913283,-2.327132,6.5813904,5.0789757,3.5501554,-3.5477703,-3.427593,1.45887,-0.04007245,-1.0994525,0.3509103,1.8666408,-0.47385994,-1.961769,2.826467,-0.09374107,-6.5567155,2.3963926,-7.1759057,-2.4266708,19.187883,1.1458014,-0.23375487,0.9551829,-4.683397,PD,data/Images/PPMI_Images_PD/122645/Reconstructed_DaTSCAN/2023-02-07_16_09_01.0/I1682355/PPMI_122645_NM_Reconstructed_DaTSCAN_Br_20230324110143634_1_S1208051_I1682355.dcm,122645,Validation,SC,68.9,IA88340,SCREEN,12/2021,0.0,0.0,0.0,12/1952,0.0,0.0,,,,,,,,1.0,0.0,1.0,0.0,0.0,0.0,0.0,0.0,0.0,12/2021,2021-12-22 00:00:00.0,2.0,123I-DaTscan,12/2021,0.87,0.87,0.3,0.33,0.54,0.61,Yes,,,-2.8767625668184436,0.03890489503500671,-0.44644342448658836,0
1.0438486,-17.918056,2.8210595,-1.0586284,2.3260183,-2.8275216,-2.2896075,-2.6238236,-1.4348722,1.6914921,3.0384533,-1.7404575,-1.6157577,2.329674,-3.3447819,17.615833,-1.2082477,5.404228,-0.91033345,5.504489,0.23652242,-5.4658523,3.0641809,14.244237,-0.72989047,-4.609626,2.8432434,1.3582202,2.2065988,-0.82531095,-0.6504782,1.9478873,-3.807179,-0.99601156,3.512979,4.10923,1.2382876,7.3703985,-4.006512,2.0671592,1.3107922,-0.15008822,2.750057,-13.416292,-2.6997962,-1.3712494,-1.676609,-2.0483592,-0.33676174,2.1601388,1.4197162,1.3007714,0.09490967,0.4110418,-1.4481742,1.1955631,2.1870043,1.2578038,-0.5714587,5.161182,-3.3069623,18.86374,7.0857916,0.1825465,-8.282298,-3.7248418,-0.46354097,0.060716346,-5.149994,2.1794086,2.8586454,-8.04409,-3.0582664,6.626535,1.6758189,-0.6426336,-0.90372044,4.334837,-1.5847085,2.974752,3.157717,-4.043536,-3.6739926,-0.3534734,1.4752262,-11.365209,3.9540062,-1.8702465,0.82539797,-0.99760765,-4.2084312,-1.5331589,2.5564475,-0.9673806,4.682844,-8.159995,-12.896163,-0.9823833,1.6569995,0.72622144,-2.9739325,-8.966337,0.8746944,3.4377167,-2.591885,-2.2549293,0.721101,7.4477997,-2.1467142,-1.6258663,1.5121571,3.153644,-1.7260919,-1.853505,-0.5220089,-0.90934217,5.896867,3.6598487,-0.24080853,-1.9667512,-2.7014306,-3.9531362,-0.696943,-2.1455328,3.2880006,-1.1824352,-6.003724,-0.01204,6.4335356,-0.39344105,-18.99886,3.0206966,1.6527474,8.892375,1.1367518,-2.9787905,-8.801744,-0.6121218,-0.72690624,-3.283764,-16.507236,-2.7332537,-3.0569143,0.35641727,-2.235808,-1.0440745,0.3017459,0.65144765,17.073908,-0.9049949,-1.9127159,-2.9546664,-1.1748877,-4.594821,2.3629587,7.401357,-4.7899294,-2.0503666,1.5802684,17.226007,-1.3626016,0.91885954,3.9005785,-5.764814,-3.6113183,0.8540341,0.5129679,0.047443762,2.2374609,-12.180392,-12.053834,3.0854628,-2.6445508,3.6328137,0.21066259,-4.6261325,1.7236252,-16.142937,-2.8507533,-2.477543,-0.75755644,-7.0359154,-19.123272,-0.4409827,4.551893,-8.891911,7.017703,3.6473167,0.06837472,6.528462,-3.6538374,0.09207396,-1.7997504,0.9774291,-1.1052661,-0.13178793,0.09768223,-1.321433,8.614886,1.6798015,-10.075964,-0.9290061,-0.36278847,6.1690297,-2.3634155,-0.21741973,1.2390525,5.189076,3.2681556,1.0515629,0.83307064,-0.8464173,3.661311,13.256339,-1.72246,9.323415,-1.9406017,2.009403,-1.2781446,-1.608928,-2.2300947,-6.683432,-0.31993416,1.2193289,-1.7039741,0.99962157,-1.2779983,1.805594,1.1577361,-0.077458456,-2.9339685,0.7497525,-0.5690476,1.7063773,3.6026175,2.4520452,-2.770816,2.5762973,-1.3466192,-3.8228,-2.2117214,-0.6300969,-2.6949546,-1.4303744,-1.5495698,-1.2999395,0.45459583,2.3114488,1.9310392,-7.7079673,0.028506177,16.853083,-1.7038971,2.046291,2.3956914,-5.032496,PD,data/Images/PPMI_Images_PD/130156/Reconstructed_DaTSCAN/2021-12-15_15_00_34.0/I1537548/PPMI_130156_NM_Reconstructed_DaTSCAN_Br_20220125194439688_1_S1099258_I1537548.dcm,130156,Validation,SC,61.6,IA88900,SCREEN,12/2021,0.0,0.0,0.0,04/1960,1.0,,,,,,,,,3.0,0.0,0.0,0.0,0.0,0.0,0.0,1.0,0.0,01/2022,2022-01-13 00:00:00.0,2.0,123I-DaTscan,12/2021,2.13,1.67,0.99,0.59,1.51,0.99,Yes,,,0.09033625895941044,-0.9458363856622396,0.20273283503627282,0
4.131337,-36.57535,3.6023195,4.012367,-2.686101,-14.550548,-1.8291541,-0.17784375,1.0115837,-4.276693,0.035714988,2.234805,1.441093,-0.1939207,-2.2172003,11.7542095,6.200787,-1.466387,-3.7667558,8.789943,-7.938467,-3.1430361,-4.0762067,20.072058,0.18428372,1.1206925,2.1402688,-1.0343995,-4.0476494,0.10922505,-1.9890466,-4.9034534,-5.31377,1.3027898,8.0255995,8.557923,0.16001458,5.139102,1.6159282,1.3249022,-0.60642576,1.0108565,-3.4563673,-14.092601,5.3527646,-7.306069,4.5885887,-2.4743066,7.1108074,-3.5252845,-6.6961207,1.9207417,-3.9788167,4.23184,-1.8006799,-2.6396167,-0.77768934,-6.332329,-4.5997815,2.439739,3.3625598,28.816957,5.904907,1.1829306,-6.5971584,-0.7039122,-9.245232,0.13898604,-1.2510233,-1.1867065,-0.92537874,-10.6728325,0.3936699,1.9422456,-1.811217,3.9542997,-1.9564964,13.598285,3.9370785,-4.104257,-1.4191287,4.3261657,-4.73738,-1.0857768,-3.1420414,-7.75265,3.5197835,0.26449466,-8.804936,1.5701599,4.068973,-5.641421,-2.850303,-14.462587,-2.073484,2.6849108,-18.353477,2.4573483,-0.9070378,1.11706,1.0972346,-11.820035,4.423529,-1.7612263,1.6696054,-1.9352299,4.636263,5.422543,-5.822413,0.76333344,1.0183365,0.15096757,0.3856185,-5.735319,-0.07467428,-7.353359,8.040446,4.9464955,-3.1020927,3.4206507,0.78840166,4.9887633,-0.20551547,1.7429106,6.389181,7.1639805,0.10793397,1.1597996,6.962987,-2.6703203,-24.000935,3.4088593,-2.3424375,7.9806757,-0.17474312,1.3029811,-5.6595926,-6.22475,-4.5310955,-2.5706336,-10.067562,-3.2073448,-2.5442486,0.65818083,-3.6518743,-0.7839775,4.210098,0.9185408,25.521793,6.1224875,-5.181962,1.2435368,-2.9727106,-1.5142573,5.6679673,17.058676,-0.85814,2.9653134,-1.9570916,19.28232,3.9864407,-4.5298386,3.507403,-1.3713319,-1.4225094,4.4661365,-0.11157277,-0.25415015,6.726261,-6.9857655,-7.8090463,-0.5847038,-9.04464,4.1181087,0.18807009,-4.6834064,-3.5155535,-25.183702,-0.99803174,-1.1394931,0.92351556,-4.9998446,-17.941452,-3.4522908,2.600982,-16.76558,13.842873,-0.9667755,3.3161569,2.230637,1.0556741,0.09784544,3.2035825,0.86940086,4.9143457,4.86291,0.8129959,1.4096452,-1.6227843,-2.7770262,-15.008285,2.018683,-2.4566233,3.8619745,-2.180662,0.864655,5.100374,6.619749,-0.3260166,3.507634,0.003540149,-11.599025,2.020521,0.21691681,-5.7026286,9.369235,-1.0840117,2.8572953,4.861735,-5.270533,-1.0272833,-13.065265,-1.2182372,2.701107,-1.5540684,2.7598116,-3.951872,1.3941845,-5.554294,-1.2576606,-6.1016207,2.305737,3.4521499,9.039524,3.3366761,0.28508162,-2.276203,-6.341331,-0.591691,-8.758256,-3.7675216,1.7037768,1.5333896,1.433383,-1.3844899,4.6572895,3.3879473,3.161384,-8.613637,-10.333107,-1.4113272,38.095474,-2.7566335,-1.374558,0.7806605,0.07692566,PD,data/Images/PPMI_Images_PD/130256/Reconstructed_DaTSCAN/2022-01-13_15_18_50.0/I1542912/PPMI_130256_NM_Reconstructed_DaTSCAN_Br_20220209142646229_1_S1103466_I1542912.dcm,130256,Validation,SC,84.4,IA87290,SCREEN,12/2021,0.0,0.0,0.0,07/1937,0.0,0.0,,,,,,,,1.0,0.0,0.0,0.0,0.0,0.0,0.0,1.0,0.0,02/2022,2022-02-04 00:00:00.0,2.0,123I-DaTscan,01/2022,3.92,3.52,2.58,2.09,3.2,3.03,Yes,,,7.483754746556663,-0.5811329652240652,-0.1704795492596278,0
-1.5925452,-16.304802,2.4869764,-3.7804244,0.0054025287,2.7401602,0.19582674,1.5247014,2.48178,-3.4682024,0.072351225,-3.9961512,-3.3543632,-3.146833,4.0012236,16.917404,-3.6940422,4.9017496,-0.96188885,10.5774,0.13919695,2.2830877,1.9607339,18.662169,4.2422857,1.5314912,0.089128196,0.4586134,-1.4155865,-1.7066091,2.4091403,2.610152,1.2562699,-3.114301,6.327585,1.3948833,-2.314316,10.068964,4.185286,-0.14391868,-1.5495666,0.37286997,7.6215587,-14.829582,-5.8728614,-4.2560787,1.3250383,-3.3138516,10.675168,-0.52914566,1.125236,-1.8947201,0.925513,2.2780402,2.0755537,-1.1947643,1.6276776,2.2386353,2.6786404,1.1803552,-4.3200817,17.635487,8.959601,-4.8861423,-6.691205,-0.66754687,-1.1754446,-2.1986423,-4.5685773,0.8279099,5.776416,-6.9458714,-4.8005385,6.254907,3.0604413,-0.85574895,-1.6519439,8.080337,-2.3462238,-0.38469076,1.3714796,-1.8005329,-3.803378,-4.5790915,1.456843,-6.474889,-0.47572872,-0.67053676,5.7453523,1.7547117,0.38004056,0.49257162,-0.24205518,1.9791042,0.11560669,-5.795206,-8.939259,-4.2001247,3.496078,-0.716703,3.9043105,-9.796647,-1.4864322,3.427947,1.0358464,-0.8504329,0.25964668,3.633657,0.7195444,-1.7917166,2.3714385,0.46803892,-3.300359,-3.0146086,0.11993456,6.1830816,0.17191556,0.65545785,-2.0101223,1.5306052,1.7730446,-1.3140218,1.5649425,-3.927705,0.2090931,-7.238564,-8.839841,-2.2187963,6.6597285,-0.974299,-17.266623,-0.7059617,0.47368824,11.09964,1.1429096,-4.7164865,-6.1598334,1.785295,-2.143509,-1.2045672,-17.204515,1.1686962,4.179042,0.48943636,-1.0027529,0.27866325,4.5177174,4.8252053,13.526276,0.2724444,-1.58024,3.3304932,3.5552535,-1.4694327,5.4186616,5.6614766,-2.9674017,-4.1612844,-1.4489906,12.532701,-2.2503743,0.91265804,-0.48907563,-8.335804,-1.7160126,1.7954255,0.5660529,4.03921,3.0844233,-13.583667,-12.506557,1.5858825,0.17281225,5.6949883,0.688142,-2.9392684,6.406233,-12.892768,-2.8703432,-2.952711,2.216442,-8.401069,-15.370344,1.903817,1.614718,-9.024505,8.840501,1.7774439,3.4179056,3.8100064,0.9161218,1.6807367,-1.6905553,-3.3405945,-0.14684905,-2.7912054,4.163554,-0.70359826,-1.7889187,-0.18280089,-8.590416,-3.4870796,-0.2439742,7.4340663,0.37656215,4.997998,0.6715723,3.5702844,1.4292789,3.5117981,1.3689601,-1.5362842,-0.104209356,9.967871,-4.977982,2.7145095,-4.4748425,0.4216274,-2.3845284,-0.91310805,-3.0128129,-7.7517366,1.1625091,-4.2614436,3.32608,0.15231584,-1.4342774,-1.2232778,2.7430205,-0.29410282,-1.9902562,-2.7919278,-1.7139786,3.446041,0.49640173,2.7412179,-3.0984685,-1.041663,0.1387596,-3.326578,-0.9691946,-1.0158215,-2.2358332,3.0899267,-1.4950514,1.7281492,-3.0944128,-3.6694002,1.5564196,-5.111666,0.3122343,18.99753,1.9023249,2.286601,-0.3143093,0.65594167,PD,data/Images/PPMI_Images_PD/137739/Reconstructed_DaTSCAN/2022-08-23_14_01_08.0/I1644654/PPMI_137739_NM_Reconstructed_DaTSCAN_Br_20221123111741263_1_S1177774_I1644654.dcm,137739,Validation,SC,66.6,IA86985,SCREEN,08/2022,0.0,0.0,0.0,07/1956,1.0,,,,,,,,,1.0,0.0,0.0,0.0,0.0,0.0,0.0,1.0,0.0,10/2022,2022-10-25 00:00:00.0,2.0,123I-DaTscan,08/2022,1.53,1.37,0.58,0.5,1.06,0.84,Yes,,,-1.2785938489394302,-0.317668425153315,-0.007354871310224216,0
-0.38828924,-24.649523,6.2479067,0.6092161,1.8154619,-0.4583289,2.7917655,-5.532596,-0.33866712,-5.654282,0.7979364,0.08299761,1.1866812,-2.8768375,-7.02412,21.63013,-2.9295611,1.2200135,-1.5659735,6.351598,-4.0897145,0.33725235,-0.6143858,14.88617,-0.9401933,-0.0036493351,2.120798,2.8489602,-4.2081857,-0.7409558,2.561975,-7.0713553,-4.6524076,2.8210158,1.1407683,9.083888,6.7528605,5.481685,2.2719703,1.8692522,2.7489407,-6.5574536,9.893417,-14.201441,-5.2616596,2.755297,-4.532483,-3.2706501,4.707242,-0.6100728,-4.100258,-1.8087536,-1.7428112,-2.1068184,1.5174179,-0.24352726,-2.52473,2.6990438,-2.27655,0.34069362,-6.5682907,23.141146,1.3912377,-6.3309875,-4.8095884,2.4417078,0.94872755,1.3102126,0.1470636,1.9187262,0.49338344,-10.525612,4.2612305,9.535276,6.0540104,-1.4770772,2.0225756,15.485745,1.197747,-3.2988067,-7.8691487,-2.2334285,-0.8531062,-3.648291,3.2070558,-6.799177,3.723168,0.33970654,5.711492,1.6826712,-4.967116,-0.46096972,3.6120355,-1.0943645,1.9249307,-2.9525747,-10.531717,2.3668606,-4.421588,-0.7693838,-4.550816,-6.0256433,-1.153826,6.1613107,0.51098436,6.5255084,0.74690515,6.569386,-0.62786114,0.446363,3.6916108,4.603613,-10.249096,-0.5345027,-3.6929839,-4.3983088,2.901094,0.1836048,1.1030667,-1.6802826,4.1311426,4.4927254,2.1012344,0.60488826,7.63464,-0.8968414,-4.13931,4.255738,0.29955342,-0.892437,-14.305984,-0.047267273,7.9889617,10.451275,-4.9897804,-6.0818157,-7.8076906,0.83432966,-0.04586681,-5.932856,-13.50518,1.772955,-0.0051803268,6.772289,-3.6891994,2.1982543,1.5250547,3.2294912,19.328606,-2.27702,-2.9745939,-4.1512938,3.700074,-3.3293672,6.260994,13.477579,-6.0772657,-5.5968995,-2.1696947,18.21528,0.40315688,-1.2587376,7.1834135,-4.071619,-2.9463089,1.6026654,2.5079784,6.9392657,1.296003,-13.018268,-9.514147,-0.67528635,-6.060762,-0.8864559,-3.4033601,-5.6896696,2.0468261,-22.763,-2.1188354,-7.2609415,-0.29983875,3.6634078,-11.546861,9.677893,0.8175177,-14.658105,14.632044,5.741049,5.764301,-0.33550382,-0.3035389,1.8863071,4.1865973,-4.208757,-5.0621433,-1.9084243,1.8686984,-2.569181,2.5225036,4.3697157,-9.85032,2.1691363,-2.862723,-0.86489034,-5.6859665,-4.0124025,-2.3905642,4.9906006,1.6587157,4.0670815,1.7779735,-2.5703712,-3.089246,5.511788,0.13388973,4.4106393,-12.99449,-6.828343,5.9338765,-1.7266115,-8.076503,-5.660571,-5.0897303,-1.3031837,-3.5332696,4.48854,-1.872736,-7.176324,1.7163922,-2.3424523,-3.2873836,-2.6028678,1.8821616,1.5814152,-2.1520014,3.8512392,-3.4164927,1.2618756,0.59254557,-8.010842,-0.50765914,-2.2197382,3.1978512,-2.0454178,-7.3188624,-2.6044643,1.0796376,7.6515975,-5.8755655,-2.0032835,3.5812283,20.00862,-1.3735269,3.1122968,1.17565,-1.1166309,PD,data/Images/PPMI_Images_PD/137842/Reconstructed_DaTSCAN/2022-03-22_15_24_21.0/I1574632/PPMI_137842_NM_Reconstructed_DaTSCAN_Br_20220428101405647_1_S1128610_I1574632.dcm,137842,Validation,SC,74.9,IA87675,SCREEN,01/2022,0.0,0.0,0.0,04/1947,1.0,,,,,,,,,1.0,0.0,0.0,0.0,0.0,0.0,0.0,1.0,0.0,05/2022,2022-05-06 00:00:00.0,2.0,123I-DaTscan,03/2022,3.26,2.53,1.0,0.59,1.99,1.25,Yes,,,1.8299457109555728,-1.2000532417238332,1.698559694679627,0
-0.16929054,-19.581179,-0.27171683,-5.597858,-1.5226562,-2.2076094,0.840791,2.742434,0.6008723,-3.8323777,1.0372341,-2.8448384,-2.0678222,2.8695533,-0.9756431,18.06978,-0.981099,-1.5476235,0.8702189,11.4058485,-2.1594546,-6.1968255,-4.277718,14.142886,-3.058353,2.157784,-0.38506722,-2.4145641,1.7581495,-0.91079926,-0.9928067,2.835655,2.598781,2.6119452,4.3749676,0.62599075,0.034810517,2.8085868,-4.235074,0.876475,-1.7273376,2.11082,5.0588245,-15.054402,0.10423848,-0.70698,-0.72981656,-1.9285688,6.597322,-1.309642,3.1310005,2.2334702,2.0089781,1.8398567,0.25446016,2.3049288,2.14757,4.260876,1.2507145,7.599591,-4.3816524,16.057909,8.978679,1.6549692,-7.6442385,0.36327857,0.6476765,2.874611,-0.7357984,-1.0082998,0.36902156,-7.1794877,1.6926066,0.83360326,3.818151,-0.3529192,5.566876,4.2998676,-4.025748,1.2304333,2.2451093,0.17439973,0.500639,0.87113804,2.834169,-3.6260533,1.4374629,0.86991566,1.2617078,3.7281482,-2.7757525,1.0222006,-0.5597392,-3.89906,-0.8269963,4.544612,-10.546145,-2.611719,-1.9962684,0.16507037,1.2010512,-12.305273,-2.3976052,3.1875498,1.7033724,0.5914137,-1.9267721,3.3938208,-3.975452,-7.396016,-2.643311,3.7317138,-2.5691617,-0.057924543,0.052642446,-0.7032302,3.125966,0.6735842,2.1092436,-2.0837102,0.20354725,0.71001285,-0.5005862,-2.385731,-0.49058023,-0.42404434,-7.069082,-1.2207737,7.0991526,-2.8736188,-22.848583,-2.613467,0.26986787,8.877122,-1.3341001,-3.6299436,-3.3907535,-2.8493257,-3.2533278,-1.80404,-15.454042,2.6810625,-1.631688,1.1318893,-4.0149045,2.6829932,2.2882154,-1.6548724,18.825466,-2.4439778,-3.6337793,-1.205265,5.5758233,-3.4231198,0.07369638,8.764743,-3.907742,-2.4244695,-1.8449348,16.073498,-5.093565,-2.9542525,5.105109,-9.212792,-8.145813,-0.65002465,-2.5645187,-0.6520265,2.3482482,-15.106561,-8.656515,0.24734183,-4.0952115,2.2504158,1.9940468,0.61940634,2.5561492,-10.354438,1.9865623,-2.1010253,-2.36531,-1.1591189,-15.300486,-3.2363534,6.1777177,-15.214564,1.0743979,5.050176,-6.12262,2.188351,0.9530691,1.7980255,-1.9184749,-0.21322274,0.08488971,-0.55186963,-3.2170744,1.8384,-0.094666414,2.5312164,-6.5725226,-3.9679925,-1.8307173,12.003383,-3.1613748,-0.5873436,-4.550905,1.4592534,-1.6925528,-2.2724268,-0.25240785,-0.38967732,-1.6265023,12.338028,5.56781,8.380506,-6.276586,1.0011309,2.0746834,2.9212892,3.0191407,-5.964338,1.7897305,1.9732379,1.9967976,-1.4150431,-3.7195942,6.041033,-1.7638469,-1.2016722,-0.11463328,2.155511,1.7334713,3.6958182,5.9003544,4.084592,-3.8588517,0.6003819,0.95284146,-2.8713443,1.7930927,-0.5061665,-1.19294,-1.3862778,-4.4242597,-1.0571847,4.303295,-0.45478907,6.414953,-10.297056,-1.9632928,23.780321,1.7614439,-4.3627596,-3.951188,-3.773633,PD,data/Images/PPMI_Images_PD/141135/Reconstructed_DaTSCAN/2023-03-22_14_46_14.0/I1707475/PPMI_141135_NM_Reconstructed_DaTSCAN_Br_20230526093247247_1_S1228041_I1707475.dcm,141135,Validation,SC,53.1,IA88476,SCREEN,02/2022,0.0,0.0,0.0,01/1969,1.0,,,,,,,,,3.0,0.0,0.0,0.0,0.0,0.0,0.0,1.0,0.0,02/2022,2022-02-23 00:00:00.0,2.0,123I-DaTscan,01/2022,2.61,3.14,0.72,1.49,1.43,2.05,Yes,,,2.524794928992493,1.5017020107206354,0.9738611388362354,0
4.8042617,-16.545282,2.8507905,-0.77322716,-7.101337,-1.7731692,-1.5468557,2.2657223,-3.3977034,-4.5768833,0.29401714,2.8990366,0.43282822,3.4349017,-0.359283,9.903488,-0.6491035,1.4779718,2.0343843,9.910648,-1.7899877,-1.5454177,-4.616916,16.572563,2.9040058,3.2350824,-3.5557215,-3.1410167,1.388926,3.7384171,0.3725152,-0.16034456,0.89797175,-0.06016264,8.965894,5.590433,2.7515833,1.2428732,-2.5762026,0.36194113,1.4951913,-0.08220193,-3.6774056,-18.553267,0.24404997,-4.026596,-0.8491736,-4.396513,0.94861877,-0.12297381,1.2347667,-1.0959692,-3.5629737,4.024001,-2.3209636,4.170966,5.202106,2.70238,-1.2693441,2.3078759,3.8586366,17.635614,5.6261673,3.2444987,-4.316885,-1.9488053,0.22812381,3.209798,2.277995,-5.076709,3.4429743,-6.37266,-5.701343,1.9017853,0.63147086,-0.61239237,1.6966435,11.544112,-1.157983,4.9258275,-2.574878,1.7042011,0.058858734,-2.1276062,3.3250604,-8.803207,2.1268237,0.057501245,0.06775728,-2.6448963,2.1112092,0.36831573,-2.4477122,-5.0037937,0.83734024,-1.7484196,-12.596502,-1.721996,-4.7574077,3.8109777,-3.1554763,-16.093222,-1.1199676,-4.5855403,1.3859327,-0.9054807,4.127768,8.965752,3.100009,-5.7338786,3.7205548,2.8144474,-0.5945704,1.090002,3.5387814,2.7249522,-3.6144066,-0.5559617,0.8438859,-4.5257506,2.9546216,-0.16548249,2.0248594,4.2608438,4.580171,-2.5308104,-6.863289,0.12823926,6.5757484,1.4123976,-23.529526,2.080273,0.45475212,7.024843,-1.649771,0.95186776,-6.0768294,-3.465488,-2.7907653,-0.526796,-20.789627,2.1606388,-1.9468472,3.3633573,-1.401556,-0.40692964,3.3639934,2.548787,17.967514,2.5690758,3.6511137,0.6574823,0.56429017,1.5713078,-6.5133166,13.071849,1.1245028,-2.738218,-0.54105514,17.160421,-4.405304,-6.0280356,2.894896,-6.0506783,-1.9287391,1.2260971,-2.841944,-1.1619952,-0.13781223,-9.704083,-8.355459,3.6143486,0.96794635,1.4214026,-1.5426228,1.4769325,4.158691,-15.177678,-0.48529294,-0.640034,2.4911957,-8.513702,-22.646069,4.223378,4.713826,-11.962804,2.5311728,0.35749248,-2.948165,0.58333665,-1.8768103,-4.763521,3.300325,0.6447794,-0.54628134,1.3421738,2.5910227,1.622652,4.9902062,-1.4334406,-11.219797,-0.8383077,-0.43773976,5.066192,-2.5488298,-0.7557215,-1.1031723,0.3577251,3.8406236,-2.601649,5.6529255,-6.9089484,-1.8631339,12.67781,0.48430705,10.705115,-11.243975,-5.5678616,-2.2414017,-4.7976604,2.550892,-7.35165,2.5893118,0.55786955,-0.66330636,-4.414819,-5.308955,3.1642497,0.7835868,1.4011918,-2.5080602,3.3993106,-3.3621285,0.03607326,2.760541,5.866911,-3.1250556,-3.5175476,0.9415584,-4.3595386,-3.4805617,-2.8137548,1.8721498,0.9818504,-6.718766,-4.678109,4.6844664,-2.8413846,1.439607,-9.438805,-2.0248775,23.740963,2.5902407,-5.8048472,3.8400712,-5.1007295,PD,data/Images/PPMI_Images_PD/141696/Reconstructed_DaTSCAN/2022-03-01_12_41_00.0/I1562660/PPMI_141696_NM_Reconstructed_DaTSCAN_Br_20220330191711300_1_S1118831_I1562660.dcm,141696,Validation,SC,51.7,IA88837,SCREEN,02/2022,0.0,0.0,0.0,06/1970,1.0,,,,,,,,,1.0,0.0,0.0,0.0,0.0,0.0,0.0,1.0,0.0,03/2022,2022-03-23 00:00:00.0,2.0,123I-DaTscan,03/2022,1.87,1.8,1.69,1.55,1.67,1.65,Yes,,,1.956625398120849,-0.14143213927441034,-1.5540658698094938,0
0.6226332,-33.993088,0.07964417,-3.4227278,-0.62436396,-16.74919,-0.6083943,2.7728558,-3.6804497,4.2254915,-0.75221217,-1.2501274,0.44292346,-5.305055,-1.0795339,14.134586,0.4030271,-2.2499237,-0.60974485,13.456092,1.038075,-2.9203181,-2.4770741,10.12494,3.5540047,-3.2084124,2.040719,-2.8296616,4.1076765,-0.8884531,4.3154964,-0.71081686,-2.1663175,0.26956928,4.0717144,3.1576018,0.46316037,-1.426235,-0.7827422,4.077588,-1.7923758,0.15794061,2.567707,-17.8557,2.042497,1.1892253,-2.421006,2.2419536,9.694982,-2.6515064,-3.2075021,2.3612227,-0.7065853,3.6034894,-1.8614812,-2.6646402,3.2844326,-1.3987324,0.33037823,0.6092759,1.0928181,28.686024,-0.19245735,1.8003303,-8.123364,1.8916376,1.2593582,1.8590121,0.54783314,-0.2202716,2.835808,-8.880487,0.3528001,-6.327253,2.5554419,1.1270491,-0.44861373,7.4147677,1.2578678,1.5702901,0.44498783,-2.4241705,-2.8731358,0.33562154,-1.4279442,-11.030382,1.1513988,1.5396978,-1.1870482,1.5669532,1.9702045,0.7556262,2.4762454,-20.69052,-1.9193212,-0.8404368,-12.8820715,0.8517936,-1.1303713,0.14681764,-2.665242,-18.490492,-0.7202382,-0.35772824,-2.3392334,-0.28507617,-0.50502586,7.0579224,0.0606084,-1.447378,0.0043028276,1.4612494,0.99463254,1.8930126,3.8308222,3.470803,11.385298,1.6282755,1.1713464,0.034104254,-1.3511295,-2.1173038,-2.9981678,0.9243704,3.3721008,-2.55624,-5.4289265,-1.2058504,5.935152,-3.22737,-22.755108,1.1659039,3.8108408,8.43123,-0.81460947,-2.577553,-4.363466,-0.8460653,-1.2074898,-0.9124056,-21.914179,-1.3714786,-0.6693146,2.5136774,-1.4264479,-2.6740584,-1.5373907,-0.21046,23.173714,-2.4407272,-1.2264428,1.1992661,-1.1522281,0.3643236,2.766795,15.524741,-4.7608824,-2.607426,3.7022383,21.57979,-1.692393,2.07553,5.1481857,-5.4883213,-5.004327,4.525559,-0.77622145,-3.1852472,3.903866,-11.369367,-3.415039,1.8540229,3.2478156,2.2599387,-1.6169126,0.32865804,0.54042554,-24.209032,0.5264677,-3.3012218,-1.6421728,-3.1533537,-27.796982,2.56555,3.4801297,-14.234895,9.841719,-0.96245766,0.21341415,-2.3941624,-3.8305702,-3.5883205,-2.902109,1.9254204,0.54436296,0.40173438,3.5186918,0.929365,0.97385293,-3.052671,-9.250468,-1.5851934,-0.10290515,2.9837086,2.3437545,-1.333039,-0.9626781,0.30136475,-0.7143934,-0.5339461,2.4782312,-4.3902087,-0.28458297,5.6657786,-3.02244,10.6087475,-6.605454,-5.1100807,3.7584977,-3.777202,-3.4959764,-6.1422606,-3.8332398,0.8917521,0.32917678,2.1863575,3.7708607,0.6593863,2.5176907,-5.1216025,-1.2318686,-1.0076766,-1.9741198,1.1109477,-0.089186326,-1.4308937,-1.2867781,-2.4453316,2.4944677,-3.974652,-3.95672,1.8796916,-1.1967876,1.3179139,0.47165233,-4.8446565,-1.2260569,-1.13091,1.9714918,-16.580853,-0.6243099,32.453953,2.5196254,-5.088169,4.01519,0.8917589,Control,data/Images/PPMI_Images_Cont/141893/Reconstructed_DaTSCAN/2022-03-30_15_01_46.0/I1581787/PPMI_141893_NM_Reconstructed_DaTSCAN_Br_20220518135900830_1_S1133821_I1581787.dcm,141893,Validation,SC,71.0,IA86941,SCREEN,02/2022,0.0,0.0,0.0,02/1951,0.0,0.0,,,,,,,,1.0,0.0,0.0,0.0,0.0,0.0,0.0,1.0,0.0,04/2022,2022-04-07 00:00:00.0,2.0,123I-DaTscan,03/2022,3.48,3.47,2.83,2.39,3.24,3.01,Yes,,,7.645663331219067,-0.38984097350697955,-1.063959935471826,0
0.35321912,-18.319489,5.6689377,-3.5046484,1.5111135,1.8143439,-1.445019,2.467607,-0.015860867,-2.6848714,-0.59656227,1.1708378,1.0214131,-1.8557659,1.433337,12.982359,2.9203696,0.53181124,0.018084928,10.392592,-1.6070231,-1.5911968,0.66444117,16.32971,-0.85462075,-0.42738122,1.2556795,3.604719,1.8704144,-3.894875,4.625798,1.2638196,0.48296052,-1.7576226,2.968275,-0.05276789,-0.29649615,0.3287199,-0.64300233,2.7484636,-2.6426287,-2.094697,2.7943532,-14.887127,-2.2665057,3.0772817,-1.0902705,-2.1022146,6.33787,-0.5892483,4.060207,5.0428243,-1.6095439,-0.09349333,-1.3964477,-0.07960075,0.46987882,1.044206,-4.933342,1.7551901,1.4089912,18.57472,9.2830925,-5.234633,-7.753832,-0.387315,-0.1034522,-0.22883876,-1.1857711,0.8800779,4.0158567,-9.840363,-1.4881148,7.826888,-0.36901602,0.903149,3.7380955,7.2778826,-2.304985,-2.9404702,-0.058622483,-2.73539,-2.9661608,-5.445728,0.22311176,-11.850806,0.9513257,0.21996011,1.5363948,0.49537984,-4.4162154,2.4146254,1.5161016,-1.0191444,6.0451736,-1.9845449,-6.0780926,0.5820328,-0.22743462,-3.0194519,-3.2718556,-14.598046,-0.7707234,0.54756045,-4.0819497,-3.645107,0.9042196,2.8102794,1.2624885,-2.7330756,4.120098,1.7995737,-3.891375,-3.1192033,0.74900424,0.8519091,2.530788,-1.0253992,0.13082595,-0.58605933,1.2650989,-6.198573,1.2473546,-3.7969692,1.0080318,-0.8710281,-8.379039,0.6078824,6.542815,-1.1980351,-18.082726,0.91895646,2.452988,5.2165947,-4.685345,-1.1995672,-6.0112033,-4.492211,-2.01403,-0.13102446,-14.937771,0.06442217,0.30792654,-4.2302556,-1.6565849,-1.1261942,1.6221635,2.664068,22.78791,-0.060758837,-4.10249,0.5067169,1.6087918,-4.555565,1.9367514,2.8817575,-1.1708262,1.5760527,3.0003107,13.621048,-3.4817798,-2.5292606,5.6875257,-0.18501158,-3.8369002,2.3496046,-0.6477005,0.84611785,2.090206,-18.871023,-13.304301,3.9607508,-0.8997236,-0.03569597,1.5045795,-3.879608,3.9372432,-13.123746,2.5282574,-2.2057688,-2.2744625,-2.3904264,-13.027225,-0.11159129,3.9458175,-10.790011,7.7210646,-0.20702407,-0.17992698,0.5023396,0.7547152,0.43579417,-1.0747509,2.572557,0.06413746,1.1261076,0.0058595757,-2.8950334,-0.23342262,0.09104148,-8.240703,-1.6061375,1.3009892,9.901986,0.22809081,0.57359195,0.70895493,2.2841554,-3.7209473,2.3360183,-3.7992957,0.78470886,2.663104,6.882765,2.5409493,5.1551647,-4.6825733,-3.1534514,2.0030441,0.23373239,1.058523,-5.8419547,2.23975,0.816137,-0.7753598,-3.7234807,2.07602,1.5027661,1.052008,-0.052264202,-3.064396,0.67493534,-1.4527646,-1.4214842,-3.048185,2.1122353,-3.2445018,1.1467423,-0.02918232,-2.6693823,0.12213598,1.9248323,-1.5035264,2.5841196,0.4547233,1.0188465,-0.26000896,-1.1681697,3.900176,-12.81739,-0.070512146,20.058207,-2.581471,0.48821902,2.57005,-2.2772815,PD,data/Images/PPMI_Images_PD/141995/Reconstructed_DaTSCAN/2022-03-17_15_18_45.0/I1574638/PPMI_141995_NM_Reconstructed_DaTSCAN_Br_20220428101610097_1_S1128616_I1574638.dcm,141995,Validation,SC,56.1,IA88345,SCREEN,02/2022,0.0,1.0,0.0,01/1966,1.0,,,,,,,,,1.0,0.0,0.0,0.0,0.0,0.0,0.0,1.0,0.0,04/2022,2022-04-21 00:00:00.0,2.0,123I-DaTscan,03/2022,1.8,1.91,0.58,1.08,1.16,1.48,Yes,,,0.2331099507399619,0.7555608919418487,-0.027751752080576123,0
-1.7620646,-19.109726,4.7630014,0.6321671,-2.7102568,-1.2467291,-1.4677775,1.6895216,3.0310533,-7.2196517,-1.2309622,1.3757335,2.1376126,-4.2258964,1.247936,15.428456,-1.6524699,-0.30790693,1.3510305,9.348381,0.17197026,3.8788443,0.92013717,24.552069,3.3507414,3.2272189,1.7204553,-0.84599483,1.4869326,-2.4329398,0.20509888,-2.5271134,-0.510289,1.9202298,3.1324208,-0.04390831,-3.9507532,4.815749,0.35669312,-7.3823795,-2.7125607,4.163405,1.4626596,-14.262627,1.8756951,1.9075136,3.7150264,-2.5279503,8.801006,1.0522758,1.3889489,-4.355824,-1.8988551,1.9970478,-1.9138808,4.076425,-0.27326858,0.31615165,-0.4683057,-4.2903786,-2.985368,22.363098,7.8915343,-3.7354186,-9.566865,0.51464784,0.17790838,-5.832396,-0.8562062,3.8878694,5.608957,-12.104343,-2.1658309,6.2177415,7.6826096,-1.5252397,1.7823416,6.9282627,2.0841467,-2.453926,-1.6062458,1.0534734,-2.5749118,-0.8524897,-1.8689516,-7.475174,-3.773291,-5.668933,1.9313551,2.5502167,0.10498604,-0.78000516,-0.3424366,-2.5238953,1.3782103,-1.8888217,-13.635672,0.34055692,2.371544,-0.563583,5.2559514,-14.267942,-3.033942,2.9747849,0.6957411,-0.0001380546,-0.63998234,-1.2240592,1.8854046,-3.9695797,0.10291402,-0.89354986,-4.5427036,0.810332,-0.031991508,-1.6460258,-4.0788193,2.4417422,2.1599362,-0.097795464,1.7174063,2.7093909,4.045833,-2.5075343,1.4767433,-3.329771,-3.5318592,-5.7152452,10.543185,-2.9816475,-18.855312,-2.0500162,0.49825352,13.484905,-3.2247076,0.5649056,-1.7018034,0.7877072,0.42526206,-2.762016,-15.175013,-1.9390466,-0.46083558,2.0631187,-3.4367025,5.4006596,6.2100697,4.1878667,20.131588,6.090015,-6.3092666,1.1348276,-1.3151466,2.674008,11.288106,11.507016,-6.230736,1.3888345,-0.38736272,15.755125,0.60647815,1.4018131,3.209769,-5.587036,-0.7430438,1.9229869,-0.2082549,4.999683,5.636411,-13.192418,-9.165913,3.2831063,-1.6147946,1.2505008,0.3182082,-3.762201,0.59436226,-12.0239935,-1.9992332,0.23098047,5.9252524,-3.893443,-23.121609,0.10055277,0.9877061,-7.7777967,9.559488,5.431578,-1.5499208,1.3341968,-0.44719332,2.1692135,-3.22736,0.37757945,-4.351623,2.9815173,1.4922549,3.0450556,1.2482932,-1.7929398,-10.9728565,-3.0757241,1.8452945,3.406599,-0.17869578,-0.63602376,-3.553853,3.102796,0.33196822,5.336453,2.7284393,-10.064896,0.75267303,9.8570385,-1.255974,8.244235,-11.316402,-1.2673372,1.4553117,5.143335,-6.1610804,-3.3515294,-2.2660532,-4.529956,0.36785448,-1.575486,0.08137924,1.4525148,-1.6553998,-4.8840256,2.548359,-1.0324488,2.105016,4.3768373,7.0138016,0.13734345,0.84633404,-1.8750331,-2.0879607,1.3410541,1.825551,-0.20682615,-3.082498,1.4512596,-5.008842,3.428049,1.1974663,-1.3033017,4.3396893,-6.770569,1.1111938,24.580702,-2.321065,0.7308322,2.2297652,-3.6899242,PD,data/Images/PPMI_Images_PD/142004/Reconstructed_DaTSCAN/2022-11-07_10_50_52.0/I1660692/PPMI_142004_NM_Reconstructed_DaTSCAN_Br_20230127105410318_1_S1188701_I1660692.dcm,142004,Validation,SC,75.2,IA87173,SCREEN,02/2022,0.0,0.0,0.0,11/1946,0.0,0.0,,,,,,,,1.0,0.0,0.0,0.0,0.0,0.0,0.0,1.0,0.0,02/2022,2022-02-28 00:00:00.0,2.0,123I-DaTscan,02/2022,2.43,2.45,0.73,1.33,1.31,1.77,Yes,,,1.5828770350034889,0.9303596005987755,0.46804381293392094,0
-0.6785769,-25.295612,0.32016298,0.6593713,-5.0911665,-7.845235,-0.89822143,-1.1963878,-0.186687,-2.9085944,2.2301276,4.346947,-3.3712332,3.2258604,0.57918096,17.754475,0.017247196,-1.7181406,2.558635,9.650237,-7.017958,-1.6009591,-1.8980237,17.984976,2.354091,-4.1477113,-4.0991,-0.22508954,4.826429,-6.372629,-0.95456845,-4.3262687,0.59058803,1.410205,6.930193,3.298991,-1.8834867,2.0100338,2.899812,1.7216997,-0.29545486,-3.2222104,0.3682898,-16.708872,-3.4656684,-0.5163819,1.4337691,-0.574901,6.453133,-1.6537292,-1.0359659,0.80984986,-4.505849,2.035518,-0.81914604,1.6835126,3.1085002,1.9895624,-1.2277375,1.8186171,3.3978274,25.096275,-4.085783,-4.9100633,-9.876946,2.233615,-3.8276522,1.2348418,2.3351607,3.6230826,-3.7920825,-6.4212694,-0.80149883,2.0585825,0.067264155,-3.2183087,3.8250277,7.831273,-0.9979976,-1.1465801,-1.1376915,2.4948676,-4.234025,-7.236399,1.2041698,-11.61555,4.763098,2.9953666,5.1331034,-3.1934628,2.585419,1.1258372,3.7111583,-11.096294,-2.9603467,-1.427464,-12.496654,-2.9317117,-0.26262495,-6.7118015,-0.37720245,-12.402443,0.9602906,0.7184293,-1.2522361,-1.483404,0.5892429,4.5228977,-0.6981124,-1.1280417,0.7737938,2.1253362,-1.0916632,-0.39760828,-2.098524,-5.9234858,1.8117955,1.597493,-1.2418853,0.7369739,1.9245199,0.7735803,1.8318613,-2.3384373,3.3584814,1.0445687,-1.7120396,0.95552284,2.3073676,-0.8645695,-20.114317,-1.7375927,0.45330957,6.4122057,-4.760318,-0.38070422,-11.40255,3.348525,1.8194226,1.0686604,-16.08977,-0.8095198,-5.54488,-0.2278536,1.1584854,-3.8024766,-0.8043755,0.7300016,23.342464,1.6332082,-1.0900364,3.814824,0.22449699,1.1426021,1.1403962,14.1129265,1.1252209,-0.3035556,6.575988,20.338911,0.65609944,-2.9533176,0.67709184,-2.770015,-0.9200822,-0.031893425,-4.252803,-1.1502259,0.3984927,-8.588067,-8.873221,0.14432274,5.4892983,4.2820983,3.0113297,-0.15700637,7.060781,-23.242762,-0.82003033,-4.6300287,-1.5294157,0.85911447,-20.955116,6.0927157,3.9488978,-19.75328,10.129418,-1.1216698,0.79028565,-3.697859,0.8907824,-2.1181335,-0.6722463,3.3754976,0.91931194,0.8580438,0.98868144,-0.49662188,6.5737023,-3.3962412,-7.774216,-0.68433535,2.5109208,-1.6132612,-0.04360384,2.3933613,-2.1030102,1.7427443,-3.2096436,3.8689814,-3.1425343,-6.3657227,5.325153,2.3749778,-0.20585814,12.569909,-8.146046,-3.527418,3.5395362,-3.8843737,3.242116,-5.9429226,-2.2760742,0.91354555,1.2973872,-3.3164783,-1.6740409,-0.604378,1.1951759,-2.6085937,-0.94256896,1.9413636,-3.32944,-0.3047783,-1.336401,4.3570986,-3.8282387,-0.3133826,-1.0111043,-7.2752085,-0.23118538,-0.2947937,1.9572898,4.973576,-4.533567,1.6975281,-1.5732214,1.470469,0.0011850349,-4.8692403,1.3766465,28.760157,1.0288678,1.1198645,-0.74795187,-2.0262454,Control,data/Images/PPMI_Images_Cont/142087/Reconstructed_DaTSCAN/2022-03-15_14_13_38.0/I1571478/PPMI_142087_NM_Reconstructed_DaTSCAN_Br_20220419201031391_1_S1126068_I1571478.dcm,142087,Validation,SC,79.1,IA88519,SCREEN,02/2022,0.0,0.0,0.0,01/1943,1.0,,,,,,,,,1.0,0.0,0.0,0.0,0.0,0.0,0.0,1.0,0.0,05/2022,2022-05-03 00:00:00.0,2.0,123I-DaTscan,03/2022,2.9,3.27,2.74,2.12,3.2,2.6,Yes,,,6.5505232443347134,-0.6381637521786461,-1.2666306328646195,0
3.1952434,-15.989336,3.5562315,-4.6878605,-1.3723081,6.2689257,-0.6005727,0.833021,0.08658592,-4.2065115,-0.8107171,1.7854735,-3.4862182,-0.464955,0.3875933,17.346222,-1.5184625,5.04428,1.4338657,10.638528,-0.44205642,-4.6556306,-1.7815583,18.108328,0.40256357,3.7881057,4.6561494,2.7842197,3.188014,-0.5372346,0.88294286,0.16250618,2.3971336,1.5258461,1.9578605,1.1256561,1.0488796,-1.0163561,2.159185,-3.195909,-3.509365,-0.47448525,1.9265937,-19.924082,-2.6602454,-1.3912492,3.6059635,-0.34037653,4.3569894,0.43376496,1.5876635,-0.39480263,4.312751,-1.5010169,0.3476189,-0.46358588,-0.18373619,2.1185179,0.5114452,0.5739415,-1.5774355,18.626192,6.9362817,3.707358,-10.281499,-0.44569838,0.3200851,-0.2772121,1.4307363,0.1504087,1.8459014,-5.884436,-1.8602308,6.6546817,0.45593488,-1.76246,3.201051,6.718214,-1.0811216,0.4019759,3.0172255,-5.5435257,5.5211673,-2.595967,3.6151333,-7.090858,-0.021965671,1.2267035,-0.040961627,1.5291643,-3.6535573,-2.0298574,-1.371253,0.8961286,-2.8454473,2.405645,-12.327399,1.7653389,-0.6170503,1.3326417,0.14790522,-20.462002,-2.5206978,2.1812277,-0.52215594,-4.7261343,-1.1118926,4.272843,-1.7437724,-7.42912,0.16592056,1.6042001,-0.24566539,-1.0620207,-3.3767607,-0.189564,-4.2876825,0.78799886,-3.8661048,-4.310836,0.8330978,-4.156951,0.46523997,2.3426304,0.77170473,-0.8407338,-5.9541426,-0.72634757,11.412136,0.3888303,-25.298304,-0.48591462,3.7314277,11.78237,-3.56373,-8.090725,-8.003736,0.8127416,-0.41809404,0.40056336,-19.620865,0.9707069,-0.7333933,-0.83293766,-4.6057024,-0.6042349,6.9157524,-2.380012,20.479,1.9750634,-4.5583034,-1.4967862,-0.25652832,1.0291934,-0.81086963,4.4104857,-1.0401958,-3.260518,0.93628615,13.783293,2.2563808,-3.8812833,3.83132,-5.0706453,-2.0256348,-4.524833,5.3428006,4.849625,-2.1587174,-7.2083206,-15.616182,0.74318177,-2.8703032,0.9159243,0.4782023,-0.3169159,5.355168,-11.654089,-0.9864843,-4.0536084,-0.98713106,-4.2343626,-17.029432,-1.6481373,-1.9002281,-13.830337,9.913287,2.4918978,2.0642097,2.8327987,3.1332655,-2.4617834,-3.5777457,3.1526248,-2.388916,-0.39002874,-2.794598,-2.4426591,-5.231973,0.6011565,-12.467836,-0.49523985,0.23404102,5.1897225,-3.1488047,0.99389374,-3.662053,2.4422958,-2.0571153,3.0961695,-0.88028103,0.12181698,3.255489,12.599088,-1.4998635,4.591128,-3.3123925,3.423816,2.0689201,-5.4121194,-1.2302902,-2.602847,-1.7260869,4.299642,-1.6529089,-3.7698147,-4.220518,-0.42257512,2.8326428,-2.0517294,0.5854236,1.1748321,1.4605428,-1.174845,4.829588,-2.19385,-1.0760477,-3.3010798,0.22997935,-1.482965,-2.9246485,0.011887066,-7.623089,-3.427622,-3.5450788,-0.41206294,3.0114062,-0.89699787,2.2109382,-11.668421,2.3136632,20.541037,1.9718579,-4.562007,1.6515567,-3.1608624,PD,data/Images/PPMI_Images_PD/142356/Reconstructed_DaTSCAN/2022-03-10_14_00_00.0/I1562664/PPMI_142356_NM_Reconstructed_DaTSCAN_Br_20220330191856933_1_S1118836_I1562664.dcm,142356,Validation,SC,70.6,IA87298,SCREEN,02/2022,0.0,0.0,0.0,08/1951,0.0,0.0,,,,,,,,1.0,0.0,0.0,0.0,0.0,0.0,0.0,1.0,0.0,03/2022,2022-03-28 00:00:00.0,2.0,123I-DaTscan,03/2022,1.22,1.18,0.4,0.54,0.81,0.81,Yes,,,-1.8880519549231976,0.08109349891397562,-0.2635318524380362,0
-4.2909036,-19.774612,2.2588842,-1.0817857,-0.8219541,-0.65560025,2.5751803,-5.043501,3.4471056,-8.395582,2.9495656,3.1082904,-2.5430493,4.0114045,-0.61369365,16.241571,-3.9108,-1.4017152,1.9232751,6.4446015,-7.186959,-1.1425707,2.138309,18.927805,-2.6155825,-1.3360528,-3.1157837,-1.6025178,-2.1729405,-8.07365,2.7640958,-7.0126443,-1.572657,0.33391207,5.4132805,2.125735,-1.3134714,1.6815091,1.2182673,-2.1066322,5.1963863,-1.1641643,3.7098048,-17.17714,-5.182466,-1.0350914,2.2996256,0.78831786,7.9196434,-0.8395512,-1.1908468,5.5360646,-7.068386,-0.24365757,0.94126207,-1.243237,3.313691,1.143293,-0.5457474,-1.3053005,0.7545023,23.386074,7.9098186,-0.15871066,-8.742463,1.4958264,-2.130251,2.4198904,-2.0022357,6.3409286,0.7799739,-11.514263,-2.7207932,7.810533,3.3735347,2.3069751,4.2138004,9.587904,-1.9359647,-1.157323,-3.5129995,-3.0322337,-0.44103912,-2.2728167,3.5751991,-8.355167,6.3238,5.369627,-1.769715,-0.60714144,-1.3676358,2.203625,-0.22284289,-1.7771049,1.4292414,-4.34697,-10.650957,0.22594863,1.5191786,1.9216219,-0.2452404,-7.7775216,-3.3678877,-2.4722197,-1.1081256,0.46296066,3.6798422,3.701707,-3.031403,-6.2586083,6.2886033,4.092722,1.2312012,-1.1966413,-2.5374463,-2.1173584,1.105344,-1.4321402,3.3374388,-0.62302446,-4.329536,-0.3793417,5.0102324,0.11063973,-0.00019203639,-1.7300221,-4.5778246,1.2481194,3.7276099,3.4293303,-19.3293,2.2461646,2.3964343,10.966616,-3.2334418,-1.2966247,-6.52731,0.9604623,6.092282,-2.832811,-13.483238,0.84071755,-1.4752598,0.57104266,1.7965019,-1.8992436,1.8187394,2.7994938,18.645409,0.5195022,-0.5941655,3.1684015,-1.133548,-3.2823393,0.86348295,9.004043,-1.5647475,0.23269723,0.8286904,19.665396,2.3549347,-0.6320456,-0.18917948,-7.804265,4.33996,-1.9137193,0.07671924,-1.2650208,1.6317258,-8.852332,-12.244301,-1.5148319,3.9756489,-1.3222835,-1.2280612,-2.9287224,8.627783,-18.198206,3.7876432,0.90002054,2.0211117,-7.1992607,-13.739786,3.1018713,0.54708177,-11.291029,4.5054135,-1.276958,0.99101853,0.6793731,0.28672463,-3.7447634,-0.2266551,5.0325427,-1.0326549,0.5113437,0.6949329,-5.386777,6.0272083,0.16374187,-11.429747,-1.7298875,-1.1530975,4.3378034,-1.1338419,1.0982891,-1.787769,0.7237847,-4.5040417,4.5265007,0.025716757,-3.1906328,-2.114946,4.277009,-3.9306183,7.0260344,-5.1021895,-5.975888,2.745878,-4.1324897,-0.57977337,-5.452237,-1.3551565,3.2329633,-3.1423442,-3.2089224,2.8702614,-4.4402723,-2.4178116,-0.044007793,0.06380202,0.52088636,-4.0203834,-4.7182875,-3.4613864,5.888508,-2.0424685,-1.2803894,-1.7204939,-6.1045895,-0.2530936,1.8976015,1.5105832,1.5858121,-6.308937,4.664136,2.765223,1.3797908,1.6508206,-4.3881235,-0.5584873,20.321825,-2.6882253,0.84777087,4.75738,-4.735708,PD,data/Images/PPMI_Images_PD/142629/Reconstructed_DaTSCAN/2022-02-24_13_27_59.0/I1562665/PPMI_142629_NM_Reconstructed_DaTSCAN_Br_20220330191934929_1_S1118866_I1562665.dcm,142629,Validation,SC,71.2,IA88889,SCREEN,02/2022,0.0,0.0,0.0,01/1951,1.0,,,,,,,,,1.0,0.0,0.0,0.0,0.0,0.0,0.0,1.0,0.0,03/2022,2022-03-15 00:00:00.0,2.0,123I-DaTscan,02/2022,2.49,1.88,1.39,0.77,1.89,1.21,Yes,,,1.3293785172292,-1.3115861395290005,0.0695253222310155,0
1.4778227,-9.28676,2.7527688,-2.7067397,-3.8670325,3.771908,1.4285486,1.4540354,10.205185,0.35499424,6.626464,-0.48500648,-1.2001288,1.2450798,1.100342,17.072515,1.9097538,0.92739785,9.011941,14.176335,-3.4035413,0.90669006,-0.38925034,20.486334,0.8311952,-0.1747304,-2.3837242,-3.1748767,0.30903327,-0.421425,-4.9496036,1.2081871,2.702752,6.880273,6.86831,-3.3370116,-2.7140126,7.220208,0.61547303,-4.679803,-0.75800645,2.616341,-0.26939932,-13.995447,0.3670529,3.9139454,-1.664675,-3.540507,2.466359,0.39850953,3.0764203,0.5872601,-2.1540697,5.317269,-1.683414,7.8652105,5.2609024,2.6529448,-2.2979834,-3.2026687,-2.4022834,17.401335,6.1293087,-0.72186506,-14.662959,5.774288,0.615023,-1.2005305,-1.121216,-0.7914735,4.568955,-9.726639,-2.2737374,2.161285,7.4138207,-0.09600894,0.23859537,5.8029904,2.8458028,-5.459003,-0.77541095,-1.9173921,-8.09882,-2.3773444,0.21099152,-2.4787252,-5.216348,-0.4335015,1.1118432,3.8831186,-1.7312407,-2.917833,-3.0714927,5.9980717,3.841568,-3.15502,-16.142971,-2.291732,2.7801492,3.0253718,1.8399286,-11.731324,-3.8203702,0.71507514,4.349213,-0.010608311,3.4546869,7.018271,2.2360883,-7.4056,0.5262867,0.12864888,1.8067071,-1.175499,-1.3568846,-0.16195685,-9.656746,5.2678127,-4.277629,-1.7590071,-0.69035393,-4.3745823,1.4873306,-4.7868614,1.8466291,-2.9089005,-5.687768,-3.9450152,11.182799,-2.0622997,-17.542107,2.4431803,-3.7103894,7.292367,-1.3029097,1.1251394,0.4793096,7.66333,1.0065581,1.9077973,-18.136824,-3.4774294,-0.025937138,2.0693862,0.3256078,4.259147,12.575467,5.7061567,12.007118,4.893101,-1.1855831,1.4581153,-1.6471354,-2.5614028,-3.362303,6.8188453,-1.654207,0.0904047,2.7427661,14.48821,-7.2627883,-1.4910487,1.4186449,-5.783062,0.063542485,-2.7873378,-5.310487,-0.77288866,1.0602968,-18.61383,-12.422366,-1.7835695,1.6625415,-1.2224442,1.0345863,3.4115403,6.1814094,0.40464756,3.7460651,-4.7760024,2.9233706,-10.1727915,-22.662043,0.5411298,2.0962665,-9.387351,2.1906083,3.1339712,3.6440206,-0.1226578,0.65241,-4.733292,-0.16467,1.1040134,-3.1012692,0.5802328,1.1330895,2.1608155,1.2827681,-0.7859897,-10.703348,-3.0263932,-2.5901327,6.876494,2.819185,-6.1725245,-6.937686,0.49578944,6.9321947,-2.4118283,3.7322898,-8.066909,-0.7920049,9.698734,4.5076094,6.9512825,-5.8144817,-0.7831727,-2.044726,5.5856814,-4.5851455,-1.8892308,5.1536913,0.13827926,1.2194253,0.6680579,-2.7575471,3.4870808,-0.8395621,-1.4590255,1.9120101,0.67821085,-0.7382087,2.9392533,7.0853047,0.69540447,-4.324123,-1.245717,1.237623,1.909267,-2.1874287,-7.9532094,-5.513016,2.5003858,-2.893113,5.2522163,2.231619,-7.008639,7.3658266,-5.107998,0.8206666,24.203741,-0.6112876,3.7716198,2.4855938,-6.725984,PD,data/Images/PPMI_Images_PD/142631/Reconstructed_DaTSCAN/2022-02-15_14_29_07.0/I1562666/PPMI_142631_NM_Reconstructed_DaTSCAN_Br_20220330192012701_1_S1118837_I1562666.dcm,142631,Validation,SC,29.1,IA88478,SCREEN,02/2022,0.0,0.0,0.0,01/1993,1.0,,,,,,,,,1.0,0.0,0.0,0.0,0.0,0.0,0.0,1.0,0.0,03/2022,2022-03-03 00:00:00.0,2.0,123I-DaTscan,02/2022,1.29,1.31,0.61,0.47,0.91,0.87,Yes,,,-1.543729969345492,-0.14484196150371823,-0.23256280932183646,0
-3.224022,-21.590677,-0.25000274,-3.2318718,-0.81857985,-0.9429283,-0.75232893,0.18737185,2.2221262,-1.4230889,1.2517103,0.7723244,0.6303669,0.031715408,-1.9493108,14.000553,-1.2906694,-0.91862357,2.1926217,10.361436,1.6907936,-1.882893,3.3553982,13.910262,1.855874,-3.4009817,0.91131854,-2.7660108,-0.78225976,-5.0421877,3.7152357,3.412378,-3.0501342,2.3558743,5.1171303,3.697991,1.3645276,0.9813144,-5.2067375,3.0165954,0.7490193,-2.3047633,5.0535407,-16.662304,-4.682323,-0.6281889,-2.7138584,-3.3625834,3.501632,-0.84574914,-2.4207387,-0.49094063,-1.6702698,3.6994722,0.27028728,0.4934535,1.9036171,-0.009789163,-0.41398245,2.7808406,-0.45995757,22.385952,3.3046682,2.6587334,-6.382311,-0.5060223,-1.1821315,1.8033491,-0.814154,1.8938322,-0.86100423,-10.94356,0.82605594,0.6567077,1.768842,2.435341,2.342323,9.704331,-1.3606819,2.123479,1.56201,-4.5615263,-1.6219419,-1.4287298,4.0228963,-10.662084,-0.65679294,-0.71017486,-1.946793,-0.23895997,1.219829,-0.947354,1.5786986,-4.2561293,-1.8366411,-2.5219347,-10.393198,-0.6488076,-0.35470912,-0.9081821,-0.09009584,-12.154066,1.1100081,-1.9725795,-1.7049654,2.828338,-1.7783214,8.448907,-2.0346527,-1.9243798,3.215589,-0.34639,-4.7662754,0.9650401,-2.9297717,0.09829569,5.4555335,2.2472486,-2.5149674,-0.84814924,-3.9999044,-1.6877685,1.4470266,1.3517182,3.5119586,-4.5467443,-6.2011385,-3.5486445,10.005095,1.5285968,-23.002758,-3.2296548,2.4959219,9.13383,0.5776874,-2.3355958,-4.7313194,-0.97905266,3.1664476,-4.11674,-19.182598,1.5732198,-0.67064923,-0.4586137,-3.154253,-2.2264001,2.9421027,-1.6037095,19.893703,3.1191304,-4.379553,-1.6984831,-1.1177809,1.0829535,0.0693245,6.502684,-2.701067,-2.7365532,-0.23248352,22.95764,-4.2994914,4.016133,3.5505486,-4.5793567,-2.433712,-1.276091,1.5225682,-0.6093209,-0.52143306,-13.812207,-8.929844,-2.3827305,-2.1903226,1.881553,-2.7500238,0.043663137,1.9174427,-17.506832,1.5447564,-1.4473374,-1.1483774,-6.849917,-18.485374,0.08390778,-3.9201381,-11.095456,7.3205137,2.356483,-0.11252368,2.916811,-2.6026733,-3.5886526,-1.9129817,3.872897,-1.0843906,0.46327338,1.5986531,0.81021476,-0.12095504,-3.2612543,-11.688715,-0.2531993,0.7802792,4.8977265,2.4370108,1.3071802,-2.2822604,2.8225832,2.233854,1.2243174,1.4895418,1.7165884,1.4670523,6.172688,-0.42473245,5.1785836,-3.5908856,-0.78413486,-0.28023174,-3.2985663,-2.4003427,-6.252838,-1.0076864,2.170143,-3.6802993,0.07893549,-2.7753432,2.7491715,2.5590012,1.6423035,-1.0246634,-1.8711734,-1.5250595,1.6402225,2.8737037,-0.51905054,-4.0113344,-0.4225209,-1.3144668,-4.1931925,2.344032,0.9165294,-2.781727,-0.4804772,-8.361547,-0.52237636,-1.1680126,2.4775836,4.3208013,-9.111291,0.34985682,20.037855,-1.5894526,2.78278,3.2055683,-0.463237,PD,data/Images/PPMI_Images_PD/143192/Reconstructed_DaTSCAN/2021-12-17_14_09_48.0/I1574642/PPMI_143192_NM_Reconstructed_DaTSCAN_Br_20220428101733880_1_S1128620_I1574642.dcm,143192,Validation,SC,64.0,IA87269,SCREEN,04/2022,0.0,0.0,0.0,03/1958,1.0,,,,,,,,,1.0,0.0,0.0,0.0,0.0,0.0,0.0,1.0,0.0,04/2022,2022-04-07 00:00:00.0,2.0,123I-DaTscan,12/2021,2.13,1.76,1.15,0.69,1.56,1.16,Yes,,,0.5149880415886547,-0.8524410730573315,0.01069814861999688,0
4.4023952,-18.177425,4.631616,-2.8459847,-0.20885858,2.891501,-1.0778375,2.3568683,0.8698452,-2.9730904,-0.5467883,0.7782955,-2.6465437,3.3585207,1.8784041,17.366161,0.19077194,3.584339,0.42582354,12.120973,-3.8255396,-2.9159665,-0.41961357,18.123447,-1.7356695,3.3751285,-1.0712215,-2.8912654,4.6710706,-5.470014,1.5318148,-3.9004416,4.3811274,5.548037,4.1840487,3.1237054,-0.04924968,4.4357367,-1.9226564,7.218465,1.7451707,-2.1002336,2.0113308,-13.672786,-3.112898,1.7278566,1.3856558,1.6289461,5.220247,0.21968348,2.6988556,-0.5325382,3.452812,-0.720791,5.491682,-0.89213806,7.1985974,3.6780727,2.6339822,0.45386454,-2.3722076,21.742373,3.7806778,-1.9529856,-4.734251,0.245315,1.120562,0.66124773,-4.086296,1.9818213,1.4791313,-6.1581764,-0.20780517,7.003899,1.3872256,-3.229703,-0.3863947,2.7395062,2.9697738,-1.887657,-1.2327874,-0.223114,-4.699624,-9.198087,-0.25146225,-4.13529,2.154931,1.8031762,2.5534058,0.82857054,1.4143329,0.47699836,1.1383904,2.9937189,0.20918833,-1.4501911,-11.139099,-0.9468509,1.0051682,1.1713386,-0.48186007,-11.816894,-0.93951255,-0.45784512,0.40165052,-3.1518514,-0.14874223,2.436741,2.6826062,-4.386134,2.8904285,0.019088203,0.48967758,-3.5069141,1.0229,-0.42679748,-0.6024733,1.8645282,-1.7317915,0.24841796,0.79877836,-1.5908369,1.8064975,-0.23541297,2.2716143,-1.5653795,-8.51446,0.044977624,5.435939,-2.187976,-19.922005,-1.922088,1.0396832,7.424161,-1.3732415,-2.8651636,-10.506147,2.042039,1.1673739,-1.4961804,-14.113562,-1.9059932,2.5428376,-2.3123114,2.3472323,0.37252167,3.7936223,-0.3737563,17.011602,3.6103935,-0.776395,-2.2895727,1.9645413,3.4791882,0.87082225,7.130997,-1.5569651,-1.1138698,-1.2101616,13.211281,-6.42628,-1.5365955,0.30594972,-3.137334,-5.3568854,-3.6423202,1.0635282,1.1915575,2.467808,-13.516795,-14.333368,2.4267852,-3.3210464,1.2161181,-1.6608881,-1.2767392,6.3245997,-15.015363,-0.98289484,-3.6105983,0.16779412,-7.251839,-17.57973,-0.47200876,0.4199181,-14.176734,6.450983,5.06149,0.6836139,0.15099284,1.8819207,1.3607252,-2.1633623,2.2893896,-2.8519967,0.8243338,1.3290094,-0.5533584,3.5761335,2.1053774,-5.9824443,-4.1725783,-1.0627081,6.231585,-1.9275534,2.067145,-0.78925794,1.9345052,-1.8849769,1.6987845,3.71199,-3.0837262,1.3085465,4.9688516,2.600743,7.4231157,-3.7350376,0.9874094,-1.6357887,-0.5322417,-0.8041038,-7.681896,2.367286,-1.4972042,0.19296442,2.0699682,-3.6456587,3.704497,0.46613577,1.1904343,-2.4794133,1.1255395,-0.8447258,-0.526394,-0.27682662,-0.9865046,-1.8477408,0.6556399,1.2535244,-1.9346312,-1.3965979,0.9609947,-1.8848696,2.7179756,-4.0650554,-0.626533,-1.7713714,0.37470338,4.976412,-5.3653855,0.36687922,23.228746,2.7809916,2.0255787,4.0201273,-3.7905169,PD,data/Images/PPMI_Images_PD/144120/Reconstructed_DaTSCAN/2022-03-02_13_49_41.0/I1562669/PPMI_144120_NM_Reconstructed_DaTSCAN_Br_20220330192152919_1_S1118846_I1562669.dcm,144120,Validation,SC,62.2,IA88479,SCREEN,03/2022,0.0,0.0,0.0,01/1960,1.0,,,,,,,,,1.0,0.0,0.0,0.0,0.0,0.0,0.0,1.0,0.0,03/2022,2022-03-18 00:00:00.0,2.0,123I-DaTscan,03/2022,1.67,2.07,0.76,0.47,1.04,1.0,Yes,,,-0.5494378337358774,-0.031437720609433895,0.521656713873579,0
0.25087768,-15.532406,1.525427,-2.3533108,0.47479036,4.0932145,-2.755327,-2.2436218,-1.2331221,-2.023195,1.684298,2.035052,-2.0695314,2.0943944,1.2295673,12.901471,-3.9055357,6.3593583,0.28718385,9.311132,-1.5597727,-1.203813,0.61225104,18.915157,4.010886,4.2059555,-0.66659385,-3.0158222,-0.8683313,-4.555356,2.0950315,-1.939114,1.7463058,4.61409,9.354501,4.8522415,-1.3139269,1.6350156,1.1771569,-0.6967979,-1.7125418,-0.94857246,1.2980155,-16.578579,-4.1779084,-2.2551587,1.0628545,-2.881106,7.877793,-1.4495416,0.24869704,-0.9149417,-1.0161259,3.9051814,3.776972,-3.2025871,3.0838296,5.701463,0.34227207,6.9285445,-1.1747341,20.07762,8.242794,3.0401525,-9.174308,-0.7055921,0.15425895,0.18140659,-0.6658598,-1.0084088,4.412356,-10.055391,-0.85539097,6.168088,2.153838,1.2686427,1.324423,6.3540425,-2.2906578,-0.81318814,-1.6113273,-3.1952052,0.66313744,-3.513628,6.1829348,-5.683181,2.0519748,-2.9232416,2.0352588,0.47620326,1.0957389,1.6999592,2.8556554,3.3417737,2.5086322,-1.1433309,-8.858265,2.353415,1.0506921,-0.58919615,0.0076626036,-14.440409,1.4469355,0.7789751,-1.52821,0.16122058,-2.2042606,5.4888034,-0.6769499,-6.381585,1.6558774,0.9827955,-2.2793374,-4.1891484,2.931738,-0.30801532,-2.3945022,3.3080187,-1.5639687,-0.6156822,-0.29903984,-3.1722643,-1.0112995,-0.25274113,0.076429464,-2.9853318,-9.902395,-2.9786203,7.7020435,-2.5062697,-16.770594,-0.77109957,0.4361834,8.960413,-4.563489,-1.2835101,-4.3228803,1.6941329,-0.3217756,-3.8681667,-14.197692,-1.5574858,-1.3842037,0.15444799,1.4851604,0.69886726,5.5903296,3.563193,16.58075,0.018673858,-3.4468708,-2.0088284,3.0798218,-0.89834154,1.3190672,6.1383743,-0.30274647,-2.7368338,-0.03547046,10.310253,-1.1018455,-0.6487656,4.7941775,-4.9746723,-1.8508778,0.58854836,0.97914344,1.3769304,-0.3604974,-15.57085,-12.796801,1.602081,2.7743258,1.4066205,7.545162,0.72098684,5.3047676,-11.209826,0.9867189,-4.1942573,-1.7954714,-4.97439,-17.526257,0.1658934,-1.7673329,-10.170258,9.472179,-0.32131487,-2.7027333,0.45791635,2.1212788,1.8987476,-3.8850057,-2.3546174,-0.25080013,-1.0845996,2.472638,-2.4756303,0.023857672,1.7455434,-9.6883,-2.3622413,-1.5793056,5.0888753,1.8216478,-0.26363403,-2.7207394,1.2438653,0.26411057,0.83346754,2.7019615,-2.3678076,3.0689008,13.512943,-1.1323161,7.507123,-6.2292185,-0.38637084,0.5389692,1.176344,-3.1337163,0.0535966,0.10166702,1.8572783,-0.6858883,-3.0310736,2.6835043,0.7598368,-0.075988784,-1.029594,-4.14275,-0.07256237,-2.1400912,1.2686497,3.5324438,0.32478073,-1.2711321,-0.43834496,1.3565015,-4.4980183,0.38321164,4.1966896,-0.90880287,-1.2287706,-4.5701146,0.2899193,-0.2997398,0.9883936,3.375676,-7.659842,-0.994054,20.896692,-1.9486467,-0.3642066,2.3524804,-2.3073094,PD,data/Images/PPMI_Images_PD/144131/Reconstructed_DaTSCAN/2022-04-20_14_15_01.0/I1581794/PPMI_144131_NM_Reconstructed_DaTSCAN_Br_20220518135959926_1_S1133827_I1581794.dcm,144131,Validation,SC,63.8,IA88901,SCREEN,04/2022,0.0,0.0,0.0,07/1958,1.0,,,,,,,,,1.0,0.0,1.0,0.0,0.0,0.0,0.0,1.0,0.0,04/2022,2022-04-22 00:00:00.0,2.0,123I-DaTscan,04/2022,1.22,1.39,0.38,0.73,0.66,1.03,Yes,,,-1.5635760986521952,0.6555862510367666,-0.28473531274153396,0
-0.28197318,-18.505924,1.9953319,1.195899,-3.1835446,-3.776883,-3.0817487,1.5027003,-0.8137612,-2.319865,-3.3475087,5.4138775,0.38587192,-0.7866136,0.24932693,14.634811,-0.2984784,2.850673,1.005738,8.413398,-3.581908,-1.0500604,1.6835412,10.980813,-1.7664877,3.74935,0.36872908,1.0781244,-0.38209322,-1.9527713,4.098727,-1.4433016,0.37086695,0.2717579,3.2741358,0.29237872,-2.8005924,8.331785,-1.1501861,2.800712,-0.58222604,-7.392113,0.8276116,-12.746241,-1.036528,0.083421536,-0.6720571,-0.9180527,9.0925255,3.0549932,2.2352915,0.06775645,3.535686,4.58833,2.0123081,-0.77394944,0.9014658,-2.0052428,-2.4816809,-0.25013363,-1.5867044,16.909477,1.9926115,-2.4164567,-3.1236324,-1.1719282,-0.028191326,-1.1674002,-3.7474217,0.113721624,-2.290795,-8.20649,0.62412673,2.9907315,1.4206852,-4.805467,2.0651686,9.560618,-1.4358786,1.2317932,1.0871676,-1.5234238,-0.5744376,0.099356785,6.4717445,-8.669775,2.6763792,0.29344118,-1.2835813,1.5043994,-3.3664098,0.4991767,-0.09094101,-4.12419,-3.6930466,1.2106736,-9.3841,-2.4143507,1.1119059,0.013519213,-0.33057117,-12.532633,-3.420674,2.033706,0.60005933,-1.167366,-1.0292883,5.321009,3.1196113,-3.3307395,2.0838153,2.1993213,-3.417508,-1.2953986,0.59921867,0.96717215,5.438345,3.1967056,-2.483775,-0.18786499,-1.2629471,-0.31149745,2.2011302,-4.4415045,0.8378444,-0.48055977,-7.806137,2.7630868,6.512151,1.9464512,-21.340393,0.08300187,5.7875395,5.6425076,-2.9803624,-0.511053,-3.7365868,-0.64606076,1.9292926,6.2384567,-14.838438,0.9649299,-1.8638616,-1.2735,-3.737116,-0.5493743,2.0035539,-0.12112674,22.885,2.0692165,-3.531417,-3.055863,0.81731653,0.8245552,1.925476,8.473537,-6.143074,-1.1210059,1.4000142,16.408684,-1.0466295,-2.7899566,5.115787,-6.968655,-6.441017,-2.682551,0.13972956,2.0094905,3.5677235,-13.991509,-7.2469077,0.3447128,-4.492209,2.5803282,-0.8608952,1.0370531,-2.2162826,-19.494015,-0.8285964,-3.73111,-3.3682158,-6.137915,-16.833511,-0.40407595,3.6110709,-12.348855,6.798087,1.5177894,1.5074364,-0.13588634,0.8922202,3.47426,-0.8042364,3.76527,-2.3222919,0.087932594,-2.8794281,1.6433208,-0.82280594,4.0766077,-9.617966,0.41031176,0.36502582,6.2249994,-3.0636914,-1.0957985,-0.3938324,0.21253608,-0.64162064,-3.41233,0.5571108,-0.5947089,0.40464222,13.761238,-0.0482791,6.5232825,-2.8263555,1.1033288,-3.956303,-3.0030084,-1.7410009,-11.296342,0.75266236,-1.0153831,-0.25071204,0.42128634,-0.52709955,7.4159966,1.3352374,-0.15141815,-4.43321,-0.56055355,-1.4257894,4.049103,1.8213285,1.0816276,-2.6440394,1.2109135,-1.5586807,-2.3094618,-1.0100086,-2.1008103,-2.0661805,-2.1633637,-5.3273664,-1.8184764,-0.9171938,0.4814869,0.09899144,-9.392737,-0.9018235,25.614758,1.4618554,-1.2657877,3.9211097,-4.88345,PD,data/Images/PPMI_Images_PD/146326/Reconstructed_DaTSCAN/2022-05-20_13_46_12.0/I1601758/PPMI_146326_NM_Reconstructed_DaTSCAN_Br_20220706100324099_1_S1145383_I1601758.dcm,146326,Validation,SC,63.0,IA86929,SCREEN,03/2022,0.0,0.0,0.0,03/1959,1.0,,,,,,,,,2.0,0.0,0.0,0.0,0.0,0.0,0.0,1.0,0.0,09/2022,2022-09-29 00:00:00.0,2.0,123I-DaTscan,05/2022,2.28,2.7,1.67,1.23,1.93,1.9,Yes,,,2.8392922863560277,-0.084682808784368,-0.2205784049020903,0
1.0712582,-25.063728,1.514243,-2.9033964,1.7836927,-2.0593398,-3.3956444,1.702508,-2.8983996,-2.4069066,2.0076144,3.1610873,1.7057397,-0.4871996,0.84924436,14.07969,5.0917587,-1.9793137,4.0033135,9.435334,1.2054178,-4.390758,0.3563956,16.000185,-6.043006,2.7663686,7.0526257,7.6462965,4.1841836,-6.382696,2.234077,3.039042,-3.33811,2.7682774,3.8674226,0.20111363,-0.033408444,0.56297606,2.817559,4.2403994,-3.3652163,-2.4194593,4.3587217,-13.420618,-2.7534025,9.915389,4.2492785,0.6171336,1.8753198,-3.753247,-2.1476927,-1.4463806,1.3146005,-3.79548,-2.6371257,-1.7509552,0.76192576,5.9741945,-2.4198759,0.5178736,-0.97383624,18.699224,4.642411,-0.9078792,-1.9734037,0.9211821,0.23401116,-1.9530693,2.0779083,1.10317,-1.0419258,-3.5045598,0.021230742,3.6925774,2.0220127,-1.2248856,2.5821793,9.06569,2.984762,2.9971666,-0.94047505,3.2095127,-2.270822,-4.199537,-2.3566616,-7.6167393,2.0263996,3.392618,-1.2243416,3.1242661,-3.8699155,7.860607,-3.006856,-3.0769227,1.397402,1.546626,-12.247965,8.120548,0.50040215,-4.338205,-4.4892926,-17.694298,-0.36311087,-0.38572374,-0.9050338,-1.8079069,6.568926,5.0924006,0.27847683,-6.8573112,4.7278886,5.4850144,-3.5462835,-0.02030858,1.453184,-0.93378085,4.1882663,-0.9220974,4.25453,-4.62857,2.8019657,1.2172533,0.70424813,-5.306542,4.426149,-2.020109,-4.320317,-0.5379234,4.8379054,0.5368947,-16.468143,1.9862233,-4.0322003,4.098138,-1.395901,1.5694307,-5.0849395,-0.3539537,1.7391077,-4.058161,-23.146086,-5.134034,0.47508743,1.8532637,-4.9599023,-2.8328836,-0.6409905,-4.6584506,21.265858,3.5330262,-8.205506,-0.21164423,-3.1458712,-2.3571126,3.46504,6.560683,-8.380291,-2.3613715,1.9702047,14.566504,-4.8885703,-4.563783,2.1657243,-5.033895,-5.287709,-3.489943,-3.2955573,0.61138344,0.66489273,-15.107758,-15.532234,2.183327,-4.1765504,-0.049865223,2.648721,2.5610747,1.736313,-21.858482,0.33423677,-4.993159,-1.3984361,2.4472442,-18.11145,-1.1402359,3.944009,-11.394161,6.6785107,0.7137249,2.438339,-3.5326135,-0.038251143,-1.1177982,-1.0235783,8.240861,-6.567371,3.1822257,-5.2122865,3.0730932,4.3057876,7.104997,-6.6439996,2.3966463,3.6135805,4.796249,-6.865039,-1.4439099,6.3642807,4.394648,-4.6232386,-1.4838208,3.100253,-0.67243826,1.7881835,5.0681386,-3.7260408,6.5473337,-2.5136933,-0.7309273,-1.0686214,-1.649208,1.1714932,-10.215639,1.3077828,7.543181,1.2993912,0.11849795,-1.825055,0.8484564,1.4494846,-2.4217646,-2.253262,-2.6053545,6.7822986,0.27590886,-2.3172166,-2.6649697,-7.4585757,-1.0160788,0.76359653,-4.633259,-4.138228,-3.3795004,0.12234523,-1.6408937,-5.3404274,7.173835,-6.4378366,-5.110492,1.0212342,-12.936422,3.0449705,16.973047,3.2846339,-4.1639743,6.0465007,-7.4355655,PD,data/Images/PPMI_Images_PD/146875/Reconstructed_DaTSCAN/2022-03-23_15_16_30.0/I1574648/PPMI_146875_NM_Reconstructed_DaTSCAN_Br_20220428101933776_1_S1128626_I1574648.dcm,146875,Validation,SC,58.3,IA87676,SCREEN,03/2022,0.0,0.0,0.0,12/1963,1.0,,,,,,,,,1.0,1.0,0.0,0.0,0.0,0.0,0.0,0.0,1.0,04/2022,2022-04-21 00:00:00.0,2.0,123I-DaTscan,03/2022,2.1,2.37,0.9,0.79,1.56,1.51,Yes,,,1.0115721074052055,0.0800591899526552,0.5572957324106124,0
2.016654,-27.95618,2.5113206,-1.691285,1.7173626,-7.4497933,-0.1125664,0.009739434,-3.9751146,2.8001356,-4.712462,0.062051047,-0.4750561,-2.2285395,1.7720938,19.357967,0.30961677,1.8911022,0.61264116,9.463385,-1.2357345,2.3607097,1.2281096,18.67348,-1.3209456,7.641054,3.3113232,-1.2956144,5.4849095,-0.8699834,5.1845613,3.3354206,-1.6215512,5.15404,7.153114,-2.6273446,2.404584,3.5236418,3.424235,1.2489084,3.2793117,0.51532525,-2.7275789,-13.72075,-0.6520487,1.1816193,2.9598973,-0.020693015,7.015202,-0.3776012,-1.3783749,3.2915132,-5.488024,1.3149141,-1.2756207,-5.0300307,3.5782306,-0.5368593,1.4559214,3.1830437,-2.872364,29.326628,7.9063807,0.3381483,-6.2607164,2.4403787,-4.069084,-4.2256894,0.3914991,-1.0778458,-1.3422536,-8.181039,-1.5587095,3.1461518,7.871419,-4.2064476,1.0787908,7.5904565,-3.2413914,-0.9694815,1.6662412,-1.822981,-5.508395,-1.3134656,-0.6157674,-10.591254,3.1835413,1.6980842,0.014558299,-0.7272129,-2.268616,-2.4836328,2.395518,-9.3453045,0.106142156,-0.16647036,-12.123732,-2.793912,-3.115434,2.4001853,4.4043756,-15.864809,0.8879916,2.16348,2.5087597,-2.5804343,-3.633632,1.7011617,0.49356866,-1.1558616,2.900942,-0.622573,3.389075,0.39707857,-2.4788692,5.4933214,4.175573,2.6757724,0.5659969,3.3176196,-1.084832,2.726294,2.9823158,0.619807,1.7080095,-3.1035755,-8.018237,-2.717053,8.309611,-0.35190168,-18.97385,1.4512358,1.2315922,9.8741665,-1.4440011,-3.7049034,-4.348618,-3.7987862,-0.61423254,-2.7782674,-13.782707,4.174097,-1.7479267,1.0698687,-0.42085564,3.350375,1.2870032,2.1326756,18.281458,-1.4325339,-0.14491515,2.4679575,0.2763783,-1.5667566,-0.768274,10.938079,-8.072743,3.4087036,-1.7976635,18.57929,3.3662984,-0.11547198,5.057479,-2.9729583,0.48271626,-1.3755504,-1.7893016,4.907132,4.841415,-7.571508,-6.790776,-3.9686606,-1.235017,9.49307,6.4497294,-5.1362634,-0.72702366,-23.27049,-2.0243201,0.4202158,2.75544,0.18700133,-22.435982,-4.3214884,2.7466989,-7.8069725,4.985676,3.3574054,-4.482261,1.6382246,-4.6475725,1.5869408,-7.1555037,1.9797013,-1.2904979,1.5527297,-4.1048994,-0.8572776,4.5683904,-5.076944,-11.362295,-3.0058935,2.5519795,5.086766,-0.3489177,0.1993316,1.3974853,-2.215305,-1.1160343,-2.0602734,-1.7903434,-2.6979334,-5.092399,11.398409,1.7712973,8.986381,-12.019894,0.68524134,2.1079535,1.9599689,-2.5243385,-7.6772966,-3.1023152,-1.9074217,-4.1146755,-0.8673453,-1.7723086,4.064452,-0.81217843,-4.4457846,0.5863168,0.105579585,0.23909728,0.6107003,-0.28380692,2.3691547,0.7786155,-5.0130053,4.0971766,-3.0059574,-2.4767852,-1.1229126,3.0852835,-2.4601383,2.9208481,0.9703246,-1.8333228,0.46978283,-0.30361402,-13.95276,0.2675835,26.359377,0.7415994,-6.306518,4.3840575,1.2949846,PD,data/Images/PPMI_Images_PD/146967/Reconstructed_DaTSCAN/2022-06-15_11_56_31.0/I1610406/PPMI_146967_NM_Reconstructed_DaTSCAN_Br_20220729123944130_1_S1151357_I1610406.dcm,146967,Validation,SC,52.5,IA87019,SCREEN,06/2022,0.0,0.0,0.0,01/1970,1.0,,,,,,,,,1.0,0.0,0.0,0.0,0.0,0.0,0.0,1.0,0.0,07/2022,2022-07-04 00:00:00.0,2.0,123I-DaTscan,06/2022,2.42,2.66,0.81,1.74,1.46,2.13,Yes,,,2.4775980288735666,1.4979848070001378,0.09787400287221804,0
0.44309443,-16.918255,3.6516385,-3.617803,-4.627649,1.9740598,0.2641741,-2.1859767,3.1855114,4.61037,-2.6853883,1.9292146,-3.0273726,1.5941805,2.8675876,17.671963,2.003996,-0.5815998,0.79263765,12.559931,-0.54140127,-4.5479703,3.0418715,18.757853,-0.8911292,-0.096898735,-3.3648944,-1.8090049,0.20344093,2.4327912,1.0517452,-3.119836,4.756142,1.464229,6.570758,2.7698777,0.14568694,4.0147467,1.1470742,4.6139774,2.1973226,-1.8862785,3.2113721,-17.681376,-2.5721862,4.48797,-2.1545155,0.12442401,8.895805,-0.36807975,3.5463538,-0.9476696,2.8548248,2.617189,4.7775164,2.1662781,0.19147716,-0.3598749,-4.4365253,3.8265407,-0.15725999,23.024473,6.300046,0.65277433,-3.525771,2.488009,-4.1861725,1.6072308,-0.84520435,3.7397354,-1.6223406,-9.62868,-2.0527725,5.004765,0.67745054,-1.1234716,1.4039508,8.127982,0.24608368,-2.2624106,1.1461676,-0.8649843,-3.8256977,-6.109944,6.5572124,-10.593864,1.6203903,3.3754761,0.034169972,-0.25005704,-4.286118,-0.23172995,-5.8862424,3.5848222,-3.6976392,-2.4347644,-6.5900536,3.3921056,-0.045049533,2.389537,-0.00932969,-12.980197,-0.13744567,1.811475,-1.3872848,-3.4609904,0.47561896,5.3231354,0.27732733,1.3830833,-3.1394334,0.5038668,-3.111115,0.8287391,-2.072789,-1.5055829,0.12872943,3.1893754,-4.80277,-1.4820822,1.1042476,-1.5904948,4.887079,0.14055054,-0.9786932,-3.0348928,-5.3493686,2.831646,12.632699,1.8387023,-24.198261,-1.8221271,-1.059001,5.787943,-2.3623147,-3.4270158,0.2976648,-0.3073849,-0.7879022,-0.71080786,-13.921482,0.6640329,-1.6969275,-1.0540295,2.8048098,-1.096807,5.460621,-0.8852992,17.617744,1.5843558,0.123312496,-0.18429995,0.88822937,1.2457521,-1.6588924,6.1385694,-3.4385505,-2.0007117,2.2762842,21.469631,-3.910808,-1.524013,-4.0389714,-4.930543,-0.5503816,2.196179,1.4940714,1.0822327,3.501366,-17.634182,-10.83858,-0.15583076,-5.1391215,1.7655033,-1.4382024,-2.9012659,4.3008437,-10.6766,6.2555876,-3.6671596,-2.8904898,-3.0454876,-14.711172,3.1901195,-0.5358478,-12.540533,3.5472732,2.2073503,-0.30377477,4.293471,0.6090053,-3.2704391,1.7788696,4.915725,-0.6438784,1.5982758,1.7968725,0.21748586,-1.4157124,-1.4250002,-8.444067,-2.3008478,0.8914723,0.47077,0.2920975,1.4979687,3.7880774,6.503182,4.4829116,4.509087,-0.8540018,3.6813998,0.69485396,10.286606,2.4780035,9.136985,-2.2463737,-1.2596852,-3.421154,-4.7947373,1.5161437,-3.6017997,1.6647493,5.123188,-1.9590114,-3.1649687,-0.61781013,0.99474037,0.7740131,2.7319098,-0.81914645,-1.8338404,-2.9563115,0.47442243,-0.5961152,-0.82833153,-3.23708,-3.3582706,0.18167199,0.48549396,-3.3607242,4.558577,-1.3191981,-0.3864762,-4.877881,-1.7932143,1.3021227,-1.7018147,6.2283154,-4.8413186,0.99562544,19.820446,-0.33226934,5.6244187,1.9733949,-2.2721148,PD,data/Images/PPMI_Images_PD/147077/Reconstructed_DaTSCAN/2023-03-14_12_23_05.0/I1719365/PPMI_147077_NM_Reconstructed_DaTSCAN_Br_20230623155450209_1_S1235565_I1719365.dcm,147077,Validation,SC,57.4,IA88406,SCREEN,04/2022,0.0,0.0,0.0,11/1964,0.0,0.0,,,,,,,,1.0,0.0,0.0,0.0,0.0,0.0,0.0,1.0,0.0,04/2022,2022-04-21 00:00:00.0,2.0,123I-DaTscan,03/2022,1.44,1.37,0.85,0.73,1.05,0.99,Yes,,,-0.8266603024864598,-0.18693505137680744,-0.5607902017023981,0
-3.9626303,-23.34872,-0.8476736,1.0789667,-3.1277158,-4.456338,-1.4929016,2.9193172,-2.5464633,-5.221151,-1.428216,3.7536442,0.98286146,-0.7822338,-1.219315,12.221027,-1.272537,2.094001,1.466616,6.9499245,-1.7144285,-2.5234327,0.43582857,16.799196,3.7254863,2.1634583,-0.06421769,0.20811425,5.248211,1.1596012,-2.0833757,-0.28948957,0.59173524,1.4583143,2.9040189,4.207046,-1.881325,-1.5357077,1.3529193,-2.8865316,-0.2176243,-3.7335346,-2.0415955,-19.27653,-2.6575115,-4.2634125,-4.189923,-3.6685898,8.047744,-0.924814,-0.45218194,-2.4395697,-4.1769743,4.446222,-1.8716323,-3.177754,0.36611316,-4.7887735,2.2673414,-2.4336402,7.5854607,21.121,2.7278955,-4.1920924,-8.179364,0.087204315,-2.5983818,-1.969866,0.44589236,1.0626085,-1.4670597,-2.810735,0.58238107,3.4394798,3.8644261,-0.77104443,-1.7480539,13.7246275,-2.203767,2.3238606,-4.9549074,-4.336378,-6.6715403,-5.2717533,-0.9143249,-10.958038,5.8635087,-1.324473,4.507647,3.091328,1.490331,-2.3048809,0.9573643,-9.86887,-2.496023,0.7561649,-12.720446,-5.822664,0.07085414,0.43553185,0.0008056555,-12.806061,-3.1009948,-0.16266368,-3.7679908,-3.0123136,-1.6417471,8.005292,0.3024851,2.4048085,1.546746,1.4876664,-1.0408729,-0.3858093,2.9370415,2.947532,5.4588513,-2.1879191,2.1245189,-0.32936278,4.9524374,-0.33155352,0.8378865,0.33877262,5.9720087,-2.0274255,-2.3493137,0.4092405,6.552411,-2.3153207,-15.759496,-0.822454,-0.06967431,10.780476,-8.939368,-1.3421036,-7.881636,-1.5948145,2.6563368,-2.412348,-15.107207,4.5652475,-1.3888535,-0.3165971,-2.2708242,-1.7593827,0.66119564,1.8635803,21.716919,3.3212802,-0.13087124,0.6788811,-2.7977684,0.7767677,-1.051334,9.984754,-1.503605,-0.050145857,0.25230438,17.171995,3.325612,1.3555483,3.2903686,-6.727973,-0.51839197,-0.12815206,0.08805807,0.7605708,2.026082,-8.1175165,-8.344384,-4.8820186,-3.5289302,3.7933855,2.6761942,-2.0822139,2.9801452,-30.849337,-0.8544966,-0.7566139,3.2902644,-4.0259686,-20.52856,2.020111,0.29553133,-11.969545,12.85627,1.2242079,-0.8417867,1.4986212,1.6149274,-0.45646498,-5.721294,0.9048422,-1.1062665,2.6238267,-0.3059542,0.0072188796,2.0611606,-7.1268334,-11.398909,-1.5798719,0.6345664,1.2204418,6.031612,-1.9880244,-2.7894964,-2.1614432,1.7581494,0.8199206,1.6162992,-4.1073985,1.4591808,5.747682,-5.576603,7.390128,-6.433923,-9.078349,1.1899397,-2.9671028,-1.5429575,-6.8253565,1.0548925,3.1695418,-4.3394203,-1.1402494,-3.025169,0.3933992,0.6348772,-4.353856,-4.6311965,0.88960993,-2.0952258,2.3436146,3.6070964,4.6443233,-1.4263597,-0.10873032,0.4318956,-4.945076,-0.029718531,-2.540544,0.7182388,1.3749151,-3.7907465,-3.8038893,-0.32496247,1.6903002,2.3206193,-10.797889,-2.3662112,26.903275,3.884156,-2.2760792,0.025593804,-0.2426381,PD,data/Images/PPMI_Images_PD/147159/Reconstructed_DaTSCAN/2023-05-18_14_24_37.0/I1719085/PPMI_147159_NM_Reconstructed_DaTSCAN_Br_20230623143026869_1_S1235260_I1719085.dcm,147159,Validation,SC,76.2,IA232684,SCREEN,02/2023,0.0,1.0,0.0,02/1947,1.0,,2.0,0.0,1.0,0.0,0.0,0.0,0.0,1.0,2.0,0.0,0.0,0.0,0.0,0.0,1.0,0.0,02/2023,2023-02-21 00:00:00.0,2.0,123I-DaTscan,05/2023,2.74,2.88,2.02,2.29,2.5,2.4,Yes,,,5.1452332855817735,0.33232150105054564,-1.1778122602569188,0
-0.23624423,-19.210186,2.9777048,-7.008777,-2.6579905,-1.7273366,-4.0903144,-3.426251,-0.93509716,-1.9250693,2.484328,0.09601476,1.2523962,6.484132,-0.62837636,16.674135,-1.034134,-5.3673315,-1.6132938,-0.27166438,-2.1808693,0.31504378,-0.29464865,19.861876,-3.7817097,1.8528011,0.4570569,3.055298,-4.4429793,0.50428927,-3.273153,-6.9684377,-6.347025,0.037902292,2.4730582,5.5549145,5.9932065,8.468916,-3.9633758,3.6109357,0.21327835,-4.7919044,-0.36216626,-10.240838,-0.0741143,-3.1775877,-0.83226633,2.7995443,8.311872,4.99609,7.842892,-1.2134981,-2.2413929,0.24139881,0.5994407,-1.2126651,6.8032303,3.2877464,0.0680052,2.5716689,-8.653248,15.621861,10.614453,-5.2977304,0.363865,-1.4859228,0.6770795,-0.60404056,-4.335848,5.2970695,4.55036,-11.1996765,3.495918,8.251896,1.561057,-4.4393296,2.9179113,10.68715,-4.2878013,-0.6094922,-4.7764606,-1.2655697,-3.1225693,-0.4741924,3.3676925,-6.076934,7.8550434,0.62549454,3.8548646,-0.4526589,1.2433453,2.928313,1.2564394,-7.414824,4.4515266,-5.9062643,-10.690458,-4.482826,-2.7943616,0.9423688,1.7681339,-9.517524,2.827613,6.1275992,-1.7340422,6.246726,0.9449429,-0.046189472,-1.5650702,-4.272327,3.9804807,-2.279904,-3.0054297,0.105395086,-2.800429,1.669359,2.0903351,2.7599554,-6.111141,-2.1012194,-2.5840585,8.228562,-2.3082123,-4.2383604,6.2829766,6.7652063,3.4483755,0.14824753,2.9874008,-2.7747133,-13.225358,0.80648744,-0.5050103,3.1225283,2.9768481,1.4300829,-10.269033,-4.4465837,1.2515985,2.2750194,-7.133942,0.35211313,-4.464784,-0.08468273,-4.418279,5.899852,5.8419104,-3.3616378,22.650461,-2.9449682,-1.2831836,3.6827493,3.8835983,-1.8511964,-1.7881987,4.093681,4.6368423,1.1903703,4.8818445,16.823547,-0.42210284,3.54287,-2.8205001,-4.3436575,2.77202,3.9116728,0.7948916,2.2818825,1.7930523,-13.462287,-6.896463,6.2280746,-0.26637623,0.8828898,-0.8760667,-1.4418333,5.0135703,-18.502,-5.4379706,-4.241581,2.0915768,-8.041014,-13.054923,-3.9528553,3.0053952,-15.129678,5.038079,2.067613,-4.6915917,0.99103,1.2982335,2.7472205,-0.4379826,7.4558744,-6.175616,-4.7308927,-4.759745,3.9124162,6.4947658,3.288256,-11.107582,-1.433672,-2.618237,4.9561214,-0.56054896,5.764507,-2.1761324,0.49298066,-2.8655207,3.3144834,2.2391665,-6.940244,-7.1576753,5.60451,-0.12382542,4.355714,-8.754031,-1.6556066,2.6249516,-4.816196,-3.1695294,-1.9978217,4.6116037,8.237382,-3.669628,0.4955426,-4.415299,2.53442,9.4235935,1.5672998,2.159646,-3.1357074,-0.27983028,5.0524316,-0.0015906007,9.137719,-4.118987,-1.499341,4.6726627,-0.6471436,1.2047961,-6.3946333,-0.43844077,6.116677,-4.59498,6.519535,3.6889424,4.9175763,0.64117885,-4.749718,-3.8834083,25.147303,-0.02198277,0.9177263,0.33482027,-4.514849,PD,data/Images/PPMI_Images_PD/147372/Reconstructed_DaTSCAN/2022-03-10_13_52_11.0/I1574651/PPMI_147372_NM_Reconstructed_DaTSCAN_Br_20220428102033543_1_S1128628_I1574651.dcm,147372,Validation,SC,76.8,IA87721,SCREEN,02/2022,0.0,0.0,0.0,04/1945,1.0,,,,,,,,,1.0,0.0,0.0,0.0,0.0,0.0,0.0,1.0,0.0,07/2022,2022-07-05 00:00:00.0,2.0,123I-DaTscan,03/2022,2.89,2.96,0.94,0.92,1.94,1.84,Yes,,,2.49560128617925,0.05858231918565394,1.4134357671657771,0
2.8159318,-28.600216,2.385474,-5.4370627,0.74418956,-7.885768,-0.07386866,0.6112607,0.55945796,-2.6553266,-0.7567013,3.990652,-3.8043418,-0.3436314,0.39583772,15.690815,0.8301429,-0.70696956,-2.5986226,7.815693,-3.0541632,-2.7228937,-0.8758126,12.52378,-0.07686155,2.1093972,-1.4091773,2.1923602,-0.19643386,4.0797405,-1.1352574,-0.1415825,2.2632823,-0.3732495,2.2471762,4.688803,-0.14266993,2.0843701,-1.479702,5.4624023,0.06805969,-0.2077379,2.2287292,-14.697891,2.3396266,1.7967997,2.2204359,3.0758002,10.107718,1.5683439,2.8964581,2.3244736,0.8305526,-0.53516275,-3.6053753,1.0791969,-2.348376,2.6637545,-2.726544,2.59862,-0.7827517,21.7492,6.00272,2.1916955,-6.5249257,0.56714207,-3.7423096,1.1107421,-0.84105307,3.613996,0.1463814,-15.4760275,-1.2065037,0.51204705,0.49848953,-2.7770467,4.7894087,12.880255,1.5163511,-2.1082535,3.6520512,-1.5936401,-0.33512825,-1.6805162,2.1939235,-11.613654,0.19637717,-0.1480924,0.8179557,-3.0875723,-4.3365026,2.424343,-1.797154,-9.296795,-3.5746303,-1.311228,-8.739578,-2.611679,1.3012993,-0.41647443,-1.1179495,-11.006688,-2.2073722,-0.6847991,-1.4398746,1.5943837,-2.3297963,2.5223515,-1.4090607,-2.5651093,1.5259564,0.9373609,-1.8912013,-0.6848379,-2.2028787,0.34950545,6.9386587,2.7814567,0.43539053,-1.3158547,0.32831743,-1.6204565,3.4566386,-3.3876507,-1.2335606,-0.6452061,-5.7314167,4.1702447,6.5300455,2.4898946,-23.023441,-0.8112676,3.1713228,11.473121,-2.9915218,-2.3020108,-2.3974013,-2.1198025,4.2068624,-1.0618072,-16.806177,-1.4952495,-3.1955667,2.433892,-7.3975425,-2.1405585,4.5773053,-1.2710906,22.530247,-0.63212323,1.1500034,3.3822362,-0.5751329,-6.3204746,1.2413054,9.918729,1.9548062,-0.80532944,1.5580971,18.028414,0.90618885,-0.9539035,2.9675696,-4.3179665,-4.2449064,2.4813995,-1.1969752,2.3766086,1.9331332,-11.290202,-8.924276,-0.8097191,-4.8165894,0.7086916,-2.3862352,-1.2243843,0.8020799,-15.540708,1.8530133,-1.763786,-1.6535947,-4.235116,-17.039371,1.6146396,5.8547783,-15.541232,7.8941116,-4.146695,-0.60060024,3.3533306,0.19522353,0.9583933,-2.2180269,0.15833336,-3.4187813,-0.20260844,-0.39978528,-1.1112891,3.3626049,-3.2832906,-12.003365,-2.3829696,1.3256791,7.667006,-1.2329885,1.4728954,2.250768,-2.1302986,2.2791872,2.3197842,0.067173876,-1.8608594,2.502044,4.687073,-2.5187538,6.847641,-2.4422734,-2.8585637,3.9528148,-0.793467,1.3902828,-7.993973,2.3872917,1.5358692,-2.7272305,-0.7614045,1.6664709,0.25455678,-4.870973,-5.720171,-1.48089,1.0023737,1.8107771,-3.7518735,2.2000892,-1.2248156,0.5418006,-2.9194355,-3.53568,0.08575506,1.5890373,5.3454556,-2.4784844,-0.28810948,-1.5099661,-0.8220854,-0.73116565,1.3289276,3.499767,-11.958118,-4.0092854,26.792055,0.3435607,4.0461035,-1.5729746,-2.863755,Control,data/Images/PPMI_Images_Cont/147406/Reconstructed_DaTSCAN/2022-04-05_16_02_32.0/I1574652/PPMI_147406_NM_Reconstructed_DaTSCAN_Br_20220428102052891_1_S1128629_I1574652.dcm,147406,Validation,SC,64.4,IA88347,SCREEN,03/2022,0.0,1.0,0.0,10/1957,1.0,,,,,,,,,1.0,0.0,0.0,0.0,0.0,0.0,0.0,1.0,0.0,04/2022,2022-04-13 00:00:00.0,2.0,123I-DaTscan,04/2022,2.96,3.01,1.84,1.79,2.38,2.58,Yes,,,4.853728591575632,0.25850902869403225,-0.268613916758074,0
-1.834633,-15.4624,6.362291,-5.1725693,-1.7725706,-1.5969322,0.054492205,1.4476229,0.4686212,-4.1061726,1.0351558,0.66134393,1.6079589,-0.7995603,-2.0135593,16.604458,-2.1083446,-4.5898314,0.8988095,9.003238,0.2364117,1.1404413,0.12679394,16.883984,-3.4168744,-2.9695742,1.7759731,-2.6768837,2.4904222,-1.1098719,-1.4032713,-0.17227417,-3.1215,-3.1014984,-0.8708051,1.9118487,1.1019971,3.4895184,-4.2229085,2.3661048,0.011021857,-5.765218,2.4069111,-16.056826,5.5041213,-1.9108818,-0.19099048,1.2681125,6.7518425,-2.3971527,0.5062271,-3.1456234,-4.3918686,6.9802976,-1.4891402,-1.9855042,8.359855,-2.94404,-0.5403373,1.0574343,-3.0323231,16.119158,3.253035,5.9508433,-6.199201,-1.6847941,-2.455389,0.45762113,-2.4536943,2.8139436,0.15580373,-15.20499,-5.4644394,0.9558034,-1.2276703,2.9071934,-1.9013695,10.401946,1.143608,6.291348,1.5726979,-4.1590075,1.2058332,-3.3941011,1.7013812,-8.706076,0.34678158,-0.06526204,-0.3561878,-0.09237237,-0.2068566,-2.431416,-2.390509,-5.8679004,2.7470171,-1.9376503,-8.542371,0.887835,3.8008413,4.655406,1.6416569,-11.28409,2.2288,-6.158211,2.1731474,5.3281946,-2.8450484,3.7808192,-6.192283,-7.620308,1.1210743,7.0563436,-0.5189959,1.1440859,1.3365513,-0.4576875,4.9700155,-1.1562442,-0.1484311,-2.3317616,-0.08021613,-0.81830984,4.7330947,0.99275607,5.1339617,-2.1773243,-4.1637263,2.8360808,4.299411,-2.7880747,-21.379097,-3.9839678,1.2352772,6.3380356,0.7465353,-0.6715621,-3.820817,-2.841875,-2.5791616,5.3922024,-11.887757,-0.51069945,-0.74554735,0.35821292,1.5180236,2.642092,1.728053,2.6006527,20.51149,-2.15827,0.41810358,-1.9331356,1.1822554,-2.5403793,2.0456147,12.570144,-3.6902108,0.3748088,-0.35307905,19.983099,-8.727641,1.4652834,3.9631934,-5.6595674,-5.215707,-0.25207698,2.7011774,-1.4484028,3.0873258,-20.172493,-9.436941,4.2400002,1.9339572,4.9225683,-0.83033955,0.60555077,3.16744,-10.416841,4.028669,1.3405851,-3.4027112,-6.7333746,-16.273129,-4.6526647,-1.9230545,-9.739884,5.378985,6.162832,-7.8191385,4.7999916,-2.2783678,-0.23920384,-1.6737741,2.6944919,-3.2075267,3.9505508,-5.0534344,-2.0868618,4.957318,2.6316803,-11.671161,-1.9144402,-0.5238345,7.4268827,0.7060144,3.0668175,-2.2810676,0.8741762,1.1118039,-0.26515862,-2.759893,1.2588375,-1.6165621,8.7913685,3.7942905,9.812795,-7.2103467,1.4699655,6.6826963,-6.4325967,-3.2217758,-10.531284,0.022113148,0.5677799,-1.3696098,0.7509798,0.1692955,4.663954,-4.100994,-2.6322153,-5.0899262,-0.5548741,0.44943246,4.835531,2.7281966,0.28464788,-3.4728582,-0.58277637,1.8196956,-2.3944232,-6.6297116,-7.923529,-5.6065426,3.278086,-3.5322201,-1.8707538,2.2586226,-1.665309,1.0788729,-9.538517,-4.188012,26.584501,-1.6465372,0.5334464,-0.308609,0.51782095,PD,data/Images/PPMI_Images_PD/149116/Reconstructed_DaTSCAN/2022-04-08_14_08_14.0/I1574654/PPMI_149116_NM_Reconstructed_DaTSCAN_Br_20220428102133389_1_S1128631_I1574654.dcm,149116,Validation,SC,41.6,IA87938,SCREEN,04/2022,0.0,0.0,0.0,08/1980,1.0,,,,,,,,,2.0,0.0,1.0,0.0,0.0,0.0,0.0,0.0,0.0,04/2022,2022-04-15 00:00:00.0,2.0,123I-DaTscan,04/2022,2.97,2.27,1.52,0.91,2.28,1.41,Yes,,,2.495810418304376,-1.4624570581323793,0.453588066984479,0
-0.7365177,-33.64376,4.308391,-3.678566,3.1807032,-18.93617,-0.11605024,1.1233859,-3.6414654,-1.2958925,-6.138201,-5.487211,1.7939383,1.9120556,5.237792,18.546936,-1.22201,-7.2240033,-1.7519118,12.38277,3.5653777,-3.998034,0.99351287,11.077294,-1.2798542,-0.71340257,1.6973599,2.2253623,4.7543273,-5.0148687,-1.4826622,-7.3179183,0.69134164,2.162255,3.3484912,5.3615704,0.33176163,4.2258563,-1.9866304,1.2304479,3.6260705,-1.756051,-0.8319539,-16.547556,5.6650443,-0.89499015,-3.0990143,1.359945,8.846576,4.2793326,-3.8553085,-1.0264308,0.22624561,2.6677477,0.96794474,-0.827797,0.63642263,3.9734805,-1.1198076,8.710437,-1.6400065,28.341164,4.311969,2.838174,-5.6917596,2.9214113,0.59181744,1.324304,-2.1120348,-2.4224885,-2.7177966,-11.7388935,-4.5652833,-11.876429,0.15281329,-1.6841712,-1.7273155,12.484465,0.63901246,2.2118437,-2.1438236,-0.4892552,1.519227,-4.933711,5.126535,-8.458157,7.137671,3.3025625,-0.10396558,0.24090056,0.5297998,-0.10179374,-0.7143969,-18.556906,4.6305275,1.5095205,-13.117547,-2.0309544,0.9890673,3.834356,-1.5695528,-13.884691,4.086301,-2.910782,1.9054043,0.5705435,-4.104099,-0.27165338,1.5899211,-4.7311325,3.3964624,2.1659284,-2.8042922,-0.71806544,-0.26158008,1.3762069,5.90465,6.697538,0.96794474,-0.93500733,-3.424857,-3.9512541,0.07544717,-0.43883112,1.397617,2.8460126,-4.153854,1.5198042,6.0960636,0.39288625,-20.17203,0.01968204,-1.035707,3.9822915,-1.1166158,2.750584,5.5486712,-1.675938,-2.4250274,-0.0151389185,-13.353672,0.5909701,-2.8549778,-3.1827838,-1.8587763,-0.92156583,3.9688327,7.0251203,22.170517,-6.395271,-0.32079485,-2.2565777,3.1794548,-3.5234468,-1.9178119,14.01113,-0.15996969,-0.69934374,2.3459215,22.960701,-0.14248627,0.5089841,2.0878572,-5.9668,-5.145946,-2.0807333,-1.7556088,-1.4579271,1.7644949,-14.202149,-4.6317954,1.2682899,0.6968897,5.01632,1.8889418,-1.6818987,-1.1387752,-14.042741,-1.3440067,2.563693,0.6078053,-4.9570446,-21.88255,-0.18196052,1.9782829,-10.525897,-1.1283076,-1.1065518,-4.8947377,0.8080923,1.7853891,-2.2843385,-1.4171128,-3.441613,-1.4362855,0.69599533,0.86738324,-1.3640033,0.5123239,-4.857062,-7.657683,-2.5277727,-2.3726587,6.2141786,-0.7607175,-0.22390941,5.122203,-0.08479495,1.5079664,-0.6685947,1.1906087,-7.9291162,-0.16771692,5.9163675,1.3016837,10.884434,-6.9295926,4.272464,-1.9289467,-0.5588866,0.35305735,-2.165689,0.015814517,3.2677488,-1.1927253,-4.186731,0.45004535,2.013345,1.8833263,1.8109752,-2.1908185,-2.1717544,0.9248165,5.1709547,3.4724991,1.6065431,-1.7028838,-1.7260171,0.20117097,0.89718175,5.10016,-2.3674757,-1.4078484,0.9162104,-1.8747371,-2.2515414,2.021016,-0.9733091,4.026886,-11.764624,-0.8001917,42.175407,4.440199,-0.68554914,-2.3717604,-0.85244554,Control,data/Images/PPMI_Images_Cont/149120/Reconstructed_DaTSCAN/2022-04-08_13_16_01.0/I1574655/PPMI_149120_NM_Reconstructed_DaTSCAN_Br_20220428102205383_1_S1128632_I1574655.dcm,149120,Validation,SC,36.6,IA87939,SCREEN,04/2022,0.0,0.0,0.0,09/1985,0.0,1.0,,,,,,,,1.0,0.0,1.0,0.0,0.0,0.0,0.0,0.0,0.0,04/2022,2022-04-13 00:00:00.0,2.0,123I-DaTscan,04/2022,3.66,3.81,2.79,2.72,3.55,3.44,Yes,,,8.738569642898243,0.1273509999296051,-1.0166362694188198,0
0.41873267,-18.832823,4.267898,-5.7678843,-4.9506254,-3.748821,-2.3621707,1.404371,0.90618664,-3.447655,-0.68357795,3.880675,-0.15211196,-3.716791,-0.30947185,17.661554,1.2431073,-0.58419114,0.006050155,8.049932,2.0426753,0.7219315,3.818436,15.936926,8.00662,-2.146399,0.12872188,-1.3107338,-1.09589,-3.4915824,1.9725403,-0.17764975,2.8369663,0.07783728,9.708682,-1.6269547,1.4739559,-0.11986647,-2.4841425,0.7916537,4.1210446,-4.0370584,4.050861,-14.166732,-3.0443728,0.38988677,-0.10663428,-4.5448403,9.678064,-1.1347194,-2.6204705,-1.5806838,1.416019,5.4518924,2.3641808,2.9271584,1.4172295,3.5796025,2.571605,4.2004404,3.3017633,21.696337,2.2664769,0.49463558,-10.083504,-3.3663287,-5.195439,2.1054714,-1.5738833,-2.6739244,-0.87061334,-5.9674883,-1.7527674,-1.3579673,2.1682005,-2.7302792,0.34734035,7.51647,-6.8577733,2.8258154,1.7277937,-1.6856244,-3.9349346,-6.242197,1.7565005,-7.8013806,1.5210764,-1.2822741,-2.8334832,-3.7803068,-1.6074849,-2.0937192,-3.6741161,-5.35551,-4.4187703,-2.164267,-8.659435,-1.5866567,-2.8863564,1.4242256,3.5488963,-15.769633,0.5582362,-0.41850463,1.1922532,-2.3899727,-0.89802927,6.861568,-4.707185,-6.172819,1.7179561,1.8777997,0.13167281,-3.0447078,-4.4725394,-0.4180802,-0.07966607,-2.3064163,-4.746913,-3.7847488,4.8103843,-1.6541927,-0.19953236,2.0324652,0.073314615,-4.411555,-5.7017593,-0.3340741,6.8279257,0.518305,-16.785608,-0.83523774,-1.2553738,7.7979803,-1.9520286,-0.92845833,-5.21477,0.40641406,-5.5091643,-0.1004056,-14.851238,0.9428644,-3.7847528,-1.6368425,2.0981166,0.3588166,3.1927874,-0.6657337,20.887817,1.9162548,0.16765057,0.47197485,2.8923867,3.8605516,4.823819,6.57925,-3.5859332,-1.9660703,1.3090615,20.800371,0.61621445,0.65513617,-3.55988,-4.9634953,1.7601849,2.1023116,-1.1147094,1.1375576,0.51001495,-11.216717,-8.848326,1.1628044,4.6924124,-1.882254,-1.7313703,0.5538763,4.3667197,-14.465613,2.5562522,2.4523652,3.2137625,-7.3726482,-20.039017,0.000772389,-7.902409,-13.76846,13.99407,-0.24005356,-0.43984106,0.21495506,4.0753574,-1.78272,-0.53527266,1.7258861,-2.0507836,0.8384214,1.5174434,-4.6946883,0.043210004,1.770716,-18.213787,-0.22312427,2.4325485,4.0000024,3.510566,2.2217572,0.26440325,-0.077417746,-4.9974375,2.5635147,-3.5987945,-8.213954,3.7849824,7.33036,0.72509605,8.1085415,-4.126717,-1.8292422,0.64009726,-3.2333057,-0.017387338,-6.061985,4.3405743,6.026043,-5.0034246,-3.8864574,-0.9483643,-0.1177968,0.8384082,1.0258094,-2.2602806,1.2972338,-3.5730429,-3.4544358,-1.9568849,5.286807,-3.3319542,-2.0728278,-2.0320892,-5.615437,-1.1725808,-0.7335373,-0.33182442,2.6882987,-8.73836,-1.5949589,-5.763767,-4.2153997,5.1021996,-10.603596,-0.7286355,26.679178,0.26655382,1.3454381,3.3606563,-0.27693167,PD,data/Images/PPMI_Images_PD/149940/Reconstructed_DaTSCAN/2022-06-03_12_16_02.0/I1601765/PPMI_149940_NM_Reconstructed_DaTSCAN_Br_20220706100435282_1_S1145390_I1601765.dcm,149940,Validation,SC,63.4,IA87022,SCREEN,05/2022,0.0,0.0,0.0,01/1959,1.0,,,,,,,,,1.0,0.0,0.0,0.0,0.0,0.0,0.0,1.0,0.0,07/2022,2022-07-04 00:00:00.0,2.0,123I-DaTscan,06/2022,2.0,1.63,1.58,1.19,1.84,1.66,Yes,,,1.6785613712470593,-0.6261091786709072,-1.1511024055495742,0
-2.643969,-24.878704,-0.3914653,-1.5560634,3.3517323,-11.164764,2.656994,8.522986,-3.5371802,0.70340174,1.5279286,3.2514732,-4.9181104,-0.099326506,-2.5276039,15.279295,-1.9145393,0.12996432,2.0926101,6.3122683,-1.276939,5.4582696,-4.5211678,14.413478,-0.7046747,0.41064,-4.3706903,-0.9723462,1.7230437,-0.70866,-1.7514123,0.029567707,-3.1186113,8.6644,7.122283,9.287985,0.16515143,-1.8185601,-0.67483383,3.1499047,1.61309,-0.9686937,2.7913287,-19.112682,3.175178,-2.4209673,-1.2964222,-4.507174,4.1792445,-1.2640026,-4.1042643,2.5512536,-1.441727,4.6705947,-4.0742016,-2.5644736,4.1862106,5.5019817,-4.4543943,7.617353,-1.1562053,20.915648,3.8330758,1.216291,-12.163299,-3.131167,0.82524914,4.428611,0.04916316,2.0415854,6.233566,-6.2362623,0.077338025,-4.398921,-0.9085785,-2.3734167,-1.7562827,8.714976,-1.8325683,1.8150611,0.6286942,-2.3394842,2.3660114,-3.2690704,-1.9049449,-9.449659,5.718752,1.1758436,-1.7651408,-0.81355745,0.70981854,-1.2019453,1.2530386,-11.378162,4.43048,-6.0928125,-15.211227,0.75594336,-1.4425232,-1.4122086,0.06673553,-11.695702,3.2927463,-3.490177,-0.057787262,-6.2127337,1.4251181,5.2914777,-3.6227453,-0.65407795,-7.723804,2.3899436,-0.5367777,4.310322,0.95186377,-4.1497355,6.91797,7.870911,1.5137174,3.0677795,-3.6470559,2.4380848,-5.3322864,0.79351234,4.389648,-3.74937,-0.4936665,-6.1917896,4.554429,-5.635266,-20.112297,2.2402928,-0.029475506,8.544388,-0.79197377,-1.6885821,-6.2926593,2.3585603,-6.3954444,-2.4467096,-16.642433,2.9418,-2.2326303,-0.9841348,-5.9417,-4.017706,2.2186587,4.8403306,15.151583,-2.4080322,-0.20960423,-0.85162354,-0.5120009,-0.08088807,-6.4207387,16.281427,0.7646425,-5.4621215,0.8397692,19.120543,-3.1328173,0.95453125,0.9025968,-6.353772,-3.441019,1.2064569,0.7151821,-2.2952542,-2.859237,-7.528345,-3.813663,-2.116075,-2.5607815,7.4384484,6.5505404,-3.2141674,0.056593914,-22.812662,0.23249242,-1.5499197,2.6874745,-4.60548,-26.37282,1.564289,8.08582,-12.5447645,9.402647,0.31104484,2.3861473,3.697194,-1.7292527,1.7076966,-3.852101,-4.709146,4.48589,-2.874545,2.2142982,0.4411973,5.09556,0.23952952,-7.7959313,-2.6804013,2.8023124,2.006874,1.9938518,2.1117897,0.5030838,-5.0090766,3.379298,1.8251333,3.1141005,-6.9668202,-8.524029,13.705404,-4.0209904,14.171269,-12.65496,-8.371384,2.5980568,-1.7359331,1.9264296,-3.844354,-1.4229465,2.2569094,-0.7193581,-0.61201835,-3.275601,-0.16018678,3.7590384,-4.0817327,-2.6962864,-1.295361,-4.224895,5.5120254,1.8721129,4.7338943,-1.0328563,-2.0104969,-1.7146419,-0.93396056,0.30140415,-2.0932143,-0.58628935,0.39924893,-0.6312984,-2.9184165,3.6888344,-0.9364143,-3.2638507,-10.568834,0.43947136,34.705273,7.9905477,1.332485,-3.8641973,1.5898508,Control,data/Images/PPMI_Images_Cont/152591/Reconstructed_DaTSCAN/2022-06-14_14_08_13.0/I1610411/PPMI_152591_NM_Reconstructed_DaTSCAN_Br_20220729124049726_1_S1151366_I1610411.dcm,152591,Validation,SC,68.1,IA86987,SCREEN,06/2022,0.0,0.0,0.0,05/1954,0.0,0.0,,,,,,,,2.0,0.0,0.0,0.0,1.0,0.0,0.0,1.0,0.0,08/2022,2022-08-02 00:00:00.0,2.0,123I-DaTscan,06/2022,3.43,3.15,1.99,1.92,2.72,2.25,Yes,,,5.439634358297578,-0.43138493143514695,-0.028110340283438024,0
0.7558618,-14.142254,1.9564093,-1.798809,1.0902987,4.277808,-0.70992684,-1.5770864,-1.807545,-5.109127,0.4633918,1.363582,-0.91617703,-3.0173936,3.2649322,14.783089,-0.23940855,5.010628,0.6129871,7.8048186,-1.2275087,-0.4173671,3.3847184,18.420866,-0.1413652,3.5558019,0.6918416,0.046019424,0.2794517,-2.9249463,-0.62335354,-0.70198566,3.2190115,0.9947099,5.848173,1.1897458,-1.085597,1.610259,-2.0836766,2.4045286,-1.3749042,-5.6316543,2.205454,-16.299194,-3.9754138,-0.43961552,-1.8525077,-0.52704513,6.7685695,2.3061194,1.170577,0.6920818,-0.6860619,2.5990422,-2.764044,1.4177904,2.42404,2.8010848,-2.1117454,2.8776343,-2.3808615,14.826138,6.397236,-0.39685923,-5.299906,-1.2260784,-4.369694,0.99757534,-3.219789,-1.8291092,-0.59261996,-6.769779,-3.3837662,12.341788,-0.6683303,-0.5810161,0.96885747,8.635166,2.9093616,0.28550258,-2.2528312,2.2932248,-1.8159051,-2.9530041,3.462221,-6.878901,2.11613,2.964296,3.7002072,0.47279894,-0.2958486,2.7382631,-2.9466891,3.2700398,-2.0281115,0.5184566,-9.184347,-1.208495,-2.567472,1.626026,5.736752,-9.433834,-0.8498599,6.1741843,1.4656857,-0.8540346,0.9564521,6.8997507,-0.1154499,-6.2389593,1.6014326,2.7541752,-1.0654,-2.4666529,2.8329818,1.5953673,0.3565861,1.7660141,0.045101374,-0.8210926,-0.0035730507,-2.9256554,5.4973407,-2.3774734,-0.7106338,-1.613331,-5.2445564,1.401818,5.1451216,1.3332368,-18.910706,-1.2767997,-0.583871,5.4207516,-0.6241363,-3.9009378,-5.1494513,1.1047786,3.66849,-1.0601957,-11.409847,-1.7129061,0.95839196,-1.8862851,0.12116824,-1.4719347,1.853522,-1.1851954,18.914204,5.9140654,-5.179662,3.1174004,4.377013,-0.61597174,0.18037918,6.2649283,0.31609604,1.2934737,-0.96265775,12.473291,-1.677735,-1.907907,2.8997107,-4.5275726,0.4873035,-3.0907998,0.7547776,1.4403911,2.5052931,-14.069442,-12.120271,0.82462317,1.0281092,2.90521,5.550242,-3.115824,0.6844816,-16.375647,1.5437394,-7.6822796,1.1089213,-5.7731586,-14.289551,2.688822,1.5802702,-15.0101,10.562227,1.7626265,1.2290477,2.2188518,1.512488,1.3062441,0.8924468,-1.2821548,-3.8091812,-2.6193163,0.37208188,-3.3621697,1.2849233,0.5403167,-13.813999,0.6796266,1.2963458,3.7330308,1.0964292,0.20090024,-0.48198766,4.142054,1.3907225,0.6912084,-0.41388234,-1.7597377,1.8697206,12.714166,-2.7901886,6.2405787,-3.1669888,0.19965261,-3.2368677,-2.1251256,-3.2084594,-5.617027,2.3911602,1.3416255,-5.03409,0.6410016,0.42020315,1.4118186,2.688721,1.4339628,0.8845517,-2.0386095,1.1649646,-0.03545975,2.2162087,3.279973,-2.6447854,-3.433415,1.6639588,-5.0540285,-0.4700216,0.0048848465,1.4508786,1.5099971,-2.035758,2.9335258,1.4992261,-2.714843,3.8699257,-6.686874,2.2361588,17.611902,2.5342922,0.5483313,-2.412767,-4.7344265,PD,data/Images/PPMI_Images_PD/153191/Reconstructed_DaTSCAN/2023-01-10_11_12_38.0/I1660694/PPMI_153191_NM_Reconstructed_DaTSCAN_Br_20230127105434015_1_S1188703_I1660694.dcm,153191,Validation,SC,62.0,IA87650,SCREEN,05/2022,0.0,0.0,0.0,05/1960,0.0,0.0,,,,,,,,1.0,0.0,0.0,0.0,0.0,0.0,0.0,1.0,0.0,05/2022,2022-05-24 00:00:00.0,2.0,123I-DaTscan,05/2022,1.58,1.73,0.56,0.82,1.09,1.29,Yes,,,-0.42771032127391057,0.472307788807047,-0.03818989808108861,0
-2.673239,-27.052723,4.0106435,3.1157198,-7.2365165,-3.0929015,1.1547339,-0.3801887,0.2174078,-0.5622458,4.3700876,-3.2360725,-0.38278905,0.65138364,-2.7191234,15.065332,0.70051134,0.42714867,-1.96617,11.13596,-0.96312964,-2.7457767,-1.3685206,14.187092,2.5262434,2.9715803,-1.4446113,-0.92077434,-1.1999791,1.4512879,0.12248306,-0.56326365,4.328425,0.40725768,9.134694,-0.014559257,0.35651404,-0.5395296,-4.2757974,2.521988,-2.6529434,0.527959,-1.5463102,-17.060808,-2.448016,-2.5616162,-1.133996,-0.87306094,4.2371783,1.7592403,2.141389,2.3118057,-2.5234418,6.9767604,-2.2193935,2.8789167,2.2179642,-2.4583454,-0.041382544,0.08939519,2.7312593,16.69658,3.603906,-1.1577013,-3.489719,0.13581383,-1.483451,2.1976802,-0.9070484,-1.9191453,-0.7131895,-9.056213,1.8172936,0.23252,0.35143086,-0.28368586,3.2495456,13.06861,2.1631725,-0.8209852,-1.9056833,1.071063,-0.96264994,-1.3630438,5.2810726,-10.281366,0.64038116,2.3559868,0.40331808,3.0321004,-2.2481318,-0.17731892,2.4303536,-4.436976,-1.929904,3.3832273,-12.789745,0.4728216,0.049657777,0.81090325,-1.3470621,-12.817981,2.3168461,1.485154,0.9348369,1.2614083,-3.0927913,5.028751,-4.330193,-5.760552,1.3502569,0.20506251,-4.2452936,-2.31884,-4.008961,-1.6829234,2.0017147,3.0525584,3.2078824,-1.6474849,-3.257199,-1.6718756,6.034971,0.2926983,5.2434354,2.2404506,-1.3420923,-1.9314032,8.662987,-6.740144,-20.156717,1.796974,1.4562118,5.244982,-2.260045,-2.9879835,-4.936608,-3.3094063,4.8925896,-2.6763334,-20.534212,-3.5150306,-0.57349026,-0.18628033,-4.1315002,-2.4523363,3.297453,-1.3020062,24.428284,4.592632,-2.0969307,1.0751821,0.70340914,1.2720001,-2.0703561,9.862409,0.22331978,-0.57991153,0.27679312,20.08122,4.8840394,-0.48177344,1.5084041,-3.0857246,-4.5822177,-6.359847,-3.9941814,2.1727548,-1.8944175,-11.123105,-12.87919,0.9512321,-2.484835,4.3079104,-0.32873058,-1.0143659,2.3785002,-13.823975,1.3930527,-3.590959,-3.7420943,-5.321986,-21.55769,2.0404932,0.017400997,-13.705314,10.376978,2.4708905,-6.1251717,0.46519265,2.6457877,-0.16048768,2.1069887,2.6425984,-2.7262354,-1.1235534,0.38944992,1.78872,0.18487568,-4.1449866,-9.198911,4.2398963,-0.43696952,4.4986405,1.5241716,0.30553794,-1.2338758,0.5310269,-0.5178741,0.19858673,-1.8232185,-2.9464786,0.27428314,9.35354,-0.83814883,6.084337,-6.137984,0.28518924,2.1079354,-4.11274,0.93152213,-5.6344137,2.7658834,2.050537,1.1809741,-3.4064465,-1.2920045,4.421852,-0.7938989,1.7762395,-0.34952,3.2206256,-0.6268826,1.7026917,5.3582945,3.3256323,-4.244378,-1.2122161,0.5794232,-3.286423,-2.0577805,2.3203197,0.14271492,-0.6584537,-3.161341,-0.33054128,-1.0028634,-0.63473487,0.04985634,-10.652508,2.6914997,25.26378,-2.6228404,-0.5193378,-2.7982597,-6.017218,Control,data/Images/PPMI_Images_Cont/153233/Reconstructed_DaTSCAN/2022-09-29_13_59_48.0/I1632119/PPMI_153233_NM_Reconstructed_DaTSCAN_Br_20221019121534041_1_S1167970_I1632119.dcm,153233,Validation,SC,79.9,IA88169,SCREEN,09/2022,0.0,0.0,0.0,11/1942,1.0,,,,,,,,,1.0,0.0,0.0,0.0,0.0,0.0,0.0,1.0,0.0,10/2022,2022-10-19 00:00:00.0,2.0,123I-DaTscan,09/2022,2.26,2.26,1.9,1.7,1.99,1.88,Yes,,,3.1552893461610383,-0.19136830647713451,-1.2621678078791663,0
1.1160207,-18.119448,2.3401866,-6.405147,-0.83607036,2.5283139,-1.6197842,-1.5478148,0.702635,0.3519453,0.48491508,0.45598724,0.71663284,1.5540751,0.0053219,18.602705,-1.1629214,1.2111871,1.3336943,6.963175,1.173263,-2.9739351,-2.5653145,16.649736,1.6313612,-0.6578272,0.4875406,2.3252268,-0.5082371,-5.0080166,2.3037546,-2.1533291,-0.728743,0.28528506,5.472642,4.784852,-0.94772905,0.9709449,-2.4071612,1.2501364,-1.2616919,-0.34946623,0.33689028,-15.077088,-4.0098066,1.985485,-3.8168151,-3.9768622,1.9278055,1.0834563,0.31993827,0.6705223,-3.8244333,-2.2175481,0.16887133,-1.9842759,5.4113207,1.6186992,-3.1770687,6.6332426,-3.195152,19.759602,8.010659,0.2969681,-8.701049,3.3633447,1.3463042,-0.022814944,-1.9585695,-2.4313931,5.2869744,-13.108546,0.8466075,6.4149904,0.47561273,1.1197991,-0.76150686,5.3096113,-3.0113757,0.09550751,0.5553223,-1.7035209,-6.48274,-4.1165514,6.6627083,-9.741674,2.4805346,2.7058313,-2.013515,-0.6666192,1.652565,-1.8886821,-1.0003418,5.5360327,3.0642989,-4.5511417,-8.973911,1.4037644,3.4496021,2.5155163,-1.7139963,-8.609376,-0.67777646,0.47299513,-1.605156,-1.293376,0.34422985,6.974788,0.5319433,-1.9496572,4.3690295,-3.6287222,-4.596863,-2.603081,-0.11156619,0.98269796,0.20033258,7.1607904,-4.9798927,-4.35298,-2.811753,-2.1536016,1.3799137,0.784556,0.9407058,-5.0885634,-6.378745,-1.0074114,8.962187,-1.2089,-15.867635,-1.692712,-2.104966,5.8656936,-2.9951315,-6.0910473,-2.2133825,0.887886,-2.032673,0.7358865,-13.725691,1.2666233,-1.4052069,-1.4294997,-1.7259254,-0.86193794,2.1866412,1.8055646,18.83739,-1.9716696,-2.1418226,5.3032813,-0.84954417,-2.0942323,-2.4489849,7.990573,-3.6749778,5.8047867,3.9203885,15.735819,-2.174937,1.4996222,-0.90577614,-4.4279127,-1.1184568,-1.3290019,2.7699778,-3.0128133,5.5896654,-14.630119,-14.205591,-0.97537076,-4.143961,-1.8575438,2.406087,0.38845438,-0.36758193,-10.680895,1.4105175,-4.079512,-3.4879556,-8.153693,-13.594824,-0.5234175,2.2782261,-14.237872,5.205436,3.241024,1.6217728,1.1201242,0.64036685,-0.5565136,-0.15795472,-1.8281307,-0.06430927,1.7550483,0.35069904,-3.8410373,-0.62473243,-0.5042647,-10.608158,-3.2290018,-0.18503605,7.359431,0.81465614,-0.4540621,3.8471632,0.33198085,1.5071993,-1.902687,-0.81267834,-1.795856,2.6574767,8.223709,0.33143237,8.736145,-0.42446956,-0.89501566,-1.9038597,-1.3761796,3.2782364,-0.70907295,-0.28215298,7.0608535,-3.5829248,-0.46746364,1.2690431,2.517512,2.2932167,3.726526,-2.4848292,0.5099127,0.61320543,2.591095,1.30089,3.8968477,-3.4815729,-0.0887995,-0.86711234,-3.0760152,-3.4081683,-2.346543,-1.9005185,0.7879715,0.1428694,0.19937208,2.407028,1.7745932,3.4670508,-5.966237,0.007955467,16.828989,0.61685336,0.3852503,0.0947685,-1.6840689,PD,data/Images/PPMI_Images_PD/156647/Reconstructed_DaTSCAN/2022-06-24_11_39_10.0/I1610421/PPMI_156647_NM_Reconstructed_DaTSCAN_Br_20220729124356895_1_S1151375_I1610421.dcm,156647,Validation,SC,55.0,IA87041,SCREEN,05/2022,0.0,0.0,0.0,06/1967,1.0,,,,,,,,,1.0,0.0,0.0,0.0,0.0,0.0,1.0,0.0,0.0,08/2022,2022-08-08 00:00:00.0,2.0,123I-DaTscan,06/2022,1.73,1.26,0.62,0.59,1.04,0.93,Yes,,,-1.0668314815278053,-0.3597403102137254,-0.07926111693816015,0
1.5035414,-14.185481,3.935943,-3.504239,-2.712923,5.620824,0.30162945,2.9098346,-1.1917895,-4.323905,-1.3286953,-1.1406249,-2.3216453,3.8906882,-1.0706859,11.130606,-4.2985544,3.7520897,-2.2898204,9.647063,1.1277169,-2.7543068,0.013382549,21.920385,1.066038,1.4527382,0.04124763,1.9631923,2.0384092,-2.804142,-0.60804754,0.37157747,0.5822223,-5.563438,7.3006077,0.9417101,3.3776963,6.427985,-6.509405,-0.16762857,-2.9822884,-4.9752197,3.1288774,-12.95733,-4.3736625,0.115901865,-0.44396552,-5.2637925,5.088088,1.1965394,2.4619775,-1.9448444,-2.2665248,1.1806445,2.084735,0.84823066,1.826702,-1.3536683,-6.648494,5.6532993,-0.83873117,11.973044,8.267297,0.9005862,-9.209102,-1.2618151,-4.4607806,3.8622131,-1.3037784,1.142343,3.1097722,-4.1910453,1.5801744,9.849888,1.4097862,-5.0685225,-1.77418,8.410903,-3.3563082,-0.8310578,2.0429904,-1.3497978,-0.5187259,-8.135862,3.7655659,-1.1149552,1.1473528,0.99962026,8.066534,-0.021989837,-4.755668,-1.924023,0.5133544,8.439693,1.2389417,-3.7383327,-11.201166,2.410435,-1.6330597,5.9817405,0.9297208,-7.164116,-1.1482171,-0.22518642,4.31999,-2.974451,-0.9084272,4.4220624,-1.878638,-5.383748,7.5369143,2.927902,-0.7127657,-0.75417733,-0.9657222,-2.220368,-2.4580636,2.1882796,-4.731799,2.2067382,1.1928335,-3.8239844,2.206079,0.9104789,3.122064,2.0444906,-3.8242648,0.17058788,3.577932,0.28849018,-15.747295,-3.4395065,1.6220856,-2.604227,-2.4567392,-1.4057504,-7.607867,0.5592253,-4.0240736,-0.7239745,-17.76524,-2.7436736,-4.165402,-4.9315805,-0.3084795,-1.3445289,4.051666,-0.5204936,17.15173,1.2199092,0.6927514,1.23113,1.3945014,1.6871551,-2.171865,2.0512514,0.07345801,-0.8469598,3.0120924,10.674618,0.9336812,0.28091502,2.5750248,-2.4350653,-0.5819685,-4.920519,-0.0762104,6.357849,-2.3140006,-13.401271,-11.775963,-3.9823291,-2.763851,6.219599,2.0434713,-2.655131,5.839012,-14.722562,0.027250405,-8.648705,-0.5776647,-8.802662,-11.386538,2.0213907,4.346328,-12.60337,9.236795,0.1197941,0.8323792,1.0540426,2.0319762,1.1578947,-1.5611434,0.91078675,-2.5011895,0.7446516,-0.11796376,-0.117829844,-0.2508057,1.6926695,-15.4669285,-1.1552916,-5.14492,4.4561687,-2.385954,0.011473285,-0.23003855,1.3813397,2.1791906,-3.3147516,-0.06198301,-6.7838,4.38235,12.017375,1.0989337,7.4402156,-5.5685577,1.0107518,-1.3867381,-1.99191,-0.061699152,-8.949573,3.4305823,-0.74925333,-0.17155868,-1.6091545,3.3541937,0.8648697,3.086555,-1.6742363,-1.7225187,0.26217678,-0.43418103,2.3880224,4.002021,6.650624,-5.779352,-4.8606944,-2.2005315,-6.354595,-0.3491692,-4.6600127,0.056316607,-0.8638332,0.3350781,0.6980841,3.6117315,-1.9421712,-0.8535977,2.4108634,-1.062212,18.551813,-1.9610064,0.80138844,-0.8614259,-4.100723,PD,data/Images/PPMI_Images_PD/157540/Reconstructed_DaTSCAN/2022-07-12_14_03_03.0/I1665810/PPMI_157540_NM_Reconstructed_DaTSCAN_Br_20230213204043915_1_S1193976_I1665810.dcm,157540,Validation,SC,45.2,IA211596,SCREEN,12/2022,0.0,1.0,0.0,09/1977,1.0,,,,,,,,,1.0,0.0,0.0,0.0,0.0,0.0,0.0,1.0,0.0,12/2022,2022-12-12 00:00:00.0,2.0,123I-DaTscan,07/2022,1.11,0.97,0.45,0.51,0.75,0.61,Yes,,,-2.257890484574385,-0.16096466210295698,-0.5023860320937005,0
-1.75221,-22.644796,-3.411269,0.5041353,2.536251,-0.8613779,-3.4843006,2.3309202,-1.2805876,-0.24609919,-0.7560397,-7.4360924,-2.0070946,4.551476,-3.0050533,10.808695,-2.9711776,1.0583326,-4.6892204,10.461955,-1.8325216,0.7681726,-0.7383471,17.997381,-1.6494877,3.085459,-0.17020905,-1.6720833,2.6653843,-5.9502306,-1.8862479,-1.2489917,-1.514799,-2.8605149,2.337099,3.215383,9.405552,4.2079644,-7.5144114,0.8751299,-1.8177652,-2.4216056,6.680554,-10.910893,1.6000245,-2.80681,4.72532,-2.1636875,5.9000983,3.2014754,4.1205573,-5.0831904,-9.59284,-5.873578,3.5058863,2.695633,-2.5969157,1.4358603,-4.660876,6.6983457,1.5439857,20.264029,4.8056183,-3.5278165,-6.2516174,0.07300819,2.853794,3.4556656,-0.060172383,-0.745951,-0.5154196,-5.774191,2.2391324,-1.753102,-2.3877044,-1.8374147,0.004194378,11.3229,-4.868581,-4.0609965,-4.2128086,2.4381037,2.1628304,-5.754989,-3.585218,-7.474827,6.0606017,0.8847753,1.7275102,-6.0032997,-6.9718423,-2.6382024,-4.2879186,-2.066735,3.770643,-9.065336,-6.9771137,5.9747453,-4.478867,-0.14804696,4.895383,-10.730648,0.4883532,5.231843,0.025145417,-1.0621246,-5.16768,6.9370027,-0.86200994,-2.4356394,-1.3093565,8.676188,-6.666294,-2.8137238,-2.652769,-4.584082,-3.0996861,7.752992,0.76596606,-3.273296,1.1577268,-3.3516195,6.0177455,-5.360716,0.87190515,-0.5923592,-2.775379,-0.51472926,2.3632214,-3.6497357,-20.338547,1.187384,-3.6825037,2.288122,0.07112705,-2.0076966,-1.5857929,3.612946,-4.329554,-4.4321284,-24.203808,-0.42677513,-3.4935963,-1.6218532,1.1773777,2.4413955,6.8422375,4.4483137,17.32928,-4.8342986,-2.5449295,3.5105562,1.5365242,-0.19306062,-1.2217094,10.535499,-6.21577,-0.8751678,3.6958935,9.996188,2.053983,-2.565581,10.375343,-1.4402791,-0.38310504,-4.1665506,1.1852889,1.9404649,1.713313,-19.047901,-9.747225,1.7026793,-3.1606214,10.609189,0.38093838,-0.80911845,-0.1878377,-10.904334,4.4985843,-3.053413,0.9917143,-8.612417,-20.825077,2.6081657,10.026219,-16.089006,10.21781,-1.0364642,-0.5157607,-0.7164857,6.1900883,0.4724442,-0.57753915,0.5077074,-4.4172654,0.58789307,-0.55163157,-0.13157819,0.6214327,-2.1587186,-3.335838,-1.6407188,4.655023,2.974917,0.26301432,6.0980425,-0.8358942,2.8242037,-0.32972762,-1.7502257,1.7783002,-1.8033211,-1.8646472,13.382858,5.0234365,0.59050643,-7.5202174,2.506396,6.383604,1.591185,-3.7161777,-8.177251,-1.6173619,-1.4053583,0.4379156,-7.4252496,-6.270586,10.63333,5.7514634,-1.8766961,-0.39740962,3.4847512,1.4216852,11.236118,0.7794916,7.0349436,-4.3922644,0.3781871,2.7643437,3.1803958,1.5289148,-2.4573948,-5.834855,1.1365944,0.9161163,3.0260813,6.1792555,-1.7499876,0.100742556,-7.357146,0.72597367,22.529707,0.11165416,-2.0318823,-0.31016767,-4.0971565,PD,data/Images/PPMI_Images_PD/158117/Reconstructed_DaTSCAN/2022-05-31_13_24_11.0/I1601779/PPMI_158117_NM_Reconstructed_DaTSCAN_Br_20220706100643630_1_S1145400_I1601779.dcm,158117,Validation,SC,60.0,IA88591,SCREEN,05/2022,0.0,0.0,0.0,06/1962,1.0,,,,,,,,,1.0,0.0,0.0,0.0,0.0,0.0,0.0,1.0,0.0,06/2022,2022-06-07 00:00:00.0,2.0,123I-DaTscan,05/2022,2.04,2.24,0.59,1.57,1.22,1.74,Yes,,,1.2221311453045263,1.3747898139948838,-0.10762523079020087,0
-0.6847283,-19.619627,6.166299,-1.3507258,1.3565991,-3.545944,-1.1593767,-1.8746607,-1.5788288,-2.1058617,-1.6096666,-3.0088036,-5.169891,-5.568353,2.84229,17.451694,2.3590896,1.0982181,0.70214957,12.048781,3.0792282,4.00373,0.75614,18.29818,-1.9427706,2.1256607,2.8549833,6.1397853,-4.232595,2.0671334,-6.4846625,2.3269637,6.556889,-0.11248619,-0.6341495,5.2949705,1.3564987,3.7963586,-4.187452,-0.8375336,0.3957485,-6.568223,0.6560373,-14.992229,3.6602514,0.41212595,1.6292124,4.7341037,10.3272,-2.9472692,6.208926,1.8438393,0.37029523,-2.1176817,2.051754,-4.6642175,1.2931823,8.478107,0.39983958,-1.8678913,-2.7459552,17.227251,4.978278,4.41128,-13.829806,-0.33326912,3.0488644,-3.100511,1.8714424,2.1235294,6.6611595,-8.502586,1.2353833,4.8486595,-1.0837276,-2.2726295,-2.6805065,7.9430323,-0.43724364,-2.5254612,-0.08874123,-0.9832326,1.4239322,-5.569734,-4.849281,-5.4381323,0.7812753,-1.1197599,6.4658246,1.2749537,-0.21428336,-1.4263388,0.8633912,-4.8587174,0.29553127,-1.2467324,-11.136135,0.09512477,0.08452962,-1.6940383,4.1170774,-8.250808,1.2815148,1.1813135,-2.9655197,0.9507108,-2.9388397,10.078513,-0.19843344,-6.179718,1.5723717,4.191281,0.2108832,1.0925533,-8.66022,-3.1329885,13.830978,-3.4364617,-2.5885231,3.092346,-0.26254094,4.085166,-0.023943305,-0.965631,1.1499567,3.5827668,-6.782284,-5.8137918,3.2353804,-3.4890752,-23.890999,1.5918216,0.06664793,8.979829,0.8566698,-4.499399,-2.0368774,3.568124,2.2663047,0.8159464,-13.6483965,-1.5905714,-3.552061,5.44107,-5.0974364,3.6726563,0.3275636,3.3529015,17.852367,5.2705526,1.0502422,-2.9744802,-3.105659,0.81803006,0.53522,9.565867,-3.5902092,-8.487367,0.07853645,16.760447,2.4192219,1.4201819,-5.1947784,-3.5837853,4.1600785,-2.686478,-0.9912215,2.2111666,-0.64090633,-17.534649,-11.194647,-2.168443,-3.7262397,8.908703,-1.5263427,-4.8737154,0.8166169,-17.746855,0.4704717,-1.7736603,-2.6629312,-6.4563255,-20.835365,-2.2712295,5.145854,-11.878505,2.6341999,3.2848828,-2.073218,2.9903777,0.26236838,7.6385717,-0.17331743,-0.43404728,2.9595075,1.0881016,-2.9121325,-3.2987318,2.0029306,2.6034563,-12.699247,1.1560243,-1.2951227,6.93737,-4.5637207,5.4644337,1.6591558,4.362284,1.3348145,4.02599,3.6514173,-0.3457586,-0.56448174,5.6403193,-0.86851805,4.494385,-3.117301,0.461689,2.1679215,-2.7236958,-8.024231,-8.722527,5.09851,0.13976932,-4.410508,1.9092119,-0.11092582,2.5352585,-0.29713607,-1.8305385,-6.776608,-0.1937735,-1.5162474,4.289623,2.0656648,5.0215044,-3.0484712,-3.6367912,0.096928336,-1.7290413,2.310547,-3.6792724,2.2439666,-2.6501026,-1.7498838,1.3580239,-2.3521516,-5.2029505,2.726401,-9.293783,12.373814,28.462004,1.9286853,-2.650711,-2.9128938,-5.0878463,PD,data/Images/PPMI_Images_PD/159195/Reconstructed_DaTSCAN/2022-06-08_14_38_04.0/I1623687/PPMI_159195_NM_Reconstructed_DaTSCAN_Br_20220928100350626_1_S1161429_I1623687.dcm,159195,Validation,SC,66.3,IA88245,SCREEN,06/2022,0.0,0.0,0.0,02/1956,0.0,0.0,,,,,,,,1.0,0.0,0.0,0.0,0.0,0.0,0.0,1.0,0.0,09/2022,2022-09-19 00:00:00.0,2.0,123I-DaTscan,06/2022,3.06,2.2,1.54,0.66,2.36,1.33,Yes,,,2.3155899184908164,-1.8939892407844947,0.7019232105040751,0
-0.1177242,-18.910534,2.3752735,-4.7381234,-0.19995724,-0.9380791,-0.7393321,2.270448,0.75675243,0.48212442,1.0740075,-0.16848199,3.1311145,-1.4167432,-2.0249481,13.913586,-0.21075268,3.6483371,-0.79236835,7.3335104,-3.0342698,0.09313608,0.39920914,15.6100645,0.83832663,-1.2940086,2.734149,2.4223099,-0.8444221,-3.5151114,5.9384985,-1.3307198,-0.9175055,3.7112787,4.7233086,0.21438234,1.4956357,6.428201,1.3658935,3.726067,2.7593286,-3.7576823,5.395127,-13.019,-4.0212193,1.2974281,2.6921024,-2.2150357,5.5694532,-1.9672182,0.55470353,-1.9037766,-1.711154,-1.7831064,1.8994061,-2.1289513,1.1720241,2.5014634,-1.5625874,6.2322783,-0.6258634,20.757,4.0948343,-1.7406906,-8.662464,4.417728,0.8057762,2.7397232,-2.4294963,-1.5212377,2.8875613,-8.585778,-2.8695946,3.5029666,0.27806696,0.23661269,1.2751343,4.6172376,2.1301944,0.22947723,-1.8001945,-2.5156157,-0.36028898,-4.796439,0.38088167,-7.973727,1.4603978,0.28680164,-2.5056682,0.85828716,-3.2597332,0.13270128,-1.0655624,-1.7863381,-0.045072295,-2.9499454,-11.101403,0.1376008,1.2416197,0.57562906,-0.038246,-11.099489,-0.30172774,-1.4026392,-1.2920172,-4.121574,-0.4140128,8.640717,-0.83672523,-5.048686,2.2339191,3.8308883,1.5984979,-4.739283,-2.7975254,3.5271342,1.2607195,5.196721,-1.6666126,2.0321295,0.19273882,-3.936548,-0.5362307,-0.8997398,0.25290346,-4.3310423,-9.342246,-1.6167579,7.237526,0.6342176,-20.375175,0.3140883,0.9853839,6.982991,-2.4766026,-0.44842827,-3.4827592,-2.828387,0.05828426,-0.40430078,-15.784126,0.71973544,2.4438312,-1.4357005,-1.8432729,-0.59447736,-0.46298006,1.9230387,19.95736,3.4477768,-3.869562,0.69788086,0.79160297,-2.2121522,1.1003516,7.0537457,-1.0090142,0.60823405,0.73377764,19.809046,-5.598179,1.2664578,1.8154359,-7.849197,-3.0692258,-3.3001487,1.9049803,0.22797476,4.1892185,-17.656704,-8.725508,2.256998,-1.0272328,1.7527951,3.780108,-0.72810036,2.8202214,-15.000527,1.5342203,-3.6405165,-1.8168497,-1.4417682,-17.230072,-0.8292283,-2.4469845,-10.471422,5.637867,1.815047,2.1376312,0.07594831,0.2659155,2.477487,3.5470674,-1.3444357,0.46053338,1.0597451,2.6348302,-2.5412729,0.20095551,-0.22833773,-13.384529,1.5197496,4.8079343,3.4039588,-1.7422465,1.6624553,0.120648794,3.2107284,-0.62357044,-0.5175198,1.6730573,-2.37696,0.59649503,6.500251,0.90978974,10.245027,-4.1720576,-0.10134252,-0.65533704,-1.7432722,0.6587458,-6.5694923,-2.3189356,1.2849176,-0.6461864,0.46934327,-0.094861865,2.016073,3.2802281,-0.38936767,1.0958745,-2.38939,0.22346364,-0.45433727,0.13511781,3.0728502,-3.8533924,-2.0604892,-0.33105707,-2.7495558,-2.4556844,0.013288461,-2.5412362,-1.7713349,-4.9548526,-4.691966,1.8499413,2.0545928,1.6835343,-6.9397836,-1.8117416,24.10436,1.511552,0.29475147,1.7489529,-3.209875,PD,data/Images/PPMI_Images_PD/160040/Reconstructed_DaTSCAN/2022-05-18_14_20_56.0/I1610428/PPMI_160040_NM_Reconstructed_DaTSCAN_Br_20220729124601619_1_S1151384_I1610428.dcm,160040,Validation,SC,60.4,IA88483,SCREEN,06/2022,0.0,0.0,0.0,01/1962,1.0,,,,,,,,,1.0,0.0,0.0,0.0,0.0,0.0,0.0,1.0,0.0,06/2022,2022-06-23 00:00:00.0,2.0,123I-DaTscan,05/2022,2.05,1.88,0.88,0.73,1.53,1.2,Yes,,,0.36810302594329414,-0.42533202856212693,0.24061904426883754,0
2.6484485,-23.996363,-0.030504478,-5.710213,-2.2681775,-2.6365678,0.9068995,0.51485574,-2.3779728,-3.7033594,-0.7725947,2.746288,1.0405674,0.10701953,-1.3193696,15.682349,0.40738836,-1.9047716,3.2119753,5.5818806,0.2864603,-0.8352637,3.3356853,14.787374,0.78482145,2.8745449,-0.9003901,-0.8114254,-0.13592497,-2.5642705,0.82765657,0.86804926,0.54718715,1.8978872,2.2703521,2.6630135,0.6628301,-0.50271773,-1.3136226,-0.09125084,-1.7457829,0.3353068,3.2994788,-18.026949,0.16563135,2.7636917,-1.6370145,-0.32245862,6.6934686,1.126642,1.6585621,0.47473955,-2.685826,0.81911737,-0.9013512,1.4391308,1.9435662,2.636305,-1.4266636,0.78701055,-0.25981894,19.131306,4.679719,-0.056872286,-7.313566,-1.4228783,-2.2532842,1.7318403,-0.77342343,0.3422717,1.6149057,-9.978018,-0.32607472,2.0330598,-0.1651031,-0.897608,3.9071867,7.8161583,0.018993344,0.44116914,-1.3566227,-0.9174473,-0.9568472,-3.6649547,1.3841524,-9.056256,4.733517,-0.8411481,1.3833277,3.2159798,-0.5724117,1.0403447,-3.0083973,-4.987103,1.1440822,-2.5211508,-9.683392,-1.1812533,2.7374072,-3.1690698,1.2267154,-15.103193,1.900971,-0.34171003,-0.86266464,0.086794175,-1.6773236,5.346293,-3.00593,-5.7098727,1.1516489,3.05545,-2.7307785,-0.7719442,3.790829,1.3089725,3.1695628,1.2535282,2.1006634,-1.1763515,-0.100026675,1.7114778,-1.162948,1.9432513,1.8800161,-3.0498283,-2.485038,-0.5765421,4.0766063,-2.9283173,-22.05097,-3.2349072,-0.8500299,7.510975,-1.9290174,-3.003205,-2.9032025,-3.5099096,4.6888537,-4.3234215,-12.906966,0.047042936,2.1371775,-0.5223017,-1.9272447,1.3287314,4.814175,1.7737684,20.313408,3.1803102,-4.710919,4.083052,2.9005842,-1.5637263,1.1012647,6.7542644,0.08290653,-0.5397857,-0.6483677,21.171045,-0.05267599,-2.607536,3.3252277,-3.0741057,-5.2079906,-2.9833455,0.4001294,-0.57895494,0.28832802,-11.797647,-12.54743,0.08442594,-0.12526037,0.58083344,1.4366589,-0.17608826,2.0768092,-15.364722,1.1522559,1.0635928,-1.1477612,-2.7261825,-15.524647,-1.6104673,2.2645905,-11.602678,10.2323475,-0.7462665,-2.5366585,3.6770136,1.3582144,1.4345127,-0.2166974,-0.61235225,-4.6309805,0.38082957,1.1935662,-2.6377785,-0.11957959,-2.9615285,-6.8299236,-2.4765496,0.16374591,8.723667,0.54734856,0.020186009,1.0312082,3.8695543,-0.70408887,4.967204,0.44754305,-5.0399127,1.3401914,9.938238,0.3354769,6.75087,-6.218781,-1.0562956,3.1090546,2.0832648,-0.041632272,-6.1210003,-1.7763984,1.7911445,-2.2761765,-4.8747277,-0.607815,2.8523033,2.7314303,-0.47057003,2.2823446,0.9741378,-0.6933822,-1.29616,0.5891952,-3.7545261,-1.3524493,-3.898193,-1.1182096,-4.0567665,-1.0534064,2.0093267,0.5323519,1.5596015,-2.5725484,2.2834756,-0.33114973,1.5449102,1.3857801,-11.470877,0.36324465,20.628271,4.4055176,-0.024679868,-1.7731304,-2.6069365,PD,data/Images/PPMI_Images_PD/160235/Reconstructed_DaTSCAN/2022-06-15_13_08_10.0/I1610429/PPMI_160235_NM_Reconstructed_DaTSCAN_Br_20220729124627033_1_S1151386_I1610429.dcm,160235,Validation,SC,64.6,IA88170,SCREEN,06/2022,0.0,0.0,0.0,10/1957,0.0,0.0,,,,,,,,1.0,0.0,0.0,0.0,0.0,0.0,0.0,1.0,0.0,09/2022,2022-09-08 00:00:00.0,2.0,123I-DaTscan,06/2022,2.59,2.83,0.95,1.51,1.69,2.25,Yes,,,2.856904095588543,1.1222330474898945,0.4423737895256533,0
0.409335,-22.16892,4.9854555,2.256982,0.029915668,-8.867259,0.061499685,-0.9190358,-1.2570578,-5.7105927,-2.1031463,-0.24220406,-4.7075753,0.8355313,4.6101155,17.27332,1.1983311,-3.1260502,1.6742834,7.590254,0.6173419,2.5475388,-3.075704,16.723082,0.9299464,3.905425,-0.9093633,0.9678689,0.4171296,-0.31081495,-1.5474262,-3.9536042,2.9681802,4.0516005,4.433064,3.525773,3.4338303,-2.384424,-1.1621708,0.8282093,5.228219,-2.4392533,-1.8722056,-15.2491865,-0.14498113,-2.649368,-3.2617538,-2.9115283,6.1837344,-0.6101995,1.006888,0.8931105,0.30922237,5.7458997,-2.6158178,3.6842048,4.5336633,0.70803595,0.17024596,4.2015815,0.026677888,15.071853,9.952817,1.470317,-3.0475805,0.55262506,0.28191876,-2.987155,-1.869909,-3.2276745,0.8156414,-9.107497,-2.3838434,2.3490205,-0.472951,-5.0608473,-0.9040682,8.506141,-2.0820744,4.446186,-1.9550974,-4.6512365,-1.8136067,0.36833087,1.104634,-5.0166616,4.106115,0.28943193,5.7063394,-2.3992577,-2.3463235,-1.3764722,-0.6404254,-6.5399604,0.4070619,-2.3771553,-11.96406,-2.2424798,4.140684,-0.25941375,0.05011589,-7.1551886,0.11016545,0.17321739,1.3709421,-3.2263513,0.028635936,5.237824,0.30539298,-1.9439692,4.9063425,-1.4799719,0.5860732,-1.6951932,-2.1647537,-7.24397,6.5284166,5.920174,-0.28426105,-1.7510096,-1.155886,1.339013,3.0109594,-0.32039943,5.109793,1.7065805,-2.2346375,0.5987704,4.510731,-1.0965009,-17.142445,-3.1705194,2.005322,0.3544108,-0.19469932,-2.0190442,-3.0797484,2.489687,-1.615404,0.029457947,-8.9227085,0.06616409,2.6601233,2.2419531,-3.8470018,-1.4220905,6.4148254,-0.88198656,18.460283,-0.30505532,-1.7621467,0.7031239,-0.54601574,-2.5215116,-0.7420407,11.483229,-0.7284013,1.4301689,-1.7279308,13.355694,1.8997593,2.1984258,1.9089909,-6.861888,-4.493089,-2.2447126,-3.112521,1.3590264,0.849898,-7.123866,-9.562488,0.25614265,-0.7805725,5.586134,2.6385612,-3.0471027,2.672677,-18.829313,-3.810559,-3.5465949,2.5915868,-5.5249095,-15.546236,-2.0960333,4.241376,-16.082096,8.396456,-1.479499,-2.1852574,2.9194,1.6469431,3.082596,-1.2316449,-1.789461,-2.2853398,-1.7491426,-1.9318243,2.1840518,4.2312646,-2.2835407,-8.37789,-1.7028108,-0.097248636,8.700149,0.20714292,-0.3931335,0.64411986,0.83354217,0.93923926,0.84284526,-1.8479946,-7.2984114,-1.3554485,8.760081,-7.751785,8.167284,-8.388119,-4.611112,-1.9550829,-0.43298355,1.7334898,-3.7793338,2.4127629,4.276214,-3.0436852,0.6389113,-0.39741617,-0.6662638,0.7353597,0.7081657,-1.0566478,1.7153215,-0.25661525,8.135293,4.6438746,3.0294805,-0.24118443,0.72884953,0.61920583,-3.8944232,-2.5513487,3.185363,-3.452982,0.71075106,-1.4020697,0.70481646,1.7214562,-1.2309663,4.845728,-7.620608,0.82140315,28.136889,2.469801,0.3954686,-0.20232767,-1.5238931,Control,data/Images/PPMI_Images_Cont/160821/Reconstructed_DaTSCAN/2022-07-13_14_04_15.0/I1615963/PPMI_160821_NM_Reconstructed_DaTSCAN_Br_20220825134221334_1_S1155185_I1615963.dcm,160821,Validation,SC,70.4,IA88291,SCREEN,06/2022,0.0,0.0,0.0,01/1952,0.0,0.0,,,,,,,,1.0,0.0,0.0,0.0,0.0,0.0,0.0,1.0,0.0,07/2022,2022-07-22 00:00:00.0,2.0,123I-DaTscan,07/2022,2.6,2.63,2.01,1.8,2.22,2.16,Yes,,,4.123382912380649,-0.1181292664325675,-0.9466612669138073,0
-0.82297456,-19.880455,-1.3370863,-4.18932,-0.2491096,1.1308718,-3.084759,1.2775915,1.2981235,-0.5108165,2.9880276,1.9550838,-0.42460555,4.850015,0.1575102,12.924885,-1.9394535,0.90220135,0.17995566,8.892802,1.0462304,-5.368103,-3.6554513,18.488815,1.6072217,1.8474847,-0.576908,-2.8784938,0.17142329,-1.3268664,-0.8655991,1.7035404,-0.4584146,-0.7514018,3.2299306,1.4029881,0.13819562,1.3954365,-0.8691642,1.4113909,-3.6998508,-3.3829641,3.2248814,-14.253332,-6.2346244,2.5937777,-3.285261,-2.6827297,4.9789395,1.4951445,2.0964522,1.6155461,-1.0774726,2.615022,0.64671457,-0.21505621,4.146788,-0.039880574,-5.5837207,3.9891913,-3.472391,17.463228,8.1117525,3.8540144,-5.2261257,1.322267,-3.8013508,1.6241828,1.3352561,-0.7834627,-0.68586683,-10.753588,-0.9636733,4.1454034,2.3899822,3.127916,1.561529,8.182498,2.3837767,0.9326559,0.027764725,-0.70326555,-4.4505877,-1.1852013,2.1840844,-4.7027917,-0.11160503,5.770763,4.215867,1.5366225,-4.6587925,0.5279193,-2.0413017,4.7708325,-0.09868071,-0.85746896,-11.0411215,1.0239109,1.4181371,-1.1149452,-0.8951242,-8.572596,-1.085277,-7.089437,0.6584964,-3.069245,0.5645886,8.112074,-3.4443269,-4.0646706,3.6926446,2.0755153,0.6115185,-2.0845659,-1.3945013,0.57389015,-0.83399713,2.0526323,-0.71879125,-1.420605,1.7763393,0.5689869,4.5845933,-0.64073414,0.50954586,1.0876553,-3.2166097,2.3612027,10.734986,0.11472304,-19.340769,-3.3225963,-2.5264928,2.8393548,-0.94589007,-0.101316944,-4.4416537,0.6791994,0.5738531,-1.4060501,-18.093016,-1.2296014,1.8906891,-2.33357,-4.0035634,0.3022929,0.35114655,0.06677011,23.798325,2.0680175,-4.7329445,-1.1468235,-2.282915,1.0963482,-1.9410267,2.5260103,2.767498,4.090672,3.07594,17.166761,-7.7672668,1.2290624,3.1190262,-2.8812752,-2.4152932,-4.4600763,-1.7497563,1.3043686,0.35038006,-19.715746,-12.136461,-1.409042,-5.8849607,0.13792339,3.2836976,1.15593,1.783338,-12.843743,3.401918,-4.7148795,-4.3808546,-6.6469946,-12.739315,-1.8464237,0.41310906,-8.053672,7.204012,4.702819,-3.775489,0.14630087,1.4097798,-0.78399414,1.5554503,2.7445364,-4.2786884,1.2578759,-7.2240386,-2.2883182,-0.09472827,1.1765043,-13.146229,2.0887892,3.138723,8.0228815,0.92821705,-0.6902331,-1.3291755,2.2554045,-1.9456328,-2.653651,-2.211551,-2.7685475,2.837488,6.224438,0.029653689,8.998472,-5.281554,-4.0233808,-4.981794,-2.8061812,-5.1508,-5.263718,0.05768535,1.4865139,3.7400277,-0.64475983,-1.9787694,4.317172,0.55947614,1.5935903,5.7977405,1.5412076,2.9869657,0.008252747,0.8499789,2.3426142,-6.1967745,-0.21796158,-0.38613385,-8.067746,-3.8281233,-2.960055,-3.5005114,0.3394033,-2.2703612,-0.116725795,4.9605103,1.9919666,2.7863305,-7.3763633,-2.8101456,16.069061,-1.6107677,0.62260526,1.1236742,-3.5881944,PD,data/Images/PPMI_Images_PD/162941/Reconstructed_DaTSCAN/2022-08-19_13_18_31.0/I1620043/PPMI_162941_NM_Reconstructed_DaTSCAN_Br_20220913113625227_1_S1158708_I1620043.dcm,162941,Validation,SC,62.1,IA88376,SCREEN,07/2022,0.0,0.0,0.0,06/1960,1.0,,,,,,,,,1.0,0.0,0.0,0.0,0.0,0.0,0.0,1.0,0.0,08/2022,2022-08-23 00:00:00.0,2.0,123I-DaTscan,08/2022,1.76,1.25,0.91,0.53,1.2,0.82,Yes,,,-0.8441847689867659,-0.8806688398596478,-0.2531121239798102,0
0.24875894,-15.740482,-0.92901844,-6.9460487,-2.9270778,0.10082305,-1.7410866,2.9845974,-5.254107,1.6647806,-0.19800904,3.64318,-0.49693367,-1.297912,-1.0195544,12.09959,-0.3219142,3.2180119,3.1139536,6.7287817,1.9179516,-1.8233141,1.6920255,16.489805,-3.3706334,5.225373,1.0671792,0.13815413,0.6249037,-4.5258245,3.9363482,-0.0051518185,0.07016181,-0.055834565,3.9262667,2.9755797,1.458204,0.9567943,-4.3523746,2.4888756,-0.3093258,2.6936688,0.23948814,-16.110863,-3.9348247,1.9733479,0.9752023,-3.3845322,4.4170794,-1.7840301,0.88395125,0.0052225376,-2.9834158,3.778085,-1.3176699,2.64602,0.9592269,1.4300267,-2.5220666,3.0065424,-2.2619667,16.683432,10.58999,0.61797845,-5.4393377,-2.885057,-1.3616462,0.009646818,-1.4120135,0.032469466,1.3540581,-6.094455,-1.1330665,5.2113633,0.7891043,-1.7129581,3.303159,5.553298,-2.2383568,-0.11723801,-0.19110419,-2.6771827,-0.86348784,-1.9867034,4.9349174,-11.82497,2.1605093,0.38625985,-1.8733485,0.014333771,-1.3251628,3.6335576,-2.9875376,-2.690724,3.1127028,1.3269581,-12.60172,-0.47613806,-0.19009776,0.17904837,0.14201017,-13.112208,0.69358295,5.955374,-3.2534742,-1.2086748,-3.0924327,2.7981272,-1.8722012,1.2342443,0.45710757,1.0249596,-2.6152356,-0.19198012,2.0955184,2.6522553,1.6733166,3.723071,-3.2678838,-3.082043,-4.379349,-3.0326276,1.5380334,1.0243461,-4.523726,-5.827375,-9.542458,-3.0461683,9.26268,1.8115721,-16.9118,-1.3242218,5.988198,7.22303,2.6553552,0.02279298,-5.1441054,1.4498069,-3.3646746,0.5853983,-17.303455,2.8740509,-1.9478114,-0.8711555,-2.8484619,1.1200478,8.961097,2.722835,19.65825,1.7472962,-0.8952411,2.676422,-3.5250869,0.37677172,-1.2970937,4.9799643,-4.3202963,-0.97098756,3.0799184,15.5315,-1.9007149,-3.6229591,-1.1387669,-6.0427537,-7.5309067,0.38864654,-1.2284143,1.5325134,4.2456126,-11.9819,-12.581902,-0.39712033,-0.26807928,-0.60525745,4.316786,0.5013431,-1.8915033,-12.881057,0.040715836,-3.8992908,-0.5600412,-2.6337504,-17.567019,-1.6937104,1.0433408,-7.747384,6.3604393,1.1199014,1.1160936,1.8611804,1.9822271,0.8254043,0.5584817,-1.4188523,-3.5742621,-2.4642644,-0.8083062,-3.434365,0.35431057,-2.2743914,-9.228773,-0.7974997,0.86455065,9.249692,-1.3773094,-0.2865158,-0.33820996,-0.36650854,4.273937,3.5151045,2.5106406,0.69904405,-0.23252326,12.407982,-1.787378,5.8346143,-4.723912,0.01701444,-3.1072621,0.97467464,-1.3332043,-7.8343687,-2.129403,3.1787713,-2.1942818,-1.2252246,-0.16456588,4.9081554,2.4402676,-1.1643101,1.3234854,1.3602792,2.1897054,3.9779773,3.312936,2.5609562,-4.024308,-2.0864878,2.2049837,-4.6492634,-1.1233703,-0.0022928193,2.1006289,1.2304326,-1.0444921,-6.051265,3.9442005,-0.21538201,6.0868406,-8.194565,2.037452,17.000555,0.07233927,-0.5829347,0.1533058,-2.0795078,PD,data/Images/PPMI_Images_PD/162994/Reconstructed_DaTSCAN/2022-07-19_13_21_43.0/I1615973/PPMI_162994_NM_Reconstructed_DaTSCAN_Br_20220825134323606_1_S1155197_I1615973.dcm,162994,Validation,SC,50.5,IA88854,SCREEN,07/2022,0.0,0.0,0.0,01/1972,0.0,1.0,,,,,,,,1.0,0.0,0.0,0.0,0.0,0.0,0.0,1.0,0.0,08/2022,2022-08-19 00:00:00.0,2.0,123I-DaTscan,07/2022,1.21,2.27,0.48,0.99,0.77,1.41,Yes,,,-0.38480329768278615,1.5082909729258418,0.021831143091652183,0
1.0595084,-15.687302,1.0554446,-2.0162497,-2.8697307,3.9592016,-0.17893529,-0.19659609,2.0925531,-0.3116256,-1.3689874,2.372914,-1.555164,2.6005313,0.17012274,14.433022,-1.2776033,1.6053274,0.52712137,10.272554,-1.1198856,-1.9164907,-0.43092826,17.646852,0.1541831,1.554761,-3.1153002,-1.9667088,-1.4979476,-0.19119862,-3.338041,3.0522852,-0.87412494,3.6081192,4.097186,2.255629,0.77177024,2.5783262,-3.7019942,-0.0938427,0.69083405,-2.2874434,1.5441313,-20.915415,-2.2537782,0.91239876,-0.34649065,-1.620893,1.8133652,1.70687,0.31595752,3.5872858,-1.9967215,-1.0399891,1.8774331,0.86427814,1.7254764,2.0947578,-1.4394758,4.022506,0.2808818,19.869318,6.129691,-1.0177922,-7.5117245,2.275218,-2.0379393,0.46441516,0.18714769,-0.32158902,-1.1774482,-5.3348207,-2.1413107,5.8587823,2.4929476,0.39275464,0.93774635,5.3923855,-0.95854086,2.3241177,0.691577,-0.12571989,-1.3023821,-8.531093,2.6207929,-4.2290273,-0.4865887,0.9407876,1.9007273,0.8092378,-4.243094,-0.8101157,-5.463634,2.533521,1.104537,-3.0465348,-12.183546,0.12955746,-1.3469043,-1.7626055,-1.1075861,-7.187446,-3.2603655,-2.8486733,3.3886454,-2.8450334,0.7426141,4.3797407,-2.1675944,-2.6934924,3.385662,-0.5198443,-0.06975484,0.40193367,0.54291147,1.4124715,-3.6783655,0.25626984,0.8341274,0.2847348,3.1132557,0.4317754,-0.033625647,-1.2922488,3.1701016,-1.3367451,-7.377036,0.8695394,8.744725,0.7274533,-20.558014,-3.661178,-0.7590347,3.2906234,-3.7833412,0.27774313,-6.309229,-2.9358444,1.0393773,-1.4507034,-17.670275,1.8176684,-1.640414,-0.3394197,-2.991051,2.8260639,3.6724527,-0.37738836,15.856425,5.598224,-2.8397615,-1.3475691,-0.7651019,1.7075828,-2.4272316,7.065533,-5.0265326,-1.3894455,1.0854459,16.302557,-4.7707214,-0.48013633,7.0001774,-9.415678,-1.1957853,-0.2718512,-5.4962106,4.812938,-1.4118497,-13.50541,-14.43852,2.612786,-3.4055712,4.502846,-0.55977464,-1.69858,2.7785828,-14.346343,-0.17136377,-2.1064765,-0.3902449,-3.42383,-15.425026,-0.6426664,3.5470011,-16.31285,10.182686,2.3304207,0.49204957,-0.55799603,3.3939695,3.1773624,1.5247324,2.9012825,-5.1643205,0.42701748,1.0146638,1.5576584,5.1463084,1.2290641,-12.032829,0.28565556,-2.821384,5.4157333,-0.0046656914,3.2608974,1.972445,-1.0892317,0.87013257,2.9467201,1.581322,-0.84585655,1.6366618,9.192763,-1.1178076,9.670457,-7.4723654,-5.109649,-0.99828714,-0.10917528,2.5464053,-6.8020935,1.7209935,1.9619426,0.1503807,-1.8740938,-2.287193,2.3815384,2.1061702,0.34714234,2.1654906,3.3691664,-3.4033449,1.7731335,-2.370144,3.790234,-5.6379747,-1.1170769,3.1785727,-2.1170485,-5.9532022,1.8324826,-1.6279392,0.65842605,-4.4649024,-0.17916177,-1.0205117,1.5810767,1.8049957,-5.2810407,0.047328748,17.342955,2.3198361,-0.48780242,0.18320689,-2.5036187,PD,data/Images/PPMI_Images_PD/163459/Reconstructed_DaTSCAN/2022-08-17_13_58_14.0/I1623688/PPMI_163459_NM_Reconstructed_DaTSCAN_Br_20220928100405785_1_S1161431_I1623688.dcm,163459,Validation,SC,66.2,IA88657,SCREEN,08/2022,0.0,0.0,0.0,06/1956,1.0,,,,,,,,,1.0,1.0,0.0,0.0,0.0,0.0,0.0,1.0,0.0,09/2022,2022-09-14 00:00:00.0,2.0,123I-DaTscan,08/2022,1.53,1.3,0.76,0.49,1.05,0.84,Yes,,,-1.1943494302591797,-0.5125141582350458,-0.21183660529386622,0
1.5783527,-11.790858,2.9945672,-0.678946,-2.9828386,7.882963,-0.18025476,-1.8348908,-0.6056685,-3.270363,-2.5248628,-2.1168745,-6.0018973,5.1786838,1.082864,11.869733,-3.8774333,2.6808345,-1.9772338,4.371026,-2.7709255,0.88742423,-0.04405005,19.602377,-1.4286867,2.7530854,-1.0502,4.209062,3.4023123,0.1814469,-0.4756435,-1.4226505,2.5325506,1.6803843,8.733413,-1.8996888,4.087981,8.335206,0.6773847,-0.01222733,4.001751,-5.1079116,2.599775,-12.359655,-6.20948,-1.7457106,2.4992032,-3.106971,4.290175,0.60998607,0.4368244,-0.23895523,-4.406723,3.0657067,4.149024,4.682818,1.2331203,2.3643708,5.768959,4.796558,-3.1735365,17.400229,11.0335455,5.81372,-7.382248,1.3569427,-1.9431362,0.116070084,-4.7718306,-2.6408553,-0.44415468,-6.83563,2.160934,12.161274,1.0866475,-2.4525714,-0.740966,7.006526,-0.97884107,-1.8065091,-2.2592235,-2.8232222,-0.15113866,-0.22108665,5.5402117,-2.7116587,-0.834515,4.1566396,2.298355,1.5661622,-0.83004755,-0.18627274,1.7303795,8.294937,-1.3124523,-4.474641,-14.184594,0.51307255,0.26614502,3.1041782,2.9496725,-11.546047,-1.7061679,4.6695895,0.3789207,-2.0303965,-0.10962082,3.1520257,-3.2578535,-8.600008,3.1639814,0.99237996,-1.4746121,-1.8854861,-2.87628,-0.48159227,-4.403851,3.3232691,-5.7294073,0.60578084,2.5497992,1.7779366,2.8114603,0.4671305,-1.5776538,-1.153768,-7.4129634,1.0404817,7.427772,-3.7027714,-15.421275,-1.2744174,-2.5663006,2.172073,-2.4927247,-4.1523876,-4.1438756,-0.5929931,-1.5221783,-3.1099684,-11.640765,-1.2695603,1.2655263,0.19071819,-0.46420318,2.252081,6.4048476,0.29763094,12.439867,-0.8996784,0.011431875,-0.51567316,2.950761,0.5241081,-1.9421237,6.1010785,-1.0827913,0.00402803,4.5373416,11.099026,-1.9201766,-4.858968,-0.4854006,-5.9058714,-0.43098477,-1.5598508,-2.6626906,6.117168,2.4725175,-14.139495,-15.756706,-2.2957413,-2.1795168,7.334701,1.8493068,-3.8531764,2.4337556,-9.642315,1.3612633,-6.9038615,-0.58989596,-8.571688,-10.841793,-0.63505363,-0.5573953,-11.116633,9.234116,2.9851074,-3.3294246,3.1086466,1.6891412,-0.7245415,2.894482,-4.343618,-6.8862147,-0.49698815,-0.06405129,-1.6470078,5.9501395,0.78608626,-10.716563,-2.1093714,0.09628511,6.9472,-3.5081022,0.9950357,-1.6425596,0.662554,1.7405901,-2.7185714,-1.2434438,-2.2856708,1.8214927,11.984169,-1.2109624,3.59665,-2.307003,0.015115744,-4.4431477,0.26668894,-3.4707298,-5.3990116,3.0947435,2.1013894,1.2643714,-4.359447,-2.3311493,1.3932432,1.3268001,4.8990345,0.11294109,-2.0301614,-1.1437436,1.7106855,2.5038013,4.1812906,-2.261399,-2.1423283,2.6425645,-6.6922293,-2.5628974,1.35184,-0.061897743,-1.2693942,0.71519834,-0.08239014,4.8850265,-2.7775028,9.704909,-3.5712998,0.8303074,16.299513,-1.0285484,-0.27470282,1.2811558,-3.864667,PD,data/Images/PPMI_Images_PD/163791/Reconstructed_DaTSCAN/2023-01-03_14_18_10.0/I1665812/PPMI_163791_NM_Reconstructed_DaTSCAN_Br_20230213204132304_1_S1194000_I1665812.dcm,163791,Validation,SC,70.9,IA212208,SCREEN,12/2022,0.0,0.0,0.0,02/1952,0.0,0.0,,,,,,,,1.0,0.0,0.0,0.0,0.0,0.0,0.0,1.0,0.0,12/2022,2022-12-13 00:00:00.0,2.0,123I-DaTscan,01/2023,0.9,1.07,0.32,0.37,0.65,0.59,Yes,,,-2.6263932993007737,0.0578168700646596,-0.3208508360964208,0
-2.112851,-9.0063505,3.489268,0.6373319,-0.43747878,4.6227646,-2.3975375,-1.5000429,4.4029107,-2.499165,-5.4527755,4.911004,-2.582211,1.0780003,-0.5207144,12.956123,-0.81046724,-0.437502,-2.1093318,3.609927,-0.1120684,1.7651466,2.2922971,19.23713,-1.3007649,7.058582,-2.215795,-0.4236824,-2.0212045,0.5440717,-1.6255585,-1.829264,0.7657805,-0.11577382,0.5835447,-3.6921973,0.86889094,4.794359,1.2000133,3.2421434,-2.6091003,-1.5980464,-4.226586,-12.59688,-0.34903723,0.8803315,0.2164847,-3.864844,7.766406,-0.7241182,-0.89669275,-3.9888153,-3.9230917,-0.6660245,3.5585525,2.9669573,0.31454453,3.196856,0.38673472,3.994993,-1.8961471,12.218251,10.107093,-1.6795487,-5.8667817,-1.6274693,-4.3433146,0.847084,-4.31841,3.186007,2.511638,-13.902624,-0.36426803,10.869835,-1.5074452,0.17554206,-3.1587856,10.108922,0.13488607,-1.4901124,-0.08933383,2.2164671,-1.7949185,-3.8989758,3.391401,-6.6233797,0.79316545,-0.54829395,0.40629157,2.1312292,-0.7644904,3.8449945,-6.4633055,6.5085044,-2.9868617,0.48135787,-10.634939,1.1712193,-2.2935042,-0.69240737,-2.6967928,-10.375345,2.142494,-0.5098938,2.592282,-2.791812,-1.5224766,5.124203,-2.6621227,-7.120517,2.614019,-3.5480404,-3.446162,-3.3758495,4.2707424,-4.0223217,-3.5494862,-1.7134739,-0.16997986,-5.6035247,1.8587807,0.54089314,4.4684634,-3.2173095,2.8980885,-0.29639745,-4.7119684,-0.50054705,8.82819,2.7027013,-12.650226,-2.9527736,3.8843,5.7404814,-1.018819,-2.202136,-5.2370653,8.733271,1.1745877,-1.8281584,-12.640331,-0.39782542,3.544303,2.4371448,-3.0097022,2.7698874,5.975093,0.09881204,20.492043,5.421884,-6.142557,0.12335362,2.5171616,-1.1347634,3.8015635,5.3699145,-4.3243427,-0.52464175,-2.7834785,11.128332,-3.865949,0.5762782,-2.967362,-5.9077444,1.0803641,-0.20150907,-4.0368176,4.040558,-1.4372021,-11.120842,-16.62177,0.09159134,0.9794067,3.2034655,2.0246358,-4.5297503,5.049069,-11.265849,3.5759697,1.0646518,-4.8268714,-2.7389245,-9.927155,0.08366117,5.135026,-13.4525,8.030302,-1.7300115,0.43116137,6.867702,0.9475437,1.7613119,-0.4339902,0.5859049,-7.5806503,5.2825108,-2.0976417,-2.4497788,3.6662488,0.12545432,-17.0079,-6.849403,-0.45572057,7.5549197,-4.1700687,2.9015791,1.0345095,0.6631529,-0.057262115,-1.3291082,0.8270254,-1.9554658,3.0333025,14.413872,3.095817,5.62374,-11.125473,-1.3989662,-1.2832088,0.1766829,0.3966354,-10.873496,6.967256,-6.234919,-6.203474,2.9206817,-1.0820614,-0.6385821,0.8067417,-0.31054384,-1.4080756,-3.5345716,0.2469009,2.3625147,4.977372,-2.983159,-1.7513992,-0.11915392,1.9940678,-3.4795988,0.17724578,6.78575,-1.5877762,6.189247,-8.07702,6.4687624,4.818452,-9.156743,4.189151,-8.415264,5.639614,18.676157,-5.925894,0.6877959,6.43236,-0.1541212,PD,data/Images/PPMI_Images_PD/165932/Reconstructed_DaTSCAN/2022-08-23_15_02_39.0/I1636167/PPMI_165932_NM_Reconstructed_DaTSCAN_Br_20221027113941781_1_S1167976_I1636167.dcm,165932,Validation,SC,62.5,IA87760,SCREEN,07/2022,0.0,0.0,0.0,02/1960,1.0,,,,,,,,,2.0,0.0,0.0,0.0,0.0,0.0,0.0,1.0,0.0,09/2022,2022-09-23 00:00:00.0,2.0,123I-DaTscan,08/2022,1.26,1.44,0.44,0.57,0.85,0.85,Yes,,,-1.5927484264038783,0.20115499158684932,-0.09336184993557876,0
-2.3065972,-18.595444,-0.3883816,-5.725353,0.2982922,3.538067,3.0810235,3.642764,-4.161657,-1.3783605,-0.9729859,-0.26632547,-3.0501325,-1.2814468,1.8876339,12.946936,-2.9695024,1.507571,0.4096246,12.219455,-2.65217,-2.097855,-2.0956106,16.658833,1.3505731,2.8109524,-0.90182805,-4.5340586,0.08242466,-3.3462715,4.116847,-1.4738351,0.74776,3.4180257,3.1607716,3.4563289,2.2664785,-3.3530705,-0.11789065,-2.278441,-1.5107763,1.1667956,0.49993542,-18.654005,-2.7828753,0.5828064,-0.34044084,-2.1826615,6.8917155,-0.33284137,1.8635024,-1.1343541,-2.3088975,-1.64053,0.22733428,4.9088187,0.9265584,1.5086447,-1.045931,0.27701426,-2.4996924,20.65613,9.819486,2.682436,-7.236148,5.3409376,-0.19486256,-0.394964,1.8227569,-1.1944758,1.7965376,-4.0948925,0.715516,8.49921,-1.3383132,-0.034976497,3.8933315,9.13602,-1.3544611,-1.4173554,0.8541804,-2.894034,-2.9247065,-3.916746,2.9513013,-5.5438333,2.276104,-2.101986,-3.4957042,1.018788,0.83423036,-4.094723,0.40778223,0.078341804,-2.5086293,-1.6283153,-7.426446,0.109973304,2.3010776,-1.7062478,1.5933964,-13.178232,-0.26431003,1.525183,-0.97949684,-1.4157048,-1.3111248,2.4395437,-0.6815798,-2.111569,-0.31331965,-2.032281,-1.3731339,0.93009543,2.1162472,-2.0089006,0.30781832,2.9818351,-1.179337,-4.0339427,-0.7225709,0.6533073,0.20609574,-0.838181,-0.094250195,-3.0131881,-6.061583,-4.259541,8.395568,0.65585005,-18.396362,-4.9957776,1.6286452,7.549819,-2.9814935,-4.587242,-2.428188,-3.0578117,-0.076405935,-2.944679,-15.4033985,1.2188532,2.3063002,-3.3501303,-0.15697691,-2.1527858,4.2904463,0.30799,21.684977,-1.2805294,-0.6072588,3.2486124,2.9023194,-1.865806,0.46773526,9.514651,-5.1823997,1.2126261,2.048183,14.981003,-0.5086941,-2.2905602,3.059109,-3.2420363,-1.9962852,1.6967162,-1.6204685,2.4224632,0.17162423,-15.236716,-13.990695,-2.3705776,-0.045877572,1.8104802,3.7855213,-3.504484,3.317724,-15.210093,1.090641,-3.2551677,-1.8121841,-2.9422593,-15.535458,1.7183341,2.0793207,-11.867286,10.272696,-0.14471915,0.6411665,2.552512,-0.55665016,0.07747281,0.1283667,-0.18651053,-3.793762,-1.2656043,2.3348708,0.80876404,0.610206,0.59942514,-12.347971,-2.9498746,0.44489995,12.491022,1.0635122,2.6730146,-3.4649897,2.4254801,-1.141145,1.931825,3.0220013,-2.1413538,4.6565313,15.825863,-1.2487768,7.931354,-5.966545,-5.133197,1.8316786,0.91755193,-1.0084763,-4.8966227,2.2314913,0.78752744,-1.6137692,-1.851595,0.5674823,0.013132194,-0.40685564,-1.605149,2.0195684,-1.5301814,-2.9164095,-0.399728,1.840366,0.3580833,-3.028136,-1.0024078,-1.5752062,-3.743852,-1.9338505,5.9434743,-0.6438547,-1.0277097,-4.891748,-0.87443453,-1.2757986,-0.9338271,3.2092142,-12.118383,0.039407406,16.142128,-1.6085749,-3.1273074,4.5699744,-2.8104866,PD,data/Images/PPMI_Images_PD/167129/Reconstructed_DaTSCAN/2023-04-05_14_51_54.0/I1697977/PPMI_167129_NM_Reconstructed_DaTSCAN_Br_20230508142927421_1_S1220942_I1697977.dcm,167129,Validation,SC,63.8,IA253154,SCREEN,04/2023,0.0,0.0,0.0,06/1959,0.0,0.0,1.0,0.0,1.0,0.0,0.0,0.0,0.0,1.0,0.0,0.0,0.0,0.0,0.0,0.0,1.0,0.0,04/2023,2023-04-06 00:00:00.0,2.0,123I-DaTscan,04/2023,1.12,1.87,0.48,0.95,0.82,1.34,Yes,,,-0.7298721673771904,1.20330683390385,-0.32684528912921595,0
1.9801971,-18.569271,2.0015619,-1.9553548,-2.7765057,4.782651,0.22136238,1.151468,2.6961353,-4.2823386,0.46845052,-0.17390443,-0.56869817,2.4937365,0.5756469,16.806644,-0.2720691,0.13588932,1.2232387,11.769725,2.048371,-0.8899834,1.7492567,18.35517,-1.5526013,2.132209,-1.5021331,-0.47651324,1.263918,-5.0736923,2.1612983,1.3857675,-3.350647,-2.1835225,8.829981,1.3611879,-5.128183,1.453165,-4.919936,1.0373958,-1.4651659,-1.5552588,2.074735,-18.496946,-9.256653,0.96655613,-0.23236613,-0.29318586,1.0182307,-0.85109794,0.8061814,0.66626203,4.7028255,1.7286172,-2.4009569,-1.1466684,0.24858029,1.9933761,-2.7590017,-0.33336756,-1.3575504,20.184175,7.965848,-0.15374184,-7.5552206,2.1367893,-3.544382,1.4686035,0.8824646,-0.30752942,-0.18656403,-4.3447556,-1.3265653,5.918362,1.8537245,-0.25245145,1.868191,4.638194,3.8105748,5.4825735,0.9342213,1.350922,-0.75784534,-1.4094921,4.727469,-9.511804,0.6898776,3.2856839,1.8798888,3.370084,-3.093585,0.040903058,-3.1161442,2.325694,-0.7898281,0.80938095,-7.5080695,-2.6900787,-3.2633176,2.8829987,4.4162483,-12.98188,-2.968873,-1.3030623,2.8180778,-2.3273754,1.9002036,6.2240167,3.173005,-4.6856823,4.04431,2.7686515,-1.7837248,0.46503848,-0.81357527,1.543823,-1.3640463,1.9559542,-1.2855185,-0.6204399,0.20309587,-1.9360803,1.8574307,3.7148137,-1.4067277,-1.526788,-7.036821,-0.37033495,8.903621,-0.63543856,-21.502834,-2.2428284,2.7934442,7.9303417,-1.2733926,-0.91186035,-6.8586984,-2.545557,0.115958415,0.27509677,-18.805573,-0.6219339,-2.0017877,-1.6044806,-2.3611636,-0.18511777,-1.5332062,-0.09908352,17.405346,6.6930685,-2.2299652,1.5937728,3.5304017,0.1351885,-1.5959163,2.9494357,3.0636594,-2.4121063,1.6189309,17.970484,-2.2749999,-2.1500936,0.40267858,-5.835065,-3.1609964,1.2259997,-1.8024821,-0.4830689,-1.291789,-13.161941,-12.427858,0.054347314,-2.8412704,2.4515755,0.22081459,-3.9877489,4.570843,-13.381686,0.8335792,-4.3552876,1.301085,-9.27268,-15.897573,1.2593225,-0.5574448,-10.661799,7.5326757,-0.31549037,-1.9577035,1.9922972,3.7307377,-1.4443748,0.6738215,3.6265852,-2.5408359,3.3281667,3.589033,-1.4754323,2.3242586,0.6890549,-12.883793,0.96676046,4.490992,4.723808,-0.24197148,3.2926896,0.71911144,-0.020260142,-0.9913827,3.202397,1.6849215,-2.0923872,0.017450502,8.02395,0.02952995,8.840833,-3.9660544,1.06694,-0.09609786,-4.943043,-0.13644783,-6.8094015,3.4702375,1.2469907,-2.0617027,-4.1711135,-0.16796394,2.038975,0.13045867,2.7038248,2.262242,0.47747874,-3.6589816,-1.9278618,1.7448983,0.20264173,-4.104553,-0.120623045,-1.8110114,-5.9351835,-3.9663045,-1.9817778,-2.9490235,4.2017875,-4.0552325,-0.5469944,-0.56856805,-2.1400347,3.2786276,-5.594172,-1.6695187,18.30454,1.8308431,0.985322,3.5031447,-0.44997704,PD,data/Images/PPMI_Images_PD/168306/Reconstructed_DaTSCAN/2022-06-16_15_18_35.0/I1620045/PPMI_168306_NM_Reconstructed_DaTSCAN_Br_20220913113649726_1_S1158716_I1620045.dcm,168306,Validation,SC,69.2,IA88173,SCREEN,08/2022,0.0,0.0,0.0,05/1953,1.0,,,,,,,,,1.0,0.0,0.0,0.0,0.0,0.0,0.0,1.0,0.0,09/2022,2022-09-01 00:00:00.0,2.0,123I-DaTscan,06/2022,1.21,0.98,0.72,0.4,0.99,0.64,Yes,,,-1.876612138949406,-0.6804474151871953,-0.5629455348788273,0
-1.2239453,-3.5599022,2.255146,-10.537064,-3.2827206,0.2344473,0.17495677,-1.1973038,7.9818983,-2.1680431,7.611202,-0.6675704,0.8619227,-0.39960828,-0.07248829,17.294167,1.488743,-1.9173142,12.714778,8.326074,-3.5148551,-3.2394261,0.021747254,12.939603,0.037068907,-1.0759863,-0.65462816,6.1905727,1.6545675,-3.538083,2.2806685,-5.8464923,2.9094536,5.188676,-5.6785865,2.1451921,-0.6139711,10.363788,-4.9297557,0.18047129,-4.8488674,-1.1966783,1.4833128,-3.0753956,16.465483,4.4880652,2.1821785,-1.5958779,5.3483796,-0.17839797,2.910053,-1.3923805,-4.0514684,0.37283933,-4.4729714,1.5770934,6.059004,0.63876545,0.17328516,2.0810683,-1.273626,16.47588,-1.801659,1.3702633,-11.33305,-0.16631095,5.064916,5.597778,-2.7237601,3.3105342,-1.0880505,-18.002607,-1.84434,3.6333332,5.3934507,-1.3593359,-0.032203853,3.6675026,-1.4126657,-4.3742504,-7.1938915,-5.0419836,-5.6356726,-2.527334,-0.07743496,-2.4968286,-2.863223,7.8334093,3.2618155,0.31981558,-3.126924,5.9453206,-2.617829,4.602262,-4.4350157,0.5514125,-5.4261327,-0.18264799,1.8469068,-0.10612063,-2.2518196,-17.616692,-5.761466,4.492273,-7.698301,-0.38111258,8.218022,-5.0424514,-4.528069,-11.079111,2.09074,3.0577297,-5.221072,-3.0363781,5.284462,3.2218752,-16.915638,10.867519,-1.2136328,-0.92355394,-1.2816541,-3.5642774,0.932728,-0.33889046,1.0070463,0.4539435,-9.165931,-6.647307,5.994562,1.5901623,-15.273334,1.613308,-0.8740976,-0.8759955,0.16417652,1.8493084,2.958848,-1.4681005,4.305329,-1.0786263,-12.820941,-4.890403,-8.944349,1.5118783,2.8759575,2.4260309,11.251168,4.0869813,13.4133835,-0.32000816,-0.19162425,2.8322525,3.6624417,-2.344495,0.051084343,2.524332,-2.3704772,-2.5033514,-1.3222233,9.858269,-5.1904225,-0.8130628,-2.3675609,-0.23056962,-6.777923,-6.02381,-3.483328,2.4713633,2.5086155,-18.23235,-14.797562,3.0128338,-3.50385,3.525303,7.2882323,-3.3864722,2.7025359,7.852504,3.066181,1.821081,-3.2233276,-2.735506,-11.368679,3.9516125,6.125191,-6.6862483,4.421388,-9.017696,4.5666327,6.8844743,-5.2217197,2.2105868,0.28998938,1.4294885,-5.9746003,0.94738674,0.637386,-2.7069004,1.3177841,0.77429134,-3.2337577,-2.5277495,-1.3745908,7.71775,-3.0024152,3.1318924,-5.4543076,4.6185384,2.2397897,-0.9117758,0.23320943,-4.525217,1.3784629,7.9590793,2.0451255,2.5666986,-2.9756532,2.1403706,1.1690114,3.6762035,-0.5053853,-8.739982,3.4764285,3.127173,-6.113695,0.91555506,1.8454202,3.996445,0.6659388,-3.2857904,1.2341149,0.092770875,1.6846117,0.22247866,6.8350596,5.9033413,-4.5439286,-5.81848,4.048127,3.0499876,-6.093108,-7.9689755,0.772824,3.1162648,3.1120164,9.149016,0.54354066,3.454848,1.2042415,-8.523552,2.6743646,33.01887,7.8013506,14.8544235,2.8861802,-15.902204,PD,data/Images/PPMI_Images_PD/170472/Reconstructed_DaTSCAN/2022-09-21_13_36_27.0/I1644669/PPMI_170472_NM_Reconstructed_DaTSCAN_Br_20221123112001625_1_S1177828_I1644669.dcm,170472,Validation,SC,54.6,IA87179,SCREEN,09/2022,0.0,0.0,0.0,02/1968,0.0,,,,,,,,,1.0,0.0,0.0,0.0,0.0,0.0,0.0,1.0,0.0,10/2022,2022-10-24 00:00:00.0,2.0,123I-DaTscan,09/2022,1.72,1.98,0.74,0.62,1.38,1.22,Yes,,,-0.06130024295464972,-0.04306075989569259,0.3065765282019263,0
2.7901235,-26.938498,3.09752,-3.952246,-3.1333497,-9.840485,1.3718003,4.031378,-1.3532802,-4.2114444,-0.622005,-0.48521748,-4.349331,4.8801217,2.0076156,13.050473,-0.5417119,-0.16258654,4.8748813,5.451681,-1.2440494,2.953097,-1.4682888,13.912154,5.7220316,7.3792315,0.1142534,2.4747486,-0.1116598,-2.6389675,1.2998589,-6.369065,0.28777084,5.33803,3.8713713,10.702304,2.9819865,8.216592,4.5324445,1.1423289,2.032614,-5.269998,2.4465463,-18.631073,1.1798558,-4.500064,0.67581743,-5.7291207,6.473262,1.1259006,0.8194689,-2.2299922,-0.02323699,3.0812585,-1.1778381,-1.4007882,0.49467945,-0.843465,-2.604676,8.572842,1.7930214,19.351099,5.806916,4.290501,-12.749043,-0.20932597,-2.8183668,-1.1647315,-0.41138858,-2.0496206,4.2026806,-7.9476852,-3.0231764,-4.9255004,3.1568234,-0.8243349,-4.6641116,7.9251795,-0.47924498,-1.549012,-2.8732316,1.7401404,0.37709022,-7.627983,1.8882586,-10.466404,4.2895613,-1.4187359,7.715708,2.106153,-4.582541,0.41093957,-0.31233454,-9.312406,-3.4967878,0.7297932,-15.68031,5.4225035,2.3355467,1.2293967,-2.2309701,-6.845027,2.4601676,-4.8599873,-0.44761947,-1.799314,-2.2258708,5.096494,1.4080939,-0.25783134,2.9265883,-4.6727943,-1.2501402,-2.4063694,1.91787,-3.490545,6.0862894,2.2554348,-2.97483,-2.7076037,-2.230447,-1.0185976,0.19662955,-0.48591015,5.1867433,-1.6736244,-0.63839716,-2.881538,8.578036,-0.15987493,-17.798872,-2.4929683,-0.015504362,3.9748988,1.6513209,1.0670166,0.67649317,0.75679666,-1.0986534,-0.3978003,-13.243689,5.3359065,-0.10398477,2.0574517,-3.5241747,0.13439445,4.61597,1.0646336,13.753124,-0.25556982,-0.6116365,-5.710955,-3.0960996,2.557244,-3.0850084,13.679462,-0.85524154,-0.84382516,3.194257,15.94288,1.8302326,3.1218517,-0.88928133,-3.7076244,-4.33191,-0.8105115,2.1378343,3.5121953,1.0449768,-3.8089974,-9.562639,0.9622579,0.037759636,1.0479888,4.790757,1.9599135,2.3928216,-17.737543,-1.6131102,-3.406429,5.4615893,-4.9100423,-22.205189,1.7786138,5.90388,-12.469956,6.2789803,-3.105598,-2.60024,1.6284375,3.4781632,1.2778943,-3.692638,-3.687886,1.2645228,-1.9803319,2.1084564,3.437186,2.16202,-3.563207,-7.5141244,-3.0900173,-3.5195186,2.7341619,3.0584095,-3.6669726,-3.780973,1.0468678,2.4690192,0.6675713,-0.02604867,-9.86005,-1.7966387,5.076592,-2.4314392,7.1485863,-4.6159043,0.43025047,1.3564743,-2.7295625,1.6027172,-6.7576904,2.1573138,-0.9995914,-1.4262916,-5.2287243e-05,-2.9677691,-0.65207714,2.676185,-3.4096668,-4.2921667,3.3510003,3.1185591,5.720481,5.8202643,2.353316,-1.136463,-1.0261006,1.208994,-2.211239,-4.896825,-3.7717087,-1.7837187,1.6350763,-0.88557315,-1.1560824,2.0643778,-1.9237818,1.5579784,-7.3909707,-0.4580652,28.416553,3.4308982,4.1827483,-2.4799871,0.4009896,PD,data/Images/PPMI_Images_PD/171001/Reconstructed_DaTSCAN/2022-09-28_13_50_14.0/I1632122/PPMI_171001_NM_Reconstructed_DaTSCAN_Br_20221019121614473_1_S1167984_I1632122.dcm,171001,Validation,SC,63.0,IA87355,SCREEN,09/2022,0.0,0.0,0.0,10/1959,1.0,,,,,,,,,1.0,0.0,0.0,0.0,0.0,0.0,0.0,1.0,0.0,09/2022,2022-09-29 00:00:00.0,2.0,123I-DaTscan,09/2022,2.52,2.56,1.83,1.81,2.19,2.25,Yes,,,3.9454274549097996,0.13779893387520606,-0.9277763070230275,0
-4.927736,-19.093544,0.36056283,-1.0713035,-4.5205035,-16.397505,0.98559994,5.4961987,7.596524,-4.5501847,4.569259,1.2279507,-3.098845,-4.323507,-4.04921,10.836499,-6.1232038,-1.9893407,10.095001,12.673308,-4.297785,-1.8117123,0.73093295,13.783399,0.84728837,-3.5970597,-4.572193,0.8211901,2.9799185,5.058753,3.5623732,-5.531258,7.08707,0.62075716,9.720796,5.2224956,-9.223217,7.825977,0.4999508,-1.7430334,-0.5935045,-1.8085283,-1.6693352,-10.341711,8.107669,2.5416725,4.055712,-2.1830099,7.978061,0.53650016,0.004293061,-1.5980326,-2.1657212,6.017159,1.6262403,4.6797547,3.1364758,-3.914537,-3.4064012,-8.03474,1.1771944,22.282433,-4.699565,-9.544341,-7.313686,-4.8543363,5.233544,-1.771438,-3.2079096,-2.2631474,-0.7711031,-11.954069,-6.725891,-5.5381613,7.9502134,3.973829,2.4221032,6.5775204,-1.2885835,-3.8000371,-2.0114224,-5.3049746,-1.3595879,1.9191912,-4.3447943,-10.151583,-7.385238,-1.5150129,7.6408944,2.9415252,1.1251475,-1.2751039,2.2688923,-9.801859,2.6460345,0.15554823,-14.860283,-0.880047,-0.8959904,3.6245081,2.7729094,-11.53484,-10.074335,11.380466,3.2985928,-4.693466,2.936269,-1.3140851,7.43809,-1.9694458,1.0301402,-5.266567,5.3104177,-1.4389931,4.806941,-3.7202861,-0.6634805,6.9908853,1.266859,-0.32952747,3.9787304,-8.853835,0.51624304,-3.327781,3.3469367,-5.0235524,-2.8635805,-10.366612,10.87107,0.19121276,-23.595463,1.6007335,3.2420447,11.046379,2.3316023,-2.633581,-5.255638,0.3775462,2.9687076,-3.0465455,-16.014755,-2.5723941,-5.4829416,3.8704336,-5.2327876,-3.7052639,3.1036053,-4.0491548,15.194817,2.9953969,4.3918505,4.1525235,1.3849132,-5.147085,2.4958105,9.997043,-3.3621092,-5.1912985,0.6036445,22.206944,-2.9735596,1.509235,4.182438,-0.46582603,-7.133293,2.8368237,0.018340131,1.884315,4.3822336,-13.867444,-2.7285576,0.7369301,-4.527446,1.8095874,1.2559296,-0.19259582,5.392427,-3.894304,-0.07788315,-3.137442,-0.11478985,-12.244379,-26.281986,1.9986812,4.864086,-8.537272,2.2938118,-1.0049063,2.755181,-5.31912,-2.71335,0.6654318,-1.456588,4.2340775,-2.0314448,-0.2709277,5.099134,2.883784,3.190699,-5.998692,-5.8205047,-2.8694375,8.923947,1.8616083,0.25398254,-4.768044,-5.893848,-1.698604,7.5832577,0.41666085,8.169154,-6.234282,0.9669728,2.5799859,0.29496998,8.787187,-6.872268,6.146809,-1.1422107,3.4503796,-2.8394341,-4.801589,0.475768,1.1678449,-2.0127623,-0.71403027,-0.30449617,0.05278677,-1.2320187,-5.15028,-2.1349454,4.5404315,4.0231967,7.125948,4.449382,-0.38651162,-5.9025955,-5.1406474,-3.8695776,0.80359125,-1.7611804,-6.45536,-2.970697,0.9278389,-2.2981684,-1.464958,1.7637944,-6.0115895,0.5688976,-10.01655,9.163293,35.209206,1.8475258,7.4969525,2.6891108,-8.041394,Control,data/Images/PPMI_Images_Cont/171162/Reconstructed_DaTSCAN/2022-09-02_12_07_05.0/I1636170/PPMI_171162_NM_Reconstructed_DaTSCAN_Br_20221027114009932_1_S1171105_I1636170.dcm,171162,Validation,SC,30.3,IA88331,SCREEN,09/2022,0.0,0.0,0.0,05/1992,1.0,,,,,,,,,1.0,0.0,0.0,0.0,0.0,0.0,0.0,1.0,0.0,10/2022,2022-10-18 00:00:00.0,2.0,123I-DaTscan,09/2022,2.67,2.38,2.45,2.14,2.27,2.29,Yes,,,4.771959096546671,-0.32673875518709794,-1.839921793393769,0
-1.9220408,-15.642586,0.34135062,0.7974487,-4.530441,0.8798715,-2.1494145,0.55765635,-2.6960444,-11.283899,3.5994642,3.3275096,-1.5448786,-1.5039628,-2.6063867,11.757658,-1.5414174,-0.9103611,-0.34611192,2.1003983,-6.2957287,-2.299732,-1.7733542,21.23284,-0.62127715,-1.0543927,-3.9492214,2.9303324,3.2131777,-5.3238134,-2.8019395,-7.4472194,-2.3614898,-0.5549674,1.968005,-0.40362155,0.6646845,-0.11711446,-1.2704215,-3.097158,1.5017917,-5.9816794,10.474487,-10.515493,-2.8897045,2.2969384,-2.0561452,2.0662713,4.2909656,-3.7449777,2.8181863,-0.2716897,-10.683814,4.9325976,0.21144854,2.9543242,-1.6354047,0.052979887,-0.78295135,-1.0721593,2.4722028,21.698957,4.156092,-0.8745689,-9.381978,2.927848,2.1154199,0.34954742,-0.28151107,2.2095408,-1.7885603,-5.181775,-5.8913927,13.093911,1.681003,0.0076836436,-0.36936742,14.2224455,-1.440168,-5.4070554,-9.457786,5.894762,1.9848913,-6.125811,-0.01364703,-8.805609,3.3919334,0.033917833,2.5898938,-0.17024036,-0.2150407,5.3911185,-1.0231245,-5.923866,-4.9465127,0.25872904,-14.292978,3.7520974,2.6315658,1.7698594,2.2654774,-7.6452546,-0.22439426,0.3230819,-0.42669678,0.30906245,-7.041684,5.5214653,-0.49135348,-2.942248,0.2889056,1.929415,-3.303036,3.3698213,1.598096,-7.456855,2.3334591,-0.44404915,3.2882814,6.234554,-1.7287751,4.976633,2.821099,-3.0435658,8.4386,1.6971284,0.05903173,-1.5351502,-2.6603456,-2.77267,-10.314324,-1.6947408,-1.3277285,2.2234862,-1.3312811,0.46211413,-9.116183,1.7694321,-1.796312,-6.5997014,-7.676103,-5.353952,-2.1586552,-0.24606416,-1.1270074,-2.1236362,0.94452035,6.9849105,23.242685,-4.481164,-7.5592365,6.1148024,0.4232904,2.1008337,2.0307972,8.849331,-1.66215,-5.987858,0.393475,13.423416,-2.9658031,1.4454569,-1.6674441,-0.80155945,-3.664028,4.33846,-3.0185287,0.6714574,3.0152528,-8.405139,-13.935273,0.60286355,-3.3792124,0.96567094,-0.49813056,-7.3385415,9.526657,-27.020761,0.5709089,-5.3881645,-4.7820582,-6.178665,-8.5456295,6.3576736,2.3176591,-17.09126,14.098471,0.13985494,2.9283636,-2.1056314,-4.862167,0.45455605,-2.1502028,-2.1471295,-2.255478,-0.97253525,5.877053,-7.6176972,1.6071318,-6.3327317,-9.6185665,-4.562053,1.8882923,-0.108273804,1.0460681,-1.7487159,-4.790742,0.4889807,-0.16496783,7.465927,-6.6355,-7.73013,5.16895,3.8029912,-3.490368,3.9051385,-8.933166,-6.923083,2.3863766,-4.6431546,-3.0025754,-7.706421,7.0143347,2.082662,-3.6877902,2.095891,0.5510944,-1.2826326,0.14227852,-4.912075,3.1737666,-4.1945047,-6.901716,2.7342353,1.641096,6.570084,-1.8064035,-3.0452359,1.396571,-5.3249264,3.387995,6.8785357,4.391216,1.8007216,-1.3255867,-1.9476786,5.10022,-4.3813057,-3.6268377,-2.8469768,1.4112306,23.924475,-2.186697,-1.2046454,1.7057117,-9.222214,PD,data/Images/PPMI_Images_PD/171801/Reconstructed_DaTSCAN/2022-11-09_14_02_01.0/I1644672/PPMI_171801_NM_Reconstructed_DaTSCAN_Br_20221123112028897_1_S1177833_I1644672.dcm,171801,Validation,SC,77.2,IA87346,SCREEN,10/2022,0.0,0.0,0.0,11/1945,1.0,,,,,,,,,1.0,0.0,0.0,0.0,0.0,0.0,0.0,1.0,0.0,10/2022,2022-10-25 00:00:00.0,2.0,123I-DaTscan,11/2022,2.45,2.63,1.78,1.81,2.11,2.03,Yes,,,3.6853314423426315,0.14378163816881115,-0.8458085825671419,0
-0.88054305,-21.155977,-0.31453913,0.40278402,0.8880784,-1.9849279,2.9413428,-1.8920168,3.589379,-5.811088,0.5183049,1.7816601,-3.4863439,2.4061806,-0.67115885,21.428095,-3.9604692,-1.8053236,2.0045133,5.7552223,-3.4662478,3.098337,3.4006763,16.474863,1.2929446,-1.7271678,-0.7972246,-5.668104,-10.252833,-4.8187933,-5.4664645,-1.4304571,-7.694615,-1.6427556,4.6915007,11.1347275,1.069056,1.4898176,3.126852,-1.1158044,1.8485878,-0.9900022,3.1557896,-16.705645,-2.4292376,0.3461878,-1.4348956,-0.77902746,9.640931,2.3937626,-1.6849501,-4.375117,-3.35239,-5.3875203,0.016854927,-1.0462008,6.7039037,-0.15353362,-2.1065106,6.8963647,-2.765978,27.728018,2.5431774,-3.287746,-7.9581447,0.024712604,-5.4367027,1.9533042,-0.8862326,6.2436275,3.5767338,-7.9003553,-3.9349728,-0.19001968,1.6522369,1.217915,-3.160677,10.966584,-0.49006793,1.5069065,-6.0785794,4.489629,-5.433088,-4.953851,2.5404022,-0.25979093,1.1681666,2.126419,-0.46192062,-1.5697656,0.25491956,-4.3901916,0.63550633,-3.845212,-2.0224626,-5.3075438,-12.806417,0.99150217,1.0346022,1.7408375,5.264685,-8.216522,-0.68849856,-4.3290014,1.3769736,3.6954014,5.3397417,3.1537795,-1.8048395,-4.0130453,5.4718847,5.8144007,-4.6944366,-2.251585,-4.392335,-2.5418196,-1.3604678,-0.027487542,-1.8765614,-1.6125754,-0.96427023,7.4803705,3.1227698,-0.9357127,6.271328,5.1581817,-4.276604,5.8170896,2.2943978,-1.278277,-16.755247,-3.410255,-3.7082355,7.6462145,1.1855975,-3.4629266,-8.297808,7.0829186,-2.5314333,-2.7312028,-12.498262,-1.4586143,-2.196496,1.4826345,-3.1576474,4.0792723,3.6358395,1.2338938,17.926035,-0.5482959,-6.361311,2.3942356,3.5463414,2.3915322,-1.1629517,9.922887,-3.1175437,-4.0377603,0.10811709,21.995707,-4.775348,0.8537041,-0.932346,-8.822374,-1.8119881,-2.0558255,-1.8196597,-0.07904507,-0.7080201,-13.653919,-7.5454364,-1.3424702,0.34250847,0.57752407,-5.2453594,0.026976248,5.677113,-13.191982,1.353132,-2.359645,-0.11786416,-5.3069496,-19.871393,3.6374075,-0.7504598,-16.413927,6.267628,-0.11072335,-5.0080748,-1.6812876,-1.3994974,1.3100492,-0.7959972,-4.999985,-4.6081233,-3.141339,-3.4777496,-0.080552995,1.6954582,-2.1761644,-11.442483,-0.18082178,2.6773474,3.7642179,-0.35563174,2.107182,1.7218754,0.2439894,-0.16737543,0.9270469,-4.1962786,-7.120657,-0.79235303,0.38057083,6.4545736,12.328694,-12.170027,-3.30691,-2.1134555,-5.5286274,-2.8438363,-6.3718605,1.0941626,-0.7616143,2.7728746,-0.3737181,1.8106774,0.40090764,3.467434,2.3522074,0.99298525,2.0550225,0.26216736,-0.44374126,1.8317999,4.324611,-2.08024,-0.78743374,-0.7928615,-7.0665593,0.6682226,-3.3175008,-1.7719247,0.59001565,-3.190934,-0.08641738,2.5119977,3.1769335,4.2192054,-2.631187,2.5661356,24.96723,0.5628948,4.585994,-0.07552355,-2.3687248,PD,data/Images/PPMI_Images_PD/172354/Reconstructed_DaTSCAN/2022-11-02_12_36_25.0/I1644674/PPMI_172354_NM_Reconstructed_DaTSCAN_Br_20221123112046527_1_S1177836_I1644674.dcm,172354,Validation,SC,68.7,IA88532,SCREEN,09/2022,0.0,0.0,0.0,01/1954,1.0,,,,,,,,,1.0,0.0,0.0,0.0,0.0,0.0,0.0,1.0,0.0,10/2022,2022-10-19 00:00:00.0,2.0,123I-DaTscan,11/2022,3.31,2.27,1.21,0.83,2.13,1.48,Yes,,,2.3359107170198583,-1.277617038213033,1.063777362168402,0
1.6433343,-28.944036,3.3065345,-2.9585564,-0.9651348,-15.086891,1.5573933,3.4296513,-2.9729624,-3.184509,-0.73617357,3.9822032,-6.278711,3.881722,1.696981,12.741837,-1.283357,-3.4693255,-1.6074606,6.5933437,-6.6882496,-6.25456,-1.8555038,14.12473,2.446072,4.040208,0.8956654,-3.406343,3.767445,1.0855983,-0.7561558,-8.469246,3.7151203,-0.6174641,-2.1766837,3.679986,6.0573325,7.1816483,5.5623565,1.8156989,3.346599,-1.8990574,-0.9927514,-7.181542,7.4403453,-2.8449204,-0.1815826,-0.7320206,8.329813,-2.5423672,2.7031395,1.924316,-2.0370762,1.2065798,0.28497767,-1.2479465,-4.217072,-0.52547127,-0.4711671,5.4967465,-0.7920517,14.244542,13.226636,1.993506,-3.6180415,-1.8741212,-6.184486,1.6657104,-4.356715,-2.4961982,6.784276,-12.4796915,0.10010819,-2.344266,5.212112,-1.5045037,-0.19999373,10.087842,2.5019343,-1.2394874,-1.0512004,0.27633652,1.8128518,-2.3352365,2.6718183,-11.580248,1.8336533,-1.5356468,1.2603732,3.0449173,-3.105741,4.1061883,-1.2475618,-11.427763,0.13372551,-4.1614056,-11.814616,-0.7161376,-2.0090988,0.19663961,1.5311092,-3.0869126,1.5344732,2.2786884,-0.061443463,-11.794723,-0.8683446,5.107845,4.595874,-0.15087181,1.6462176,0.82723385,-0.8254377,-3.0171678,-3.1181824,-6.0329823,8.59169,5.203542,-4.5265956,-3.2941463,0.69064337,1.9043313,-0.30488834,-4.3379846,2.5720758,3.0496473,-3.6768515,1.7814529,8.7069235,7.257636,-14.784377,-1.9161602,5.9398894,6.0773277,-0.6198697,-4.3228445,-1.5405717,2.122186,-4.113177,2.797744,-10.770734,-1.3477614,-1.7237847,-3.917044,-7.459477,-2.2039115,2.4802,-3.9154124,18.352879,-3.9035969,-2.8024585,-1.4697415,-1.5871657,1.5626811,1.8720992,15.055696,-2.0612342,-3.96278,4.438999,9.028446,-5.979497,-1.0508307,-4.4490185,-4.28951,-3.946183,2.8730922,0.5346151,-0.9091283,3.6479204,-6.9213,-8.730126,3.5953572,-5.2792573,5.3418236,3.374133,1.8955526,-0.6502483,-18.651623,-0.39913338,-3.8371503,-2.3864598,-1.9342856,-17.964642,0.876623,9.504973,-12.459735,5.59201,-2.7296767,2.728132,4.230015,-4.8525286,2.05806,-8.883078,0.12765211,1.1853588,0.70184666,-5.3106017,-1.7297275,3.2658699,0.011560912,-12.176817,-3.6322474,1.6793783,9.063916,-1.4047097,-4.1188354,1.8674333,0.63879037,0.20739867,4.0430026,-3.8461082,-5.108807,-1.4466995,12.311232,-2.8978329,6.62279,-6.042747,-1.4548099,2.2161126,-3.1039765,1.7841457,-11.958369,4.35869,-1.6226187,-6.7042317,-2.5497036,2.1784284,2.3807461,-1.610288,1.5445719,0.40159544,-4.6393113,1.4376159,0.66772854,-2.3575807,0.52870494,-4.3571296,-1.0165093,-0.38310862,-4.2274275,-0.11947985,3.1430304,1.9850034,1.3844129,-5.7743297,2.2710822,0.17641154,-3.840566,2.310281,-9.968637,7.0536838,31.115705,2.0071063,6.119192,-5.8711286,-4.1257286,PD,data/Images/PPMI_Images_PD/172378/Reconstructed_DaTSCAN/2022-11-03_14_26_33.0/I1652913/PPMI_172378_NM_Reconstructed_DaTSCAN_Br_20221227214856605_1_S1184421_I1652913.dcm,172378,Validation,SC,71.4,IA87763,SCREEN,09/2022,0.0,0.0,0.0,07/1951,0.0,0.0,,,,,,,,1.0,0.0,0.0,0.0,0.0,0.0,0.0,1.0,0.0,10/2022,2022-10-13 00:00:00.0,2.0,123I-DaTscan,11/2022,2.87,3.36,2.26,2.19,2.64,2.52,Yes,,,5.809122371765597,0.24170882482106815,-0.8225545153727442,0
-0.6868529,-17.959618,-0.7437874,-7.2999525,-1.5815045,5.0345817,-1.0835246,0.77860576,-7.282965,-12.684328,-1.6089933,0.2857907,-2.0015037,4.1260705,0.3651596,10.1838255,-3.416909,-3.635626,3.0624993,4.5605674,-4.8788815,-0.7804288,-0.33062977,17.381128,0.40809125,4.7529464,-1.0337858,4.374515,-2.3527007,-3.8275118,5.432861,-4.971248,-3.6323953,0.117708616,-2.417936,2.260438,1.5861926,3.7941701,0.25460058,-3.1649714,-3.0589173,0.7208645,8.130836,-11.165377,-7.106047,3.9908075,3.090431,0.36968002,4.489631,4.502474,4.068211,-4.4447675,-1.3918476,-2.0236552,0.50913656,2.9671648,1.0924307,1.8201923,-4.247944,6.694261,-0.70220083,18.036798,15.914731,1.6997559,-7.300232,-0.31204507,-2.4111142,4.7353168,-0.24652456,-2.7811604,3.7400079,-7.1112943,0.8544573,10.164766,1.750213,0.12891658,0.8162312,4.306753,3.5494936,-1.6900939,-3.3997498,-0.113013335,-2.3200212,-1.433423,3.8042815,-6.1734476,5.7272162,-2.4299264,2.1599922,4.633324,-0.45517376,0.61436826,0.6758127,4.3305373,3.6770093,-2.3871813,-7.3986864,0.4624454,4.959921,0.070880964,1.9154816,-6.1694427,1.7316619,6.8135424,-0.3344084,-4.919678,-1.1279545,-0.067357436,-3.8031886,-3.7080076,2.2600205,-0.036232207,2.3000095,-5.8499966,1.03948,-4.952183,-2.829445,1.8984383,-4.769147,-0.3533958,-2.2305634,0.7606754,0.31222782,-1.4377728,-2.1960425,-1.0637715,-5.6761303,1.0478482,4.2590194,-1.286076,-11.252071,-0.73252577,3.0346725,5.111369,-2.6463237,-5.612758,-1.7423468,-0.7675425,1.2813975,-3.5012267,-9.872569,2.2232473,0.31003976,0.2071118,-3.1911705,3.9326499,9.1971,1.6362338,20.020857,-0.36084625,-9.175753,-0.6757653,1.2549652,-2.9897225,0.93076444,1.7311497,1.3781656,-2.191151,0.26596183,4.5883517,-2.7651534,-1.3269007,4.260507,0.23764792,-7.5497174,3.6024952,-1.7526947,1.0169919,1.786417,-12.253167,-18.295612,0.61247313,3.5768151,-0.97928774,4.6374283,-3.9590724,4.9431615,-13.615079,-2.8618746,-4.0970874,-1.7198573,-3.0966034,-3.6339965,0.16835931,4.590603,-14.149016,8.341765,-0.8442265,0.32900771,2.8545625,5.1673965,1.2909927,-2.2214143,0.44819915,-1.4009999,0.22356647,-2.922185,-4.978952,-0.44517395,-0.68309593,-11.742342,-3.5887127,-2.014363,5.832744,-0.06694354,-3.418081,-1.0144403,2.577503,-2.0685377,2.0072863,0.77467227,-4.089995,-1.124567,7.1218166,0.74113643,2.7585511,-2.7609768,-2.2324378,3.8129153,-0.29274842,-2.2114167,-3.9224842,2.8209784,4.5701904,-7.5267906,-3.393777,-3.4374204,-3.578222,2.7900724,1.6113689,-0.10670358,-7.0947595,2.3416324,2.167571,8.084223,5.569861,-7.226948,-0.11893133,-1.5597826,-3.1464744,-1.6695514,-1.477752,0.7311991,0.56697685,-1.3976408,4.188635,5.5870466,-1.0101306,3.147545,-1.7872972,2.8388312,12.715794,1.7637812,-0.30071574,-1.0978416,-5.748284,PD,data/Images/PPMI_Images_PD/172776/Reconstructed_DaTSCAN/2023-01-10_14_17_49.0/I1665819/PPMI_172776_NM_Reconstructed_DaTSCAN_Br_20230213204355431_1_S1194037_I1665819.dcm,172776,Validation,SC,73.1,IA207111,SCREEN,11/2022,0.0,0.0,0.0,12/1949,1.0,,,,,,,,,1.0,0.0,0.0,0.0,0.0,0.0,0.0,1.0,0.0,11/2022,2022-11-28 00:00:00.0,2.0,123I-DaTscan,01/2023,0.77,1.48,0.18,0.72,0.46,1.09,Yes,,,-2.0419845451590004,1.296413931755562,-0.36794707628451895,0
0.27238488,-23.706038,5.957347,-2.7270763,-4.154447,-7.574594,2.7328446,3.139778,-0.40282425,2.6553955,1.0114968,1.7559541,-4.636185,3.4613922,0.77877647,16.029285,1.1402278,-6.833904,0.08223443,8.487119,-3.4672887,-3.1741786,-2.805785,17.373621,-2.0686746,0.073093005,-2.741848,0.76238006,3.4023328,-4.4337263,0.044944003,-2.717041,-0.1901369,-0.17782614,9.108815,0.9448619,-0.5478487,2.3102918,-0.7632157,1.4495112,0.8985101,0.004757997,-2.1856258,-14.223383,2.9626071,-3.7237623,0.39400366,-2.4574037,0.010515098,-0.82371795,-1.7189852,-1.3513799,-1.8601674,1.3656512,-1.8041437,-0.06775687,4.660974,1.9252075,-2.863237,5.69716,3.8157117,16.640514,3.0894508,1.3882481,-1.7748272,0.21247095,-1.2780292,4.923,-2.5733263,0.22530614,-2.8788831,-9.32604,-2.276589,-3.6119049,4.042087,-0.25546518,1.1742905,10.752168,0.3835628,0.7313373,-3.048494,-2.8754873,-2.5392475,-6.160102,6.283583,-5.296347,1.7282215,0.23095815,1.9773308,-1.6766067,-1.5272393,1.3014781,1.3327338,-11.436878,3.5706074,5.1934395,-11.526266,0.10965244,-0.667288,-0.9934479,-1.5752923,-17.89783,0.31794208,3.1973011,3.8412244,-5.7491264,-2.5241647,-1.2455369,0.25386977,-6.738949,3.7864664,-0.02704296,-0.020022709,-0.14091548,0.26353666,-2.610946,0.6030377,4.4525623,3.6134126,-1.2485727,3.5017054,0.92538214,1.0908625,-1.7562004,0.59446585,5.272609,-1.2640591,-0.78985316,3.8791058,-1.6475906,-15.133336,-0.061936423,-3.0381691,4.7250395,1.911314,4.2486267,-5.0256543,-4.9741797,-0.7493113,-1.1631436,-20.488873,-4.2605257,-2.3429193,-2.7785885,-3.6844208,0.8503801,0.46316472,0.7813152,22.371204,0.16490789,-2.3547873,-0.77309513,8.423853,-3.75464,-2.627923,10.538422,-2.547328,-8.909351,1.6031787,16.61659,0.06568509,0.057596855,1.4583992,-6.0092273,-2.9557483,2.6184678,-1.5730968,1.9376208,-0.5777122,-15.793698,-9.221167,3.1517491,4.5157113,3.778895,0.6456359,-0.8106891,5.3930116,-12.990907,4.0476074,-3.895754,-0.9346758,-0.67199236,-20.53586,-2.8633986,6.718648,-16.317623,10.614796,-1.410292,-2.5070183,-0.9603673,3.4280634,0.9978552,-0.54352355,-1.2041364,-2.5518818,0.5866537,-1.6977143,-0.6392486,4.618878,-3.7185972,-7.9812274,2.4050782,-1.8392104,7.0808244,-0.6808293,2.7332592,0.3063023,2.0863292,-1.5133312,-0.9888768,2.084916,-3.251154,2.4436247,5.890613,0.7608846,9.187524,-12.214924,-0.38346377,3.9406304,-1.954471,1.2804233,-4.3951845,4.1860967,2.3730793,0.6775897,-4.4831758,3.1329782,0.050218116,-0.13984005,0.6601359,2.9778457,-1.442565,-2.5849316,0.960763,4.743083,5.3831205,-0.7246189,3.758818,1.2674974,-1.3882053,-3.7617066,0.6583544,-3.216718,0.0027710847,-0.8487215,3.3810248,4.6427517,-4.954008,-1.608858,-9.047195,-0.56796545,33.147373,1.2193102,-2.328434,-1.6749051,-3.0228267,PD,data/Images/PPMI_Images_PD/173475/Reconstructed_DaTSCAN/2022-09-09_13_49_40.0/I1665822/PPMI_173475_NM_Reconstructed_DaTSCAN_Br_20230213204458802_1_S1194040_I1665822.dcm,173475,Validation,SC,60.9,IA213505,SCREEN,12/2022,0.0,0.0,0.0,07/1962,1.0,,,,,,,,,1.0,0.0,0.0,0.0,0.0,0.0,0.0,1.0,0.0,12/2022,2022-12-16 00:00:00.0,2.0,123I-DaTscan,09/2022,2.6,2.83,2.39,1.77,2.59,2.57,Yes,,,5.087465789394617,-0.3034495076836855,-1.1639625597290368,0
-5.403077,-22.471508,3.0567586,2.0416613,0.9460437,-2.0289817,2.4507754,7.9349556,-2.4613712,-1.5499959,1.0786475,3.4635394,-2.7541618,-2.2321012,-2.9649396,9.734228,-0.2059842,0.34887847,-3.0781357,10.569541,-1.9414738,-2.5124187,-1.1478907,18.560167,-0.75730526,3.4201844,2.7317924,4.4531474,-3.5659628,-5.9217157,6.538463,-1.1001123,0.5354355,-5.8616133,7.911399,1.814932,-0.10822714,5.4193125,1.9914206,1.1033005,-4.4455633,-3.1045818,2.6295009,-16.114832,1.7523049,2.5945592,-3.7929122,-3.7083423,12.471779,-0.23158409,1.8340331,-0.752283,-1.1633074,-3.0115817,-5.0432067,-2.86527,1.215974,1.8944999,0.0599636,1.9591844,-0.9502521,19.239523,1.9277326,3.4360604,-5.347089,-1.3605858,-2.7065053,0.06655117,-2.0327442,-1.2985406,3.8110013,-13.959467,1.2062596,4.469559,-0.4245982,4.6867027,7.1568136,8.92501,-2.993098,3.8451755,1.2230616,-2.7970304,3.1924376,-1.8299496,1.3991252,-4.712677,-2.7652967,0.4506664,-2.8013816,1.0394791,0.18210365,2.3262012,0.9042908,-2.9910944,0.005149972,-1.6279062,-11.6670265,-0.4636862,-1.360068,1.120156,0.9548564,-15.548018,-2.4732442,0.25278667,-0.4622133,-7.7937193,0.72561336,5.563639,0.4172369,-3.8053348,-2.3323164,3.5131373,-2.6954448,-0.59725314,-3.6072671,0.40112853,4.522154,3.5008755,-0.79278785,2.4603474,1.9123164,0.31390882,3.4717238,-5.2593284,2.9137626,-3.8276672,-3.2280838,5.492826,4.688467,0.41969702,-23.021893,0.39189622,-0.30430284,11.895435,-4.8345957,-11.775042,-3.055947,-0.1722772,0.5367182,-3.5127385,-14.007797,1.8935106,-3.3577776,-2.0558264,-3.1139755,-2.172124,2.8095558,-0.3003074,22.471264,2.860984,0.37710613,7.7890763,1.4064583,-1.2144734,4.659879,6.445601,1.5815521,-1.0759771,1.5336318,17.104445,-0.88568527,1.330679,1.5868349,-1.6682787,-1.5441618,-2.6024287,-0.16742274,3.3035119,-0.34138158,-11.468107,-13.207693,-1.9502765,-1.616911,0.033011377,-2.4841669,3.103326,3.7891717,-12.704846,0.29095384,0.1629472,-2.5844843,-7.829014,-11.558429,2.0963852,1.3078135,-10.657485,7.5928,0.0078773815,2.0260296,1.3491365,-0.9713375,0.9972698,6.205792,-0.06881178,-5.157129,1.98378,1.469234,-1.6177627,-2.8474886,-4.624016,-11.716921,1.0826472,3.2525077,8.27046,2.8014157,-3.04616,-0.74548817,0.6763839,-3.9052453,0.6038991,3.3672132,1.2060575,4.1440005,10.039703,-0.5483205,7.1659117,0.87939733,-4.503576,-3.7442856,-1.4789588,-0.055542774,-7.0091515,1.3842996,2.2969768,-1.1779219,0.55301183,-0.12437165,2.3231914,0.6433512,-2.824929,-0.86750144,-1.4888673,0.15778778,-0.260446,2.8806307,-0.38282147,-4.9952645,-3.3770394,-2.5028067,0.11006717,1.0359033,5.396564,1.4567827,1.9716641,-3.5507944,-5.5074644,1.3955736,-2.234129,1.4222175,-10.362927,4.240865,22.03754,-0.9625132,1.4547343,4.7237372,-4.814963,PD,data/Images/PPMI_Images_PD/173487/Reconstructed_DaTSCAN/2022-09-30_13_18_58.0/I1632126/PPMI_173487_NM_Reconstructed_DaTSCAN_Br_20221019121717359_1_S1167990_I1632126.dcm,173487,Validation,SC,70.8,IA88378,SCREEN,09/2022,0.0,0.0,0.0,12/1951,0.0,0.0,,,,,,,,1.0,0.0,0.0,0.0,0.0,0.0,0.0,1.0,0.0,10/2022,2022-10-03 00:00:00.0,2.0,123I-DaTscan,09/2022,2.24,2.16,1.25,1.36,1.61,1.8,Yes,,,1.9631828072850135,0.2498682307796047,-0.4204357521042918,0
2.231086,-23.842813,-0.26597536,-3.5974343,-3.0068212,-7.200087,-3.0035946,0.6049571,-1.4370466,0.51209164,0.7056989,-0.78585213,0.48144695,-1.1240548,-2.3294134,12.823515,1.2508887,0.30764088,-0.53377074,5.1310787,-1.7598368,-2.9257412,0.59079933,16.334597,4.1823025,-3.2616465,-1.645455,-1.7627758,2.4065413,-5.269488,0.9663246,-4.0799694,-4.5045695,-1.208085,-0.51073414,4.0176654,-0.3354055,0.6232227,-1.655437,2.7302961,-2.7700288,-2.2472649,4.304207,-14.876041,-3.9517524,1.669618,-0.26749817,-4.042003,9.153247,-3.332855,2.2814856,-4.171647,-4.5767136,-0.6047762,1.6691265,-1.0009907,-2.8541224,-1.7659074,-1.4740287,3.260729,-0.49461874,26.693657,6.939048,-1.6889973,-8.89376,0.80876595,-2.7581959,1.2077446,4.1243367,5.314196,-1.5851051,-5.498504,-4.1415114,5.7200704,-0.7590414,2.163389,-1.326902,6.450897,-1.0136914,-3.3980172,-3.0160096,-0.2218499,-0.41135898,-5.6140704,-3.0331697,-12.175512,2.5566545,0.032141138,-0.6424373,3.5223434,-1.9472629,-1.0598695,1.0253494,-5.5024524,1.6090176,-4.68484,-8.215681,0.39012656,1.3684466,2.9537287,1.1480755,-10.919882,1.2218707,1.8145232,-2.5558975,-1.8994924,-3.0790882,0.024636703,1.6727054,-0.8079004,2.2699406,3.9002423,-3.3468568,-1.548785,-1.9727955,0.6161142,1.1402234,3.4549284,-4.4122767,1.7361238,0.38424796,-2.0752594,1.1500046,-6.2640743,1.1671828,-4.7871065,-2.6167202,4.2205906,6.8913126,-2.1347263,-20.405651,1.1214159,-0.2377801,7.5074997,0.59166306,-0.17474298,-7.3440056,-1.4194001,-2.127586,-0.079852186,-14.433434,-4.6002126,-0.54627055,0.57991344,-1.7020184,-2.95737,3.1340256,0.4698939,24.589375,0.83323014,-4.1287484,-0.24509722,-1.5150641,-4.948224,3.5342438,13.869721,-1.307123,0.12380082,3.1226203,16.836224,1.3722249,-0.41634297,3.059265,-3.559189,-3.5793564,4.0479317,-0.9704809,1.5250344,8.384595,-11.5477915,-12.180565,0.7585164,-3.862736,4.960661,-3.9570315,0.40226683,4.3808837,-22.76426,-1.740469,-3.1789954,-1.8550366,-1.9382392,-14.619148,2.221323,3.690682,-13.227136,10.019184,-2.2667758,3.82865,2.7890608,-1.317472,-1.156331,-2.4260142,-1.9113562,1.6150244,-4.3507643,1.0152357,-0.3744077,4.344616,-7.599068,-5.326956,-5.276027,-1.4467876,3.1741896,1.4373343,2.8517728,-0.5097983,1.6411486,-4.6219797,1.6627764,0.7309148,-2.3635297,2.1983292,1.4197392,-3.399074,3.4594743,-5.951652,-5.7453027,-0.7834969,-1.4381922,0.44176087,-12.153694,0.061017845,1.3330346,-5.3426924,0.31483984,-3.1069198,-0.499106,1.1733736,-0.19603159,-4.2750607,-4.093331,-1.2247897,0.054482616,-3.4631646,4.6588182,-1.8630608,2.9758193,-0.8763929,0.9397771,0.29471177,2.5296237,0.22228384,0.62234867,-2.467347,0.024790546,-0.38986397,-1.7299105,5.807434,-3.1726856,0.49008328,23.130564,-0.12809806,1.8113012,1.154975,0.7274623,PD,data/Images/PPMI_Images_PD/173722/Reconstructed_DaTSCAN/2022-09-22_15_55_18.0/I1644679/PPMI_173722_NM_Reconstructed_DaTSCAN_Br_20221123112135634_1_S1177843_I1644679.dcm,173722,Validation,SC,74.4,IA88659,SCREEN,09/2022,0.0,0.0,0.0,06/1948,1.0,,,,,,,,,1.0,1.0,0.0,0.0,0.0,0.0,0.0,1.0,0.0,10/2022,2022-10-25 00:00:00.0,2.0,123I-DaTscan,09/2022,2.49,2.64,1.63,1.86,2.17,2.15,Yes,,,3.7702909391079857,0.3481739589924942,-0.7447707700717378,0
0.37900382,-22.111757,5.9813614,-2.3280246,-5.6155562,0.33788577,-0.61137253,-0.32919905,6.248469,-0.23474059,5.34801,-3.1900413,1.6139916,-1.6733202,2.760037,18.329536,-3.4760442,4.618312,-5.473772,6.8639307,3.5581198,-0.7271909,-5.272006,22.87808,8.138805,3.2151632,-1.3676888,-0.075168386,2.8759644,-1.251157,2.7493255,-0.2525939,-3.0800326,3.5697548,10.993122,3.3804178,3.5945935,4.355506,-1.2971584,-1.6095241,-4.1657486,-3.9704328,-0.6751936,-16.262709,-4.012032,-2.8308175,3.1419508,-2.5545278,5.0863132,4.1634665,-1.952681,-2.239322,1.0501148,2.6557322,-1.3060406,1.2845035,5.9754143,-2.6878748,-3.0382829,9.13326,-0.575875,24.058586,5.652817,-3.810635,-7.1519957,0.6256481,-5.1221375,1.6964511,-1.4191252,3.208831,2.6294198,-8.833023,1.5025089,7.3492537,2.971996,-2.2497008,-2.1518757,11.769828,-0.9111396,-5.9013147,-3.1007009,1.5110813,-1.318075,-6.9049315,-0.8788492,-3.9620802,-1.0197257,3.1226766,4.4253545,0.49701023,1.9326195,-5.0849442,3.4248157,2.3019273,2.0427835,-2.2399435,-12.193686,3.1996088,2.6980424,2.731786,-0.2394736,-11.745365,-0.20017171,-3.4540646,2.2332075,0.41054508,-4.034217,-0.7234118,1.0173649,-3.575109,5.047181,2.2405403,-5.2605834,-0.855263,4.3735576,-1.9404485,-8.245304,3.4842086,-6.3927984,0.122260995,-0.40038958,-0.45115563,1.8166856,1.7199041,-0.41897428,-1.1099628,-2.4888525,-0.0184202,9.690577,-1.8469089,-11.943555,-0.34016714,-0.9880102,7.0686946,-1.7211379,-4.574165,-8.472307,2.9803355,-2.1893435,-7.5461226,-17.575413,-3.284675,-0.8682219,-2.8735774,2.9370248,-1.9753773,5.990074,1.4682044,18.21325,-0.8338628,-6.5653353,-1.0755228,3.4286208,1.9717517,-0.9578331,10.004758,1.441375,-2.0514777,3.6483288,15.741591,-0.71567917,4.4729557,3.4171405,-9.113516,3.9870017,-2.5842485,2.1191041,3.587325,2.9314172,-11.517453,-11.811551,3.622492,2.7256687,0.71822685,0.19244835,-4.106051,1.0960597,-14.052537,-0.5179012,-0.15052512,-0.5554236,-8.248723,-20.787407,-0.4797367,4.019518,-10.955883,13.758553,6.9257135,-1.0348902,-2.328457,2.7170348,3.6788356,-3.613167,2.9966905,-2.5377212,4.903124,5.07015,-2.8020458,0.7754189,0.32356888,-10.119873,-1.6245747,1.5458521,1.832591,2.1648061,1.827508,-3.172955,2.173666,-1.1240168,-4.0118904,3.58015,-10.250665,0.32065883,6.0680366,-1.0513159,11.090688,-11.607621,-3.321439,-4.896791,-1.4588162,-4.1901507,-0.6092431,1.6001327,-1.8453056,-1.4844608,-3.6217332,-4.0145926,0.8353599,3.8161054,0.22524987,-1.9073503,2.4687924,0.19214381,1.9623008,1.8476045,4.0354447,-7.3200808,0.24957004,1.6262835,-5.017502,4.7887487,-1.5282714,-2.612591,2.2851524,-0.25664178,1.1637046,3.1258025,0.65529865,0.5947084,-4.9506574,-3.3789637,20.16311,0.028295774,-0.5205445,-1.7383523,-0.024121113,PD,data/Images/PPMI_Images_PD/174735/Reconstructed_DaTSCAN/2022-10-28_12_42_27.0/I1644684/PPMI_174735_NM_Reconstructed_DaTSCAN_Br_20221123112220520_1_S1177848_I1644684.dcm,174735,Validation,SC,79.2,IA87044,SCREEN,10/2022,0.0,0.0,0.0,09/1943,1.0,,,,,,,,,1.0,0.0,0.0,0.0,0.0,0.0,0.0,1.0,0.0,10/2022,2022-10-27 00:00:00.0,2.0,123I-DaTscan,10/2022,1.57,1.63,0.96,0.9,1.3,1.28,Yes,,,0.028012321488258354,-0.015543139181741878,-0.5676198239749313,0
-0.21801491,-21.954258,0.538238,-0.68310046,-1.8347592,4.1245975,-3.6394603,-1.4331052,1.004752,-3.4266276,-1.6582869,0.6521949,3.6794655,4.4889107,-1.9347374,18.091343,-1.6813482,3.7705665,-2.0622756,11.974713,-0.53452384,-0.90036047,-1.5096921,17.69188,2.181475,4.7437277,-0.74370635,-2.33037,-1.7821635,-5.316868,0.7588009,1.4206439,-0.055461902,0.56678724,8.241804,-1.8447734,-3.1552992,-0.38761434,-0.8254437,-3.7548816,0.6623843,0.68745464,-1.2226537,-16.909437,-7.7783847,3.7658746,1.7348948,-4.6303363,6.804383,0.68070275,1.1445261,0.8164708,-0.79561645,2.628161,0.41501427,0.23045555,4.6121006,1.4990827,-4.9672585,1.11859,-0.9930555,17.229012,8.189073,1.2131919,-11.398536,-0.25474596,-5.389865,0.88550407,0.420174,0.13090606,0.021347327,-5.3756495,-2.0795395,7.1504054,3.4729505,0.13557693,2.6055186,6.790823,0.12593058,0.023840688,-0.13249579,2.3444934,-0.14852953,-0.952798,4.913389,-9.387232,1.8197302,0.0724766,-1.7097075,3.6221673,2.0606782,1.2193953,1.9202045,2.1499636,-2.3618877,-0.9184871,-10.016838,-0.5748976,-0.8413648,-0.42189735,2.0776317,-13.368188,0.6026251,8.084798,1.3445218,-5.0059958,-1.9751152,4.4676285,-4.000708,-2.5367007,2.547343,0.4361109,0.12667148,-3.9610212,-3.4814754,-5.6240387,-3.6245046,2.707166,-3.5255287,-2.8685987,0.91034687,-2.3225262,1.7441001,0.30324206,0.22766246,-2.1793716,-5.50758,0.79330444,10.7255,1.8903115,-17.334957,-3.1754565,-0.02286492,3.6275058,-2.5881739,1.7610537,-5.8289285,2.0327759,-0.04701849,-3.3201845,-13.793071,-0.31220675,-3.3850617,-0.33426479,-3.6859374,1.8401648,0.3571014,-0.733202,25.09653,0.9312968,-2.554953,-0.7920483,0.2403776,2.7948775,1.3781097,5.670132,1.4322037,0.03427375,1.2806606,16.195515,-0.4400101,-3.6002328,3.3128064,-2.0299742,-5.991041,-2.3055878,-1.7983668,2.6447353,2.3849413,-13.8655,-13.742669,-4.8521557,0.79042906,3.2656946,5.0543866,-4.3445706,-0.60783833,-14.08994,1.1387123,-5.295708,-3.0759377,-4.7099767,-17.573254,1.9374546,0.24000695,-8.009524,19.32373,0.43347493,-3.120325,-1.1026527,4.4413795,-0.82930225,-2.1434524,0.58466965,-1.6978757,-0.09835882,4.2635465,-1.8596594,0.8231448,2.3353984,-12.677672,-0.78637743,-0.85584116,4.986112,2.1194413,3.581023,-1.378536,-4.0733767,-3.1346467,0.7470692,0.6320225,-2.198376,2.5140994,8.853042,1.0181038,3.5456748,-2.1402307,-2.8938885,6.1532407,1.2072484,3.6102238,-4.605975,-2.0858338,-1.2775024,-2.4582608,-1.3395041,-4.027315,3.4664876,3.778305,2.8194072,-1.6113394,2.2798886,-0.40410966,-7.43205,-2.9342601,-0.5889929,-3.3035486,0.43393826,-2.4059424,-3.8678935,-3.293462,2.8584528,-0.038754575,0.94570774,-3.7898412,3.1267364,-0.316157,1.3741313,4.0539837,-8.0477915,-0.8631517,15.111964,1.2934431,-1.6606578,0.14446154,-1.175658,PD,data/Images/PPMI_Images_PD/174855/Reconstructed_DaTSCAN/2022-05-25_13_40_34.0/I1645353/PPMI_174855_NM_Reconstructed_DaTSCAN_Br_20221128125030856_1_S1177850_I1645353.dcm,174855,Validation,SC,64.2,IA87987,SCREEN,10/2022,0.0,0.0,0.0,08/1958,1.0,,,,,,,,,1.0,0.0,0.0,0.0,0.0,0.0,0.0,1.0,0.0,10/2022,2022-10-12 00:00:00.0,2.0,123I-DaTscan,05/2022,1.07,1.6,0.5,0.86,0.71,1.25,Yes,,,-1.1260607551272843,0.9936432989495514,-0.4953122638260366,0
-1.1195582,-13.606192,-2.458936,-4.5689216,0.993839,1.9017354,0.76493996,0.98494047,-0.4011944,0.20260298,0.5069747,1.8115042,-1.2932628,0.9119422,0.08672399,15.017207,-1.7296622,3.2542474,0.7889373,6.9850564,2.7419972,-2.2897441,0.5166972,15.564669,-1.2140546,3.119374,-0.75771624,-3.2307277,1.8360059,-0.9781053,3.9663594,0.14291011,-1.9012796,1.636289,4.265793,1.6927239,1.1987642,4.391295,0.80813426,1.4881176,-0.6370843,-1.6493134,1.1593376,-16.904852,-3.1520164,3.0949104,-2.1801133,-2.892863,8.270295,2.926082,-1.9092213,-0.18687789,-2.6980944,3.854159,1.3189667,0.14807597,2.9937584,1.7251543,-2.6683059,3.907446,-2.1626887,18.482134,6.7844133,-0.07638981,-7.411354,0.683622,-2.6435127,-0.4455959,-0.82412994,1.262743,1.0027179,-11.178474,-2.733971,7.3027215,2.4495256,0.17443323,2.104073,7.2376575,-0.69754386,1.6241227,-0.8546991,-1.8738648,0.6716838,-2.56135,2.341735,-8.7859535,0.89178437,2.4085999,1.0895925,3.7659557,-1.2272123,3.768078,-1.6116865,2.259896,2.808074,-3.3520832,-6.2794676,-1.8502177,0.39940038,-0.14623193,-1.0565242,-11.143561,-1.3426713,-1.1180259,-2.8657436,-0.34392864,-1.9787513,6.011013,0.118704416,-4.3453884,0.8170959,0.29895055,-1.1550964,-0.3272019,0.15819182,0.8951057,0.93660164,4.2907686,-0.33435458,-1.8533459,-0.37414315,-1.5210682,4.876906,-0.33194193,0.5543148,-5.28616,-6.6397896,1.0475867,6.860804,0.3515763,-19.158737,-2.3956385,3.4325159,7.125776,-2.68571,-2.4533877,-3.9375856,1.4865823,-0.1501337,-2.6299431,-15.48666,2.606585,1.3402883,-0.36684304,1.181793,3.6745162,3.156301,1.271884,18.7635,1.0415121,-2.846604,3.0536468,2.5391712,-1.142751,-2.7371705,5.316336,-2.4245472,-1.0476935,0.11705844,14.74267,-5.2823367,-1.2493768,-1.5916548,-2.43834,-2.4753702,-1.6078949,-1.9411218,1.1830511,0.47226056,-14.337079,-12.797619,-3.943473,-0.6237457,1.4500352,5.003788,-2.3387864,1.5484844,-14.484857,1.2616537,-1.5902966,-3.4488375,-6.4950824,-14.6687355,-0.45593095,0.5498576,-9.648789,4.4984126,2.2634394,-0.4155754,2.639601,-1.5252085,-1.7095432,-0.05137667,-0.36837405,-0.7393322,-1.4890542,-0.14327653,-2.1961372,3.877804,-2.0943236,-9.534971,-0.38611218,1.7739127,7.540769,0.07124627,1.8938057,1.0130534,2.57171,3.247575,2.228824,-0.6983924,-1.2549019,0.17322159,11.047308,0.4789485,5.729357,-7.252648,1.673318,-2.140187,-0.73712844,1.1855776,-7.75817,-0.5794845,0.5069262,-1.0296985,-1.8356159,-1.4660262,4.0115986,1.2583516,-0.82349133,-0.8861699,1.7908272,-1.2083691,2.473652,1.4478863,3.2890723,-5.417842,-1.6773148,0.66721493,-4.678841,-1.4719076,0.4632856,-1.871146,0.23067898,-4.6136174,-1.7677875,4.9586205,-0.53425807,3.7397044,-6.465655,1.4314373,16.79954,-0.82294625,-3.373125,1.7119398,-2.6941032,PD,data/Images/PPMI_Images_PD/174953/Reconstructed_DaTSCAN/2023-01-25_14_23_06.0/I1671467/PPMI_174953_NM_Reconstructed_DaTSCAN_Br_20230228101911374_1_S1198032_I1671467.dcm,174953,Validation,SC,52.0,IA88667,SCREEN,10/2022,0.0,0.0,0.0,09/1970,1.0,,,,,,,,,1.0,1.0,0.0,0.0,0.0,0.0,0.0,1.0,0.0,10/2022,2022-10-26 00:00:00.0,2.0,123I-DaTscan,01/2023,1.6,1.41,0.42,0.75,0.94,1.01,Yes,,,-1.0919791658761366,0.2321285858199371,-0.04496156988017641,0
3.983522,-17.500074,-9.12759,0.908784,-4.0685825,-8.73952,-0.49001548,-4.6610084,-1.2504472,-5.5239244,8.662742,1.6463217,-7.608228,0.09853865,2.920462,15.633562,-10.528128,-5.73554,-2.8095648,9.500819,-3.8322227,1.1167479,-2.1869578,18.335814,4.1554317,-2.80742,-1.1927173,0.050166,1.5646739,-4.2670355,-0.029312758,-1.2444149,1.7212917,1.9582627,5.846912,2.741181,-6.6305375,8.353543,7.1298327,-9.5988455,3.1462884,0.35547656,0.562664,-13.815202,-1.634364,-4.9350305,-5.7460976,2.5124469,10.862706,-1.3064599,-0.5983901,-10.0597515,1.3595082,7.1211486,-2.0260718,-5.1249394,0.84743714,3.987423,-4.734782,-3.2702515,-1.1258575,23.940388,-0.055509277,-11.292542,-5.856077,-0.8337137,-7.370731,-8.767416,-1.8734908,2.7212234,1.3715836,-9.081415,-1.1052418,7.2938266,0.1804757,-5.096241,7.822485,18.385336,0.7625034,6.656003,-3.2017467,7.551059,-0.24996418,-6.680361,0.05179428,-4.962351,-11.091152,5.906335,5.012093,-4.610611,1.3406336,4.491101,-0.55263114,-10.089323,0.22602768,-6.1710253,-3.9911306,3.0723414,3.73557,-2.3371508,-6.4877434,-7.86762,-9.475506,3.8051796,-4.6958933,-11.063693,2.6522663,-4.52965,4.073171,3.5186925,8.342393,-1.9980552,3.0904768,0.11146278,1.7269833,5.519851,-2.4599202,3.6564832,-6.527094,4.462314,7.500395,-1.022955,-3.6645398,-0.30216914,9.917887,-1.9599769,0.058491323,1.0099605,0.74038744,5.245982,-16.679415,-3.9381423,-1.198638,7.9681835,-1.2396673,-7.024027,-15.497547,7.6869855,-3.3123307,-3.9707086,-18.675411,3.611949,-7.7874756,-3.3551865,-10.411224,-5.4791145,5.051484,2.3691576,24.82265,4.3422256,-0.4133945,2.0137563,-1.1541891,0.8807204,1.2422724,8.954376,-1.8145926,1.3185085,-2.226956,10.028833,-8.846583,-2.6956408,-4.0301423,-9.140141,-5.237417,2.8634758,-0.64436084,-0.9422238,8.574595,-8.031499,-5.4899983,3.853758,4.6136985,-2.9343567,-3.02925,-0.716133,11.387971,-18.322245,-2.9007282,-6.786702,-1.0288918,-4.0394516,-20.659344,4.022783,1.9081631,-12.528356,10.945969,0.5723967,2.098615,-4.106875,-3.850615,4.091358,-2.0322573,0.7333871,-5.6602283,5.795909,2.3628116,-3.7745297,11.629875,-16.23292,-12.55901,-13.027566,7.72912,-1.5227243,7.8409348,2.0481024,-0.42930987,0.40971914,-10.673371,0.8428461,-3.2308004,-18.48428,-7.627842,2.0898488,4.0104647,13.53426,-12.473952,-0.15762483,0.57905096,-5.3568707,-1.2074425,-6.701226,0.7804699,12.262858,-6.2334166,-1.3606615,-1.9366375,-1.680335,-2.1072416,3.5570328,2.1814697,2.8488665,1.9684166,7.269567,5.7436914,7.26006,2.5253568,-1.7176942,-0.709551,6.260172,3.3948672,-4.696523,-1.7151959,7.9622927,4.9446335,1.2715179,-4.1530237,-1.3825827,-3.0427754,3.1101198,-1.4414951,32.65041,-3.0681257,7.9560614,-2.809811,-4.254159,PD,data/Images/PPMI_Images_PD/175278/Reconstructed_DaTSCAN/2022-12-01_15_08_55.0/I1652914/PPMI_175278_NM_Reconstructed_DaTSCAN_Br_20221227214908501_1_S1184424_I1652914.dcm,175278,Validation,SC,84.3,IA87317,SCREEN,10/2022,0.0,0.0,0.0,09/1938,1.0,,,,,,,,,1.0,0.0,0.0,0.0,0.0,0.0,0.0,1.0,0.0,10/2022,2022-10-26 00:00:00.0,2.0,123I-DaTscan,12/2022,3.04,2.54,1.55,2.27,2.17,2.14,Yes,,,4.30508730427276,0.40458233819685097,-0.7392674487706844,0
2.1210089,-30.548862,2.2689443,-7.340446,1.7855172,-12.312048,0.81458306,-1.0489389,-0.27390927,3.6921923,-3.1293013,2.68907,-2.2741554,1.5201964,2.3421159,19.042885,1.0549936,2.4589908,-3.1816142,7.8413773,4.999064,-3.8975406,-0.641463,13.7357435,1.4278966,1.210821,4.134651,0.51078355,2.2881598,2.557322,1.6297599,-1.6193854,-1.58398,-0.304988,3.8418233,6.424089,1.6456186,-0.2539805,0.21306913,-0.781664,5.1361027,2.7753534,2.451791,-14.425991,-3.6159756,-0.45046884,-4.9398074,-2.9123428,6.0199513,1.192516,-3.1931431,1.6318045,0.54538405,-3.1704352,-2.410355,-0.22490445,1.4543787,0.44671863,-0.5513578,9.385288,-0.9855019,24.919584,12.16154,3.6782346,-4.4097505,0.063174166,-0.51049596,-1.9112723,-0.48112112,0.16492504,3.3696868,-6.9120793,-4.1384172,-2.477762,3.2724085,-0.12758172,-3.277433,7.7015133,-1.3990252,-6.732349,2.8880997,-5.5734053,3.4798217,-0.64791775,3.8497303,-12.632089,2.9174032,2.8426251,4.419909,5.091466,-3.8442333,-2.9553175,2.9738703,-13.352037,2.6911862,-2.9828458,-17.01182,0.6074077,6.929703,2.58691,-1.713506,-8.184504,-2.5928245,0.9913715,-0.33757007,-3.828576,-1.8773571,-3.5768867,-0.104630694,3.91599,3.884615,0.90560573,3.057042,-1.8945962,6.0879984,-3.337732,4.2986073,7.167631,-2.4888186,0.70981926,2.5673187,-1.8982245,-0.24350779,-0.6593803,-0.87005895,-3.2912834,-4.5170584,0.86257523,10.626929,-1.318536,-17.02904,0.38408795,2.9439971,8.785482,-3.5107524,-0.44136885,-3.108051,-4.4489055,0.22349301,-4.765201,-13.783104,-2.721893,0.8179407,1.3992181,-9.813604,-3.486829,2.5521655,1.9296925,22.079105,2.5566454,-2.2595344,-2.7361398,-0.22036408,-1.7832496,-1.6484736,13.186524,1.6911246,0.9740884,2.4575038,20.237474,-2.2805486,-0.78743804,11.034292,-4.1896434,-2.2431264,-0.112118386,4.274596,-1.2602147,5.7701526,-5.065786,-9.064938,-1.4013287,-0.5116762,0.31997505,-1.0427986,-0.5779429,1.3797852,-15.717755,-2.2006555,-2.503284,-0.8405784,-7.231246,-20.048414,0.1815156,1.8668454,-13.453414,5.701121,1.0731597,-0.37101108,1.0370984,2.6707993,-5.652751,-4.6530685,1.240443,4.304252,-0.7318001,-3.7706907,0.6278748,10.869589,-3.2696497,-10.231924,-2.4246747,0.6384086,6.6999183,2.069676,-3.765817,2.1613624,-1.2309905,0.34418616,4.2766213,-4.594322,-2.4944742,5.492098,9.568804,-3.0026646,12.376819,-5.1571217,-0.24058518,1.9741219,0.9782387,0.8455135,-1.7128702,-0.85141623,-1.100989,-6.2462864,-0.5267131,-0.9777084,-2.5199816,-1.7960211,-1.2443229,-0.97085166,0.029528411,0.73266304,4.639012,2.0731783,5.161821,-2.3166523,-0.14353868,-0.48462522,-2.3247855,1.1488987,0.75313276,-1.976635,1.8164048,0.44873345,-1.8255022,0.049936827,4.8168197,6.669553,-11.664684,-2.1040947,25.498728,5.7906046,-1.5966747,-2.595338,-0.22962828,Control,data/Images/PPMI_Images_Cont/176347/Reconstructed_DaTSCAN/2022-11-16_16_36_54.0/I1665832/PPMI_176347_NM_Reconstructed_DaTSCAN_Br_20230213204827553_1_S1194060_I1665832.dcm,176347,Validation,SC,57.8,IA204598,SCREEN,11/2022,0.0,0.0,0.0,12/1964,1.0,,,,,,,,,1.0,0.0,0.0,0.0,0.0,0.0,0.0,1.0,0.0,11/2022,2022-11-16 00:00:00.0,2.0,123I-DaTscan,11/2022,2.63,2.83,1.87,2.12,2.41,2.67,Yes,,,4.929411433582551,0.624217329571872,-1.035158544073122,0
-1.3035717,-21.070032,-1.2983705,-3.4630017,-1.910895,-0.021379806,0.8152937,1.9561253,3.5175421,-0.076125,-0.052259903,3.6906812,-0.15274307,1.800263,-0.12752871,11.247223,-2.4450264,-0.7612929,-0.6715428,6.480612,2.5687563,-1.025216,2.2151752,17.275396,0.44206238,0.39935392,-2.160295,-0.99235505,-0.64989436,-2.800115,0.83204126,-1.8411937,-1.2829436,0.82970256,6.8862395,7.261362,-0.0886001,4.174723,-3.722253,-0.24127913,1.7428629,-0.17448168,4.5335183,-18.04222,-8.660255,2.0159595,-0.07879306,-4.7874827,4.085768,-2.369284,-2.7332013,-1.3571618,-1.3433393,-0.0037966957,-2.4856055,2.5223455,-0.3951621,-0.63027155,-2.2123113,3.1594317,2.792673,18.14493,8.496247,3.932084,-8.904984,0.19015469,-2.331647,0.82149076,-2.639222,0.71968913,0.6089881,-1.3865335,2.6680422,0.48466343,-0.43080512,-1.2284756,0.092935905,7.190818,-2.2475214,2.7663991,-0.90202785,-1.3794365,-1.949913,-7.3397756,5.1382303,-8.298633,1.7872465,-3.2469175,1.7920403,-0.48368922,-1.2391993,-2.0604353,0.6078731,-0.9971197,1.1191659,1.7309082,-12.007574,1.155093,1.1060152,-1.548884,1.3000544,-11.3001995,-1.8910143,0.8999977,0.012193388,-1.9396672,-2.878288,1.7477592,-1.3955343,-4.2853284,5.8032713,0.5388856,-3.148412,-3.2346506,0.29063967,4.0071263,1.1246833,4.4143796,-5.3203464,0.9595277,0.3939699,0.35542974,-3.0418384,-1.8437338,0.64705586,-0.2169199,-2.946101,-0.93883526,5.5989428,-0.9842084,-14.026092,-2.3778756,2.8783665,4.3909726,-1.5282817,-1.5617205,-6.529883,-1.9801843,-0.4189319,-2.8563876,-15.419118,-2.3801754,2.7412376,-2.31333,-3.679446,-0.60624033,3.093132,-0.21854961,20.535744,2.9964633,-0.00930178,-0.74136287,3.388118,-0.7447185,-1.6345963,6.56492,-1.4997494,-2.7740996,1.7931654,14.348627,-2.910444,-1.7332739,3.2831697,-2.736499,-1.9192498,0.25283262,-3.8599594,2.067127,1.8159007,-11.780315,-12.047686,-3.4438627,-2.8230343,2.205206,2.0049872,-1.6624066,4.492574,-16.664951,2.913866,-2.3321176,-0.4946533,-3.4555578,-17.178165,3.2073052,-0.21822712,-10.26966,9.939497,-1.7786508,-2.6849782,-0.60147,4.3006124,-4.000903,-2.1452072,1.8440137,-3.7864861,2.095941,1.4094777,-5.049846,2.6444016,1.3040437,-13.370024,-1.1301819,-0.8692494,4.8603687,4.036815,-0.511351,-1.9825027,-0.34422165,-3.0768986,0.5921114,0.3164166,-2.9176216,0.810364,9.166853,-4.8241906,7.9139137,-6.6518106,-2.8627908,-3.3755736,-3.352041,-2.1729498,-5.1351213,1.5023713,1.9486381,-2.0381029,-1.5190867,-0.44980222,3.4628873,1.759373,1.2866327,3.98323,0.98169017,-0.47289115,2.5890105,2.1912637,4.1721745,-3.5437791,-2.5435486,1.9965101,-6.008812,-0.25816125,-0.61291564,2.5085993,-0.003571427,-1.1526518,1.019388,-0.52160585,0.8255851,0.7999195,-6.283727,0.61529696,21.97922,1.7474574,3.0895228,3.459055,-0.12142083,PD,data/Images/PPMI_Images_PD/176440/Reconstructed_DaTSCAN/2023-04-07_14_52_26.0/I1697980/PPMI_176440_NM_Reconstructed_DaTSCAN_Br_20230508143003793_1_S1220254_I1697980.dcm,176440,Validation,SC,66.5,IA253770,SCREEN,04/2023,0.0,0.0,0.0,11/1956,0.0,0.0,1.0,0.0,1.0,0.0,0.0,0.0,0.0,1.0,0.0,0.0,0.0,0.0,0.0,0.0,1.0,0.0,04/2023,2023-04-07 00:00:00.0,2.0,123I-DaTscan,04/2023,1.56,1.81,1.24,1.13,1.48,1.56,Yes,,,0.8763276283971236,0.13070822017923217,-0.950151136695846,0
-0.9771836,-14.141864,1.0279737,-2.208736,-1.0063783,9.579927,1.3553385,-0.53100497,-1.3890257,-6.3364186,-0.6195795,1.1225642,-4.812533,-0.559255,-0.913865,15.4752865,-1.8151889,-0.0525743,-2.9833217,5.5510635,-1.9550217,-6.1812468,-0.7813438,15.554536,-0.31712425,2.2493963,-1.0773029,2.9265478,-2.8074548,-6.9578953,-0.005177593,-0.0059911413,-2.4599562,-0.20060876,2.5423565,1.1296746,2.477562,3.2024314,0.19126688,-0.4837572,-4.349905,-2.2089427,0.51002663,-15.718647,-6.9629216,1.928266,-1.6498194,-2.3709106,4.5950418,-3.1158848,1.9805992,-1.237547,-2.164956,-0.42957354,-1.9173969,3.389474,1.3555061,-3.1401725,-2.9480011,2.98841,-4.6323495,17.566607,9.124742,-1.9847047,-6.6038876,3.6582763,-2.0477343,-3.1090336,-1.16767,2.0476015,2.6178417,-6.807727,-8.424229,17.223034,4.333437,-0.80823183,2.6991704,7.2084665,-1.2804853,0.41364235,-0.2361821,-1.9916846,-0.03162003,-1.4816253,4.3586645,-4.992486,1.8438182,1.5171169,-2.631308,6.151544,-0.71876216,0.00482666,1.0167553,8.970095,1.1152945,-0.17061596,-6.127408,0.5405109,1.9001496,0.86106086,-1.813528,-13.666637,-4.1093206,2.8735096,-0.27374747,-3.659646,1.4142069,11.422665,-1.023171,-5.865902,0.18790984,4.115206,-0.08556567,-3.7832816,-0.9840717,-0.113104165,-2.6791186,-1.9396758,-1.8327715,-3.808069,0.952245,-1.3173925,3.0010478,-2.0551488,-0.75514376,-1.089125,-2.2692492,2.2503173,6.654933,-2.8319318,-17.582386,1.1329582,5.8727365,6.9418354,-4.307858,-3.399062,-3.2399514,-1.6124507,2.893189,-4.111664,-19.016232,-1.617624,-2.6995811,0.8897447,-6.9095883,1.2771978,4.246551,-1.5543597,20.531532,3.3340387,-7.0670533,-1.4296957,0.8280674,-5.073717,-1.8899503,3.19887,-3.8500838,1.42394,1.4729722,10.928323,-0.7593532,-1.6132845,5.7231474,-6.060522,0.036926042,3.4953222,-1.925755,-0.15821671,1.7663827,-11.662375,-16.879812,-1.9412991,-0.91356,0.26028186,1.7934989,-5.830006,5.8244286,-14.581496,-1.3687637,-4.335662,-6.0816054,-2.9632993,-9.24646,1.6269224,-0.21223623,-13.871466,10.916134,-1.2946997,0.7729405,2.470993,1.599891,-1.7639693,-2.1934836,3.1586015,-4.934298,-1.4635941,-0.9720522,0.11570771,0.23183553,-1.569276,-10.364266,-1.334898,0.969843,7.100208,-1.3684956,-0.589674,-0.11679419,1.0323502,-1.0675421,0.6999704,3.5465713,-0.47683463,2.9757097,4.5841203,2.433979,3.3872724,-3.1198134,-5.9997573,-2.3117056,-1.1291019,0.6412543,-3.8436878,-0.14240602,2.8469322,-7.4948163,0.5611049,-0.3917497,-0.96631724,1.0647186,4.420365,0.13933235,-3.9893572,-2.6004324,-0.79319525,1.0400158,0.9639882,-4.756848,-1.6754982,-2.9059613,0.78735644,-2.3773968,0.3048956,0.69266707,0.14090118,-2.6869884,2.3333986,-0.5567514,-3.4970586,5.6645193,-2.8781478,4.3190823,10.417689,-5.009324,-1.0362754,4.1056347,-5.2601757,PD,data/Images/PPMI_Images_PD/177956/Reconstructed_DaTSCAN/2022-11-08_15_38_44.0/I1665834/PPMI_177956_NM_Reconstructed_DaTSCAN_Br_20230213204900468_1_S1194069_I1665834.dcm,177956,Validation,SC,60.1,IA200927,SCREEN,11/2022,0.0,0.0,0.0,09/1962,1.0,,,,,,,,,1.0,1.0,0.0,0.0,0.0,0.0,0.0,1.0,0.0,11/2022,2022-11-08 00:00:00.0,2.0,123I-DaTscan,11/2022,0.59,0.66,0.27,0.33,0.52,0.47,Yes,,,-3.3138664346765854,-0.003509166444123018,-0.7855241076421582,0
-5.9922104,-19.592579,-0.6477697,-4.6734414,-2.4123013,4.52075,3.7685647,1.6274894,-1.6361189,0.6720741,0.4290756,0.91757596,-3.5931714,-0.5673428,1.5241048,16.014639,-0.19890448,3.5416427,-0.55014914,7.824209,-3.0176075,-3.780228,-1.920065,20.72423,0.05058937,4.1313653,-0.08525568,-1.1252207,3.0531158,0.30354384,3.3859394,-1.359039,1.1703652,5.807772,8.857345,3.6918197,2.4525323,3.976022,-2.5480614,3.457336,-1.481787,-0.58910984,-2.3888,-13.67302,-4.104817,-0.11627866,0.27523187,-1.3575284,7.982928,-0.18575354,3.502729,2.3281777,-1.7914011,-1.0492336,1.070192,-1.8916626,3.8385274,1.1853554,-1.9850087,5.249986,1.4379411,21.082487,14.988616,4.341136,-11.13606,0.55770576,0.098619126,-1.38023,-0.51026064,-2.5583389,0.8695026,-7.636159,0.8779805,4.752959,2.8468857,3.5528948,2.671593,5.6337953,-4.872192,-1.2664198,-0.62515277,-2.851255,-5.2649117,2.530131,3.7433286,-6.9903107,2.563225,1.2385303,0.81616783,3.7076283,0.6093303,-1.8515157,-0.09051913,0.48347092,4.2694793,1.496649,-10.101145,-3.9898705,3.5108752,3.8972661,0.9737366,-14.085169,-2.4867735,8.573706,-0.5097872,-0.6219278,-0.5519229,1.4917353,1.3126286,-3.5348263,1.1569841,0.19001305,-2.4198208,-0.5558264,-0.58645684,-2.072529,-2.9413946,1.991756,-2.515386,-0.52323663,1.9857769,-2.696101,-0.019557789,-0.8537591,1.2992516,-0.19761461,-4.4960723,-1.6363057,8.30644,-1.0121187,-21.078415,0.4151018,-3.7427926,8.460744,-1.3991561,-2.6331031,-0.45409185,-0.9068172,0.023154518,-1.7543734,-15.432619,-2.8307111,-3.111206,-1.0474,-5.5969014,1.3871678,4.544639,4.0302057,20.396523,-1.1528852,-3.8743882,5.4598837,-0.28400353,-0.025134407,-0.825399,4.0069737,0.08983601,1.8017505,2.449841,19.02504,-2.6970434,-1.4034443,0.27736965,-6.6730633,-4.8426027,-2.0756218,0.046018668,0.5693929,-1.5856119,-14.625734,-12.032288,2.686522,-0.657916,2.137296,2.0337892,-0.19366066,3.2118762,-9.147721,0.979954,-1.9629534,-0.49033165,-5.9501896,-15.842714,-0.8560877,-1.5336949,-8.949872,6.40816,1.0205042,-3.3298137,3.4412236,3.5223303,-1.3839136,-0.7658378,-3.3596802,-2.5919232,-0.8178944,2.0238864,-3.1752915,0.55616343,-2.8263085,-8.618141,-1.5140387,0.4573185,5.715423,1.9688486,2.7752235,1.581896,3.4985116,-0.39683527,1.9952983,-0.89459574,2.570506,-1.6658205,10.550879,1.6105732,4.1298556,-2.5966148,0.834336,2.1353626,0.45859864,1.4069645,-5.3325195,0.31902683,-0.08063363,-1.25366,-1.095925,2.588927,-0.39832324,3.5232596,1.4320936,-1.5253243,-2.4710164,-0.0057173218,0.37195876,-1.0100172,0.55737025,-4.003013,-2.2502565,-1.6786098,0.5634629,-1.3590823,1.3542736,0.9849403,-0.0733955,1.4306234,-0.3026069,-1.2787249,-2.4754283,4.881493,-8.10183,3.8483617,21.257298,-2.5411296,-1.9449761,-0.16786778,-3.5811396,PD,data/Images/PPMI_Images_PD/179894/Reconstructed_DaTSCAN/2023-01-06_13_07_59.0/I1665843/PPMI_179894_NM_Reconstructed_DaTSCAN_Br_20230213205056302_1_S1194082_I1665843.dcm,179894,Validation,SC,54.9,IA209607,SCREEN,11/2022,0.0,0.0,0.0,12/1967,1.0,,,,,,,,,1.0,2.0,0.0,0.0,0.0,0.0,1.0,0.0,0.0,12/2022,2022-12-06 00:00:00.0,2.0,123I-DaTscan,01/2023,1.12,1.52,0.44,0.72,0.72,1.18,Yes,,,-1.351446279127361,0.7954805735697138,-0.32199038996343277,0
3.6280909,-13.695098,1.139446,-3.2296145,-1.7058418,-3.833072,-1.5581686,-4.841346,2.419174,-4.5753736,6.408794,1.8382003,-6.6403036,0.476962,1.6392287,19.923996,-4.754542,-4.5334315,7.2191806,-2.1236274,-3.3851807,0.70900637,-1.9101411,23.231497,-3.7437544,-2.623996,-0.14848554,0.6272079,2.486916,3.1183581,-2.283501,-6.9701304,-4.2178736,-3.16386,7.2073298,4.321579,1.2019055,5.0877256,4.186555,-2.781392,-3.1139028,2.4905174,4.4097614,-14.369283,4.0546103,-0.30323356,4.932582,-4.862917,5.76878,5.621188,-1.4233178,-5.178992,-8.1307125,-1.6401776,-2.627041,2.3970816,10.051466,2.4658902,-5.234834,0.75127476,-4.1947894,16.282488,-0.39135444,-6.7017074,-7.637429,3.0196843,0.9621217,-6.2859073,-6.8373337,-0.9266172,2.6705773,-17.28997,-2.5671191,4.6121526,4.64181,-3.9980824,-0.5826203,9.016824,-1.518642,-1.669005,-9.554631,-4.825861,-4.884498,4.016599,-2.5507627,0.30413917,-3.0650096,0.37031478,9.491872,-1.8698161,-0.36222288,-1.1285853,-2.5776935,-1.2200462,11.282778,-2.693253,-14.354929,-3.5545654,1.2490221,0.5494436,3.4321892,-8.572108,-6.021555,0.892076,7.232306,0.26619577,10.557534,-2.5531178,-0.51637876,-5.2227144,0.31554955,4.722193,-1.2475109,-0.08715427,2.3413157,-1.8016777,-9.968563,4.918173,-4.607135,-3.1103334,1.9737153,4.4711814,-2.4190648,0.59642065,6.553646,0.47803602,-2.7394485,-6.1442475,7.250115,-0.45082802,-14.803895,-6.2003837,-3.4647353,4.3084307,3.026662,2.135885,-4.240098,3.5381382,-2.0250475,-0.66122437,-6.7306557,-0.95984775,3.9378908,5.575786,-2.4803202,2.7372503,7.9202657,2.1022248,18.167528,4.841884,0.5510388,3.8028061,0.17148352,1.4520111,-1.7456996,8.425727,-9.805828,-3.681637,0.41617358,13.604004,0.35191593,0.846393,2.9031873,-7.8305707,-1.5422459,4.5085955,0.008171812,2.9539783,2.8423016,-16.813011,-7.94959,-0.9590237,-1.6620083,1.1439234,3.7370307,3.4701598,8.562752,-7.9437037,0.79643023,-4.480969,7.794869,-11.332854,-21.114525,0.974454,5.5668793,-11.775119,4.1777077,2.4482107,-5.3235955,-1.7025082,-3.8357782,-1.3005344,-2.1258624,8.073982,-3.4687252,4.738481,0.7113539,1.752,2.8879178,-6.855915,-8.053492,-3.7273808,0.5469567,3.3564386,-3.6172063,-0.72577953,0.6394877,3.9722748,2.0852163,1.3566377,2.266213,-12.049088,0.21027094,2.249157,3.227509,6.7504826,-12.876438,-4.8162274,-2.800074,-1.3183271,-1.1887225,-6.965507,-2.4675398,0.052599974,-6.490405,-3.411356,-2.3978064,-1.1601561,-2.7473118,0.8396423,5.8026733,6.228143,0.6329925,2.820211,9.397281,0.7524858,-1.0022545,-2.1931047,3.1232162,-4.049145,-2.0291135,-6.9739847,-0.945149,1.5171424,1.9840685,5.210515,6.424882,2.5665236,2.565397,-4.1880617,3.8336043,30.915407,8.052646,-1.5423317,0.17944819,-7.6730294,PD,data/Images/PPMI_Images_PD/181619/Reconstructed_DaTSCAN/2023-06-06_13_42_27.0/I1719086/PPMI_181619_NM_Reconstructed_DaTSCAN_Br_20230623143041467_1_S1235276_I1719086.dcm,181619,Validation,SC,67.3,IA271291,SCREEN,05/2023,0.0,0.0,0.0,02/1956,1.0,,2.0,0.0,1.0,0.0,0.0,0.0,0.0,1.0,0.0,0.0,0.0,0.0,0.0,0.0,1.0,0.0,05/2023,2023-05-22 00:00:00.0,2.0,123I-DaTscan,06/2023,2.69,2.25,1.02,0.65,1.73,1.38,Yes,,,1.2964577997985551,-0.7395273345785719,0.9531985988791419,0
-0.13575813,-22.51836,3.475806,-2.873446,-1.21797,-8.325139,-0.86971045,-4.971282,-1.1453263,-7.518356,0.83658063,0.861371,2.45434,4.488195,1.7484248,15.521349,-1.5077978,-4.7452707,2.3715966,2.6081665,-2.091887,-2.4330428,0.62536657,21.282679,-1.1932845,3.2549517,2.4689326,-2.6422427,2.1907132,0.57276636,2.767302,-5.775701,-1.7889749,2.8528566,8.02403,2.0408893,-3.2985024,-2.4120414,1.2149868,-1.4312862,1.9682474,-2.562005,2.837723,-13.777273,-2.0582278,-0.26786134,-6.2204156,-0.94568837,8.41863,0.6554341,0.91301066,-3.9025984,-6.022215,5.633517,-1.9824803,1.0580893,5.093641,-1.4093095,-4.6407766,-0.5737554,2.6464043,21.738802,0.64615923,-3.2450042,-5.0592356,-0.7123811,-4.393233,0.65800464,-5.3206434,0.14746691,-1.904046,-7.6118493,-1.4718184,2.8180974,3.9543176,-1.3499907,-0.36657545,12.872276,-0.5224132,-0.6953729,-5.625368,-0.039627116,-0.9160515,-5.792707,-0.62507945,-5.4747343,5.2685256,-0.4593256,0.9442449,-1.793529,0.078960136,1.1782047,5.579267,-14.29282,4.395296,-2.1612668,-9.766623,-0.97550255,0.24119069,0.8140808,1.5557884,-10.534584,1.0078533,-1.4358134,0.3000559,0.41099095,-3.2863374,4.487517,0.245178,-2.0199215,2.435803,1.9760015,-3.5927994,-0.7944855,0.8730306,-0.267461,0.928822,-3.8981817,0.4596174,-3.3802326,4.310573,-0.58381516,-0.47923708,0.16389064,3.6452389,1.6926247,0.13347343,-0.51527053,1.5770813,-1.7405624,-15.03603,0.3269345,-1.1075164,4.3591557,-4.8280516,0.95079714,-6.938806,2.596734,1.7328198,-0.80496013,-12.519127,3.3509808,-1.2402836,-1.1254649,-1.3378958,1.6143737,4.3947725,3.0041819,25.812653,1.4536216,-3.6033254,1.6368607,0.96087515,1.5995108,-1.3332168,9.775452,2.1721764,-0.66149753,1.5270025,19.109331,-1.7239,-0.50897855,1.8070161,-5.8706303,-2.590823,-1.9653448,-0.48273492,2.49033,2.2024574,-10.466435,-10.226128,0.022657122,4.2758613,2.8376064,-2.2135968,-0.48282605,7.279593,-21.048403,1.3475418,-1.2353708,-0.38928014,-4.8878365,-17.670033,2.1219623,-2.448478,-19.65066,9.054108,2.0909624,-4.0266414,-3.8732078,5.9861774,-3.524035,-0.03753379,0.32220924,-4.187839,1.8465998,4.3441796,1.3481867,2.9432528,-5.7189746,-7.2698383,-1.4374065,2.8056884,2.2256384,1.6802479,-1.4683533,-2.280324,4.249845,1.4919152,2.0151186,-1.928818,-6.586266,-1.1881845,0.05589594,0.09653611,10.71806,-4.297696,-1.0174917,0.06909749,-6.586836,3.2087379,0.25728408,2.4094844,6.187779,-1.3240497,1.0203168,-3.7828853,0.73777705,-1.4025098,1.1113336,1.4967985,-0.8045108,-2.2521658,-0.6992074,5.81496,7.6039762,-1.8368412,-3.2670813,0.2923419,-7.2505803,-2.9407246,1.2316684,-3.7809057,-0.041274883,-1.3208455,-3.5827038,2.2733402,3.4027367,1.258926,-6.795979,-0.8763855,24.024054,2.1470394,1.3535393,1.4324193,-3.33735,PD,data/Images/PPMI_Images_PD/181971/Reconstructed_DaTSCAN/2022-12-06_12_49_49.0/I1665850/PPMI_181971_NM_Reconstructed_DaTSCAN_Br_20230213205231822_1_S1194092_I1665850.dcm,181971,Validation,SC,67.0,IA209372,SCREEN,12/2022,0.0,0.0,0.0,11/1955,1.0,,,,,,,,,1.0,0.0,0.0,0.0,0.0,0.0,0.0,1.0,0.0,12/2022,2022-12-06 00:00:00.0,2.0,123I-DaTscan,12/2022,3.2,2.91,2.22,2.28,2.65,2.77,Yes,,,5.971270102153511,0.10922772798944018,-1.0256122643068533,0
6.0248833,-19.807964,4.2686706,-5.505562,-9.110251,-7.797259,-5.729941,-0.40925878,3.48548,-7.69923,0.9585112,3.3265352,2.8548253,1.5119855,5.112366,18.598488,-5.6664844,5.5909896,0.7927515,2.8819022,-4.4533496,4.312466,-0.101167746,22.881815,2.9111164,2.6151068,-0.7146519,-3.565509,3.260611,-3.555738,1.2301269,-4.4538465,1.7486538,8.383246,4.3313975,4.3825192,-2.6556005,-7.828227,2.158984,-4.875475,1.6351519,0.61427766,2.0472364,-15.076369,-1.5493387,-1.3149929,2.649346,3.9782276,4.456441,5.063196,-0.65964586,-7.9951673,-4.288707,-1.1298038,4.629436,-1.267956,1.9130458,6.1246214,-2.7812963,5.419681,-3.4733055,24.07273,7.3176627,-4.3275404,-7.8687563,5.663906,-4.9864144,-5.171405,-1.2100732,-3.6652308,-0.5366716,-11.7475195,-5.521586,2.5682642,0.040030103,-2.762884,2.0134735,10.122336,1.3347114,4.972484,-5.4148884,-5.6042075,-0.7569368,-2.3087072,0.05982392,-9.006224,-4.1176343,1.179926,3.6323156,-1.5080206,3.6953535,1.4241604,9.65445,-7.390434,3.4048326,0.9656042,-15.495918,2.04523,0.7179275,-3.3638308,2.659745,-7.6270833,-5.847744,6.6227975,4.665274,1.8244574,4.620283,-6.452446,-4.1184683,2.2404792,3.5729077,1.8773769,-1.936259,3.1947584,3.6489289,-7.366815,-6.5184097,6.748122,-5.5805693,-0.9213784,1.5691372,5.3290963,-6.5969586,3.280068,7.0379906,0.32838312,-4.719928,0.26500914,7.212887,-3.27311,-16.714634,-2.192455,-5.934095,6.7768774,-3.549804,3.3193333,-10.149616,2.8233497,-1.6259731,-2.5451503,-11.426752,-2.9592438,5.071413,2.7456057,1.1318551,2.044727,6.236142,5.1571527,23.450546,0.51881725,1.0608054,1.7765609,2.5075207,5.263534,2.820161,10.07356,2.2137167,-2.584462,3.1281612,14.22098,3.6038532,-3.3852382,2.0674105,-3.8319972,3.83568,0.7024809,-1.22043,7.015183,4.0602303,-8.090366,-11.238287,-2.8236015,2.231503,3.3494232,1.3375779,0.16280521,2.925955,-12.097453,-1.7430369,2.332968,3.8607376,-13.787666,-19.878086,0.8291861,2.9842649,-17.855082,8.573622,1.463515,-1.3429337,0.3801805,1.296524,9.238628,5.22654,3.062684,-4.2667584,12.717872,-3.066932,-1.8503131,0.006780793,-1.1738636,-6.3137603,-8.05166,5.4240737,4.5230203,-6.959819,8.024911,-3.7607195,-0.79740757,-3.531072,2.7463045,1.3503251,-10.6036215,-1.5050514,5.7741494,0.5052571,10.347325,-7.0917697,3.476078,1.4944276,2.2844164,6.327555,1.9312531,2.5127366,7.6338577,2.4087863,-6.947226,-7.2194185,-1.5030434,1.452818,-2.3073258,2.2311914,7.42732,5.037384,4.5965962,8.946611,2.4146295,2.5655906,-6.1381097,1.0440694,-6.561146,4.0915103,-0.58447886,-0.32741567,4.341787,1.0532762,3.4127455,2.254254,9.627237,-0.13075328,-3.2574453,-2.2032306,27.663906,3.8731332,3.7105818,5.388727,-0.8006563,PD,data/Images/PPMI_Images_PD/182427/Reconstructed_DaTSCAN/2022-12-15_14_28_49.0/I1665853/PPMI_182427_NM_Reconstructed_DaTSCAN_Br_20230213205309361_1_S1194098_I1665853.dcm,182427,Validation,SC,68.9,IA206882,SCREEN,11/2022,0.0,0.0,0.0,01/1954,1.0,,,,,,,,,1.0,0.0,0.0,0.0,0.0,0.0,0.0,1.0,0.0,11/2022,2022-11-24 00:00:00.0,2.0,123I-DaTscan,12/2022,2.53,3.58,0.98,1.32,1.46,2.3,Yes,,,3.0160159262212747,1.6038759429291787,1.1756050877808426,0
0.75830394,-15.730622,0.83862317,-5.4207807,-0.3069063,-6.7759933,-2.268813,-4.617814,5.503403,-4.5584846,2.3228118,-1.3380486,0.6292548,1.7535223,0.81486523,14.8022995,-4.457229,-5.3783226,10.616807,9.843749,-4.6867223,-1.3285091,0.8126789,16.22502,-1.8668185,-6.1374245,-3.4160304,2.2110407,1.466132,-0.23604499,-1.7151827,0.5493412,-4.112346,2.9596124,6.0744753,4.9199467,0.26015326,8.249162,-5.901667,2.5608659,1.2141773,1.6387563,0.18899994,-8.244837,4.9245706,4.413152,4.9570775,2.1594236,4.0519934,1.1277868,0.61755574,1.2592558,-4.7745185,0.86526173,4.2532353,-3.3034492,4.6070046,2.726779,-3.5499344,1.0771343,-4.94275,24.13394,-1.9763702,-5.136968,-12.335649,-3.9656274,6.034453,-0.11736004,0.4448747,-0.5357703,1.5697058,-9.401386,2.1492221,-4.391614,7.0636806,2.1654646,0.69981897,6.3369465,0.14841661,1.824546,-4.3911657,-4.8846426,-6.368167,-1.4136996,-0.44677234,-2.7130382,-4.6768117,4.4436455,-0.77475667,0.900019,-1.1976268,3.9487927,8.394044,-2.303823,8.256602,0.49565437,-18.758959,-2.7316175,8.185371,1.4682816,-0.31925923,-12.757925,-5.4229813,6.991347,-0.98016053,-3.2969027,5.729087,-7.9615846,-1.5289549,-7.7507253,2.7007453,1.5078851,4.5226145,5.17741,-3.1959329,3.747179,-6.566606,1.5323821,1.4995521,-0.31944296,-1.8069593,-2.6850357,-2.5585144,3.3043196,0.4029534,-4.716086,-4.9941483,1.2841265,5.1981087,-1.3389733,-20.925098,1.1299341,-4.510081,5.6084614,4.4619246,-4.109617,-8.153005,9.243858,1.4300939,-1.3081466,-18.453838,-6.9463816,-5.1134477,-0.17495434,-0.61424863,0.8729549,5.385438,-2.736243,17.021454,0.20517571,-0.7156144,1.2663766,2.8017356,-3.223313,1.0891877,6.690609,-3.4415107,-2.2597377,0.27527615,24.714647,-2.9291906,-6.090497,-0.76509464,-3.0641463,4.0914116,1.7781755,-1.8936404,1.958075,5.5811467,-15.261998,-4.6717305,0.3041724,-5.055474,5.9341316,2.4779372,0.7651782,5.5246196,-2.1209285,-0.48936582,-1.9424748,-0.7711787,-5.788547,-26.034397,0.41712484,1.8487725,-5.3523035,6.351159,-2.5697985,4.533396,-8.220686,3.8642282,-0.45654953,-1.3719299,7.673529,-2.7756279,1.5117698,-7.541734,-5.0570292,3.4609694,2.1452205,-2.9494026,-1.7904745,5.280042,6.952809,3.5271654,3.5414388,-1.092659,-6.4391694,-7.8317366,9.820274,3.1658893,-4.195722,5.0355916,1.8313555,3.2747877,2.8192995,-4.0764484,3.604221,-1.6237748,5.255505,2.4859695,-8.515108,-0.0011682175,2.737513,0.9153885,-4.027175,-2.2843215,5.773803,2.9234402,-0.29454583,-2.958708,1.9966483,-0.5991953,4.8517694,2.0089672,1.9309978,-4.9507036,-3.1642222,-0.49329442,-2.9117181,-1.3657857,-9.907411,-4.018689,2.5156293,-0.17742442,-0.86982393,5.799696,0.736484,-5.582423,-9.643981,-0.48023894,30.507336,2.2532263,2.361009,-0.16805458,-5.583311,PD,data/Images/PPMI_Images_PD/182724/Reconstructed_DaTSCAN/2022-12-14_12_34_45.0/I1665856/PPMI_182724_NM_Reconstructed_DaTSCAN_Br_20230213205347323_1_S1194101_I1665856.dcm,182724,Validation,SC,74.2,IA207058,SCREEN,11/2022,0.0,1.0,0.0,09/1948,1.0,,,,,,,,,1.0,0.0,0.0,0.0,0.0,0.0,0.0,1.0,0.0,11/2022,2022-11-28 00:00:00.0,2.0,123I-DaTscan,12/2022,2.55,2.4,1.14,0.73,1.95,1.35,Yes,,,1.5967491392301338,-0.8004545687550355,0.7757837672342013,0
0.42222404,-21.955109,3.997205,0.6432125,-1.9261446,-1.4064077,4.593502,-0.5129178,2.0077293,-4.772303,0.15836647,0.35035482,-3.6362603,-0.04429035,0.20518517,18.513557,1.25778,3.8944166,-2.2864485,6.852323,-0.548156,-0.9614413,-1.4384674,17.060738,1.519622,-0.49791795,1.0102415,-0.64671737,4.2957177,-1.4080646,1.5331721,0.40004265,-0.7184882,0.74366724,6.7836494,0.56793094,1.0716587,1.8157219,-3.5712001,0.863081,1.7917244,-2.0415978,-0.5206647,-12.028688,-1.1828102,-2.4705994,-3.4343424,-5.2010226,7.9457955,1.0196122,3.2909236,5.056797,-0.4008022,1.4017471,-3.2711651,5.0135226,-0.62878317,-0.6311263,0.026100963,0.799125,-0.6853503,18.8315,2.6224601,0.88488775,-4.0685225,1.195514,-2.410112,2.488496,0.97742075,-1.1993457,2.056298,-13.944904,-2.382759,8.729666,0.17248587,-0.3067955,-0.7290881,10.406714,0.6634492,2.0851946,1.4566157,-4.1263275,-2.1488101,1.5094736,2.1095576,-8.448456,-0.06469711,1.9432522,0.92017907,-1.0255594,0.3751193,-2.1365623,-1.6599103,0.09798773,2.348065,-3.6924825,-5.6001797,-2.885123,-4.3043323,-2.2349663,2.8476229,-11.272829,2.5312028,2.9499478,4.8699937,3.6742015,2.262221,8.319466,0.36602938,-5.4627867,4.3453493,1.079308,-6.3662605,2.425123,-2.6166599,0.52230203,2.4030051,3.8974838,-0.855389,-4.890968,1.0858173,-0.6329609,1.2140604,3.0889492,-0.3465545,2.4006674,-4.8620977,1.6657243,8.391915,-1.6672266,-19.43465,-1.5087318,3.3860877,6.8250628,-3.5528073,1.421805,-4.605208,-1.3702908,-2.2068484,-0.91203904,-17.625439,0.8987467,1.2348852,1.0444419,-0.81620276,-1.2704647,7.0015745,0.7088549,20.872332,0.8302149,-2.6340723,3.9714942,-0.14662597,0.01896004,-1.387366,8.61455,-0.64317775,-2.8440502,-3.684362,16.82887,0.24750656,-0.9522534,4.3988485,-7.3036346,-0.114032194,-1.4506952,-3.0191424,-0.31545877,3.1698072,-10.976283,-10.095344,-0.3836537,-3.4832087,-2.141867,1.2375345,-1.1300608,-0.687124,-17.234718,-3.1090698,-1.8204328,-3.82631,-9.808607,-18.720852,-1.7558538,1.0485312,-13.561858,11.012774,5.475354,-2.6307824,4.8703003,1.3152655,0.82282376,0.8370696,1.8804362,-0.82254446,-0.08159158,0.79159325,1.3253236,8.158599,0.17551604,-7.4874654,-2.4283974,-1.9267597,8.740512,-2.2026174,3.3321264,0.86553556,5.8490553,0.49361244,1.3696138,2.5871215,-0.27441442,0.99367774,13.139596,-2.20786,6.0266933,-5.9927335,-1.5059415,1.0580034,0.20225875,-0.17379093,-8.526276,0.8411673,-0.14519796,0.277965,0.33733773,-3.668235,2.2106988,-0.20571871,2.259774,-0.76564676,-0.6692046,-0.9959587,-0.58020574,2.360517,6.9859495,-0.20467581,-2.9563491,-0.37762764,-2.8519113,-2.2731223,1.8225886,-2.0761523,4.6462502,-3.1491601,1.0767127,-0.6664864,0.93948627,3.3052652,-6.9524813,2.3410165,23.586267,4.320444,-0.24778427,5.3686967,-4.4765334,PD,data/Images/PPMI_Images_PD/182848/Reconstructed_DaTSCAN/2023-01-05_10_33_31.0/I1665858/PPMI_182848_NM_Reconstructed_DaTSCAN_Br_20230213205412211_1_S1194103_I1665858.dcm,182848,Validation,SC,65.7,IA216399,SCREEN,01/2023,0.0,0.0,0.0,04/1957,0.0,0.0,,,,,,,,1.0,0.0,0.0,0.0,0.0,0.0,0.0,1.0,0.0,01/2023,2023-01-04 00:00:00.0,2.0,123I-DaTscan,01/2023,1.94,1.62,1.27,0.66,1.69,1.06,Yes,,,0.4039991515548663,-1.132855242160742,-0.318013396614927,0
-3.1474037,-13.82642,3.324624,-4.245102,-5.773313,0.4005211,0.47492883,3.939519,4.4730363,-4.1485615,2.0586188,-0.13307868,0.27166763,1.29597,0.77226406,15.966679,3.5584583,0.98160887,1.0296034,7.5126786,1.539605,-1.2856431,-4.3597264,18.348516,3.2189064,-1.2006183,1.6159036,-1.1622802,1.8538575,-0.27257222,3.0247777,-2.9273548,4.285157,-0.013047943,5.2568293,0.8228273,-4.6616616,7.9840393,-4.5666575,-3.900122,-0.6096014,-2.3868842,-3.5871408,-15.115599,-1.6926162,1.8846877,-0.6406827,-2.344098,5.9318748,-2.0129793,0.83816063,1.450889,-1.659308,3.3175697,0.22198841,4.2091646,2.9382112,-3.1454327,2.9450493,1.1943985,-1.6750742,19.41391,6.610119,-0.6638068,-8.597877,0.17293213,-3.98595,-4.7864823,-0.25923347,0.11645912,3.518211,-14.162184,-4.826377,4.4428363,2.8176806,-1.9186153,-2.249826,1.5474998,2.8978865,-2.095231,1.065048,-1.3506618,-7.8486166,0.17894241,2.5109293,-5.48316,-3.6423395,1.1325024,1.3075805,0.6568635,0.79766935,-4.626718,-0.51074827,2.8442566,-0.050034728,-3.0961514,-11.508569,-2.827146,7.6722274,0.3407403,2.383596,-11.301954,-7.2134233,5.087093,4.6209273,2.59698,3.3248062,1.7323543,-4.338441,-4.3502684,1.9883318,-4.6098633,-1.203726,4.055877,0.06472482,1.3915366,-0.9553154,4.062888,0.03343357,-2.3084404,1.115732,1.9913971,1.1907401,0.05632773,-0.24528545,-1.3063422,-2.9692822,-2.952004,9.514186,-0.13007273,-18.128958,-5.196263,-1.9311908,5.841559,-0.53529,-4.2617426,-1.0674139,4.3164387,0.23826036,-2.794958,-11.037615,-4.5647955,3.9235005,2.370688,0.11840288,2.9233077,1.8022919,7.9514413,18.400776,1.788713,-0.76297677,0.14585353,3.277715,1.0015308,2.65046,9.042495,-0.8931995,2.806598,1.8683727,21.347073,-4.661707,1.4038869,0.99943745,-5.8968267,-7.3310733,-1.5822676,-1.9329593,1.8358645,3.2463925,-18.002705,-10.505945,-0.19605687,1.3441774,3.208969,0.8149394,-1.8120186,2.4356527,-2.6459615,1.4549348,3.4291284,0.87196064,-11.925402,-17.188564,-0.8443138,1.9371829,-9.501537,7.76007,6.0600963,-5.081058,-0.15478179,-1.7468984,1.945635,-2.4193916,0.78247994,-5.879316,3.3942394,0.09571344,-5.9475923,0.255733,1.0522556,-10.014891,-2.4767754,0.49394453,5.5561137,-0.33200908,-3.8188634,-2.6518307,3.3905263,0.92513704,1.84419,1.9757144,-4.905743,1.8544925,10.117074,-1.0947914,4.536237,-4.0028114,1.8357131,-3.4779549,2.6315653,0.029248975,-6.137064,1.825751,-2.189063,-0.5549711,-1.0341444,-0.8812663,2.8764884,1.2333343,-1.485363,-1.7692287,2.8663387,2.4721525,2.1815753,4.58772,-1.0152409,-2.4709291,0.834525,-3.7419786,-2.2914379,-4.6219397,-3.237604,-4.0892878,4.109487,-5.3903856,3.5008886,1.9009155,-1.8154186,1.5000612,-9.525154,2.3395908,23.673857,0.080043815,3.1514254,0.86187106,-3.523862,PD,data/Images/PPMI_Images_PD/188069/Reconstructed_DaTSCAN/2023-02-07_14_31_12.0/I1682341/PPMI_188069_NM_Reconstructed_DaTSCAN_Br_20230324105207690_1_S1207821_I1682341.dcm,188069,Validation,SC,51.0,IA220832,SCREEN,01/2023,0.0,0.0,0.0,01/1972,0.0,0.0,1.0,0.0,1.0,0.0,0.0,0.0,0.0,1.0,0.0,0.0,0.0,0.0,0.0,0.0,1.0,0.0,01/2023,2023-01-19 00:00:00.0,2.0,123I-DaTscan,02/2023,1.83,1.82,0.78,0.49,1.26,0.95,Yes,,,-0.4535590440626195,-0.45666183004732924,0.39771712609776905,0
-1.4792184,-14.946813,3.8531654,-2.4337611,-1.6906321,4.4688635,-0.6428585,2.8793352,0.14885849,-5.129393,0.44250876,2.678744,-4.146561,-0.70159525,3.9532535,17.90521,-3.0317998,2.7288198,-1.2109213,6.469071,2.048897,4.027352,2.9860365,16.32948,-1.3130213,0.78066623,0.4375137,1.3752021,-0.75138736,-4.0233593,2.290519,0.86647105,-2.1953723,-1.528032,0.29419962,8.364785,2.786893,2.5213342,2.7263417,2.9728563,-6.219574,1.2335385,7.6913443,-14.435219,-7.615761,1.3995348,-1.4548542,-4.933802,5.035994,1.7041351,1.3534836,-2.2705133,0.15094477,-1.8524557,-0.22296092,0.059925407,0.62770045,3.2053485,0.9787811,-0.5115316,-0.71753234,16.671755,6.506523,-2.0867205,-8.243101,0.0022004354,-0.1954618,0.23616056,0.32574457,0.059134446,4.339335,-8.703901,1.6295371,8.847843,0.40911376,-4.335932,-5.243641,4.5826044,-1.7109182,1.7326832,-2.2798457,-1.0702357,-4.235987,-2.811498,0.29128587,-7.801647,4.2175145,2.1589503,4.3625493,0.8296506,-6.336094,0.6875435,2.415666,4.7726064,-2.6116042,-0.26903665,-9.370652,1.6909572,2.3395517,-3.935634,-0.18143134,-12.11606,-1.0857158,1.7206274,0.339945,-5.748903,-2.5640478,0.40649474,0.2660632,-2.3235667,3.4368129,1.4037246,-3.2398803,-3.8444822,1.58596,0.16084443,-0.76623964,-3.2383492,-4.1158338,-0.54205394,-2.195913,2.171687,-2.4027488,0.15762432,2.7744863,-5.7843795,-5.853952,-1.8992261,6.6818347,-0.5904714,-17.012753,-1.159327,0.2925837,12.767364,-0.61087,-0.870283,-11.2187805,0.44446066,-0.017013783,1.5035452,-16.736166,-0.9687997,0.8468932,-1.7898097,-1.5142002,1.3003485,5.430297,1.3940086,16.004356,2.7229702,-2.3512857,-1.4859201,-0.35661912,0.9038535,-2.250786,6.1451373,-2.488241,-3.3240254,-0.15223187,10.840892,-1.0193759,-0.91450924,-0.01520166,-3.3754048,-1.651509,-0.58535427,2.160961,1.4362984,0.24392016,-13.576383,-12.633444,-0.87593675,-3.209312,2.9916406,1.4029185,-1.8823485,2.211359,-18.768248,0.7213339,-3.117791,-1.42103,-7.3918753,-15.44983,2.332308,2.4446352,-12.395587,13.101105,2.1010864,2.7911274,-0.37004584,2.152466,4.2652683,-1.8890481,-2.1508317,-1.5852904,-1.5347216,-2.7849953,-1.9490068,0.023497034,0.12589122,-12.4826565,-3.285927,0.95691997,7.221692,0.20225044,-1.7063819,0.34135514,-1.3363285,2.924361,-0.2515539,2.534062,-5.6533422,6.858844,13.193075,-2.047826,2.5831096,-6.6324515,-4.9268165,-0.9390288,-2.8212225,-2.8346784,-3.2241728,1.4231313,0.8345365,-2.2701018,0.4512921,-1.8461398,6.6307325,1.9940853,-1.6853957,-2.570486,3.3643951,-0.631935,5.36291,0.15204208,3.788622,-4.265094,2.8637278,4.282989,-3.065563,0.7805745,-0.6250303,-2.3122065,0.504249,-5.4193583,0.0036576444,-1.2857667,-0.3740123,1.5877061,-4.825066,0.13621362,15.2051115,0.099890955,2.0625463,0.928464,-0.32569647,PD,data/Images/PPMI_Images_PD/192111/Reconstructed_DaTSCAN/2023-02-15_12_55_20.0/I1682343/PPMI_192111_NM_Reconstructed_DaTSCAN_Br_20230324105232135_1_S1207828_I1682343.dcm,192111,Validation,SC,64.4,IA230233,SCREEN,02/2023,0.0,0.0,0.0,09/1958,1.0,,2.0,0.0,1.0,0.0,0.0,0.0,0.0,3.0,0.0,0.0,0.0,0.0,0.0,0.0,1.0,0.0,02/2023,2023-02-15 00:00:00.0,2.0,123I-DaTscan,02/2023,1.34,1.6,0.54,0.45,0.82,0.84,Yes,,,-1.4963804750527079,0.07964682238478689,0.13250611727816278,0
1.7766565,-30.608047,3.0537388,-7.504692,-2.2496195,-22.453117,-0.6829945,4.2215242,5.1554494,-5.3089266,-2.4918916,-2.2149289,-1.68086,-1.1558435,6.5761733,16.723486,5.8891397,-0.4330612,2.7869213,5.105995,1.0021919,3.5716968,-0.36535496,10.453111,5.462392,-4.533225,0.51084566,1.8788229,0.98787653,0.7365208,2.0371523,-5.2900357,-0.020613743,5.12743,7.70343,7.477388,4.9033246,-1.230444,1.2078767,-0.87888086,3.797786,-0.56880873,2.4098823,-12.454555,3.4878376,3.2855535,-7.0500307,-2.5518878,9.907016,1.7900034,2.963252,-3.5637784,-3.9978735,5.215075,-2.5492263,4.7093577,-3.697263,1.4022815,-5.21735,5.987777,1.3930124,22.920254,5.168099,3.5874772,-8.822684,6.1565294,-1.656573,-4.2098317,-0.2407726,-0.869166,0.25075746,-13.718986,-10.010519,-8.845854,1.1382656,0.08044337,-3.8951583,13.551087,2.695215,-7.8931937,-0.8455405,-3.8245702,2.846484,-3.4078286,0.49278495,-8.886652,4.2071457,-4.726346,2.7561717,-0.27248806,-2.0914125,1.4505124,0.96185917,-16.739399,2.1355767,1.9202639,-17.360859,2.9316716,8.734029,7.035532,-3.2351487,-7.1120687,1.0653275,-2.8953865,8.90094,-2.1407025,-0.3515141,-1.5649042,3.8364806,-0.24014378,8.331969,-2.646686,-2.0670843,-8.137844,3.1983812,-0.14981854,8.353759,6.32883,-0.88236195,0.5414767,-3.0716884,-2.9754865,-1.8958545,-4.9675364,-4.024873,-1.4353826,-2.5101643,-3.4759288,8.772075,-3.2985313,-16.026882,-4.6009026,2.1238184,2.454872,0.71041846,2.337818,8.391547,1.1634622,-5.145182,2.6042833,-17.013363,-1.5311544,-2.7892747,3.4555187,-3.5635607,-0.758117,8.0125065,4.363198,14.530781,2.1492195,-7.6159477,-0.09316284,-3.1474347,-3.2811701,6.3852973,15.358332,1.0941554,1.9966165,1.2722678,17.02877,-3.2316694,2.568414,0.6056248,-0.9500165,-4.72548,-6.3887467,2.5253413,0.9333967,1.3626093,-10.404973,-3.6544037,4.1603684,4.1140404,6.0130463,2.7793837,-0.165178,3.582884,-13.444687,1.9794455,3.0136695,8.056074,-7.956769,-25.08946,1.6344572,4.2826877,-15.02793,3.9790757,-6.321703,-0.092525534,-5.186627,5.677758,-6.6633024,-1.5985376,3.703307,2.8299565,4.4527464,5.023606,1.403996,1.3793873,-3.855387,2.1072278,1.0175353,-4.799581,-0.7386405,1.0095668,-0.79975057,1.0152519,0.686281,-0.5148689,8.14379,-1.7217722,-13.540293,1.7159171,1.8628826,-4.656101,9.210107,-6.384243,0.14163533,1.1250975,3.2111514,6.2962346,0.35858253,6.779978,0.6259694,-4.2023897,-2.6717792,1.2636448,-0.38564983,2.020845,-0.08172207,-0.43020493,1.0091882,0.9069524,3.5733583,2.411296,-3.1937523,0.33099106,0.048934095,1.3239375,0.27252012,-2.2981174,-5.9091096,-6.499069,-0.7903084,-2.127976,0.83821654,8.151164,-1.6388777,4.2408533,-15.071625,-4.4084454,41.150272,4.820149,6.104129,-0.17866525,-2.148826,PD,data/Images/PPMI_Images_PD/194945/Reconstructed_DaTSCAN/2023-02-16_14_39_00.0/I1697989/PPMI_194945_NM_Reconstructed_DaTSCAN_Br_20230508143153412_1_S1220326_I1697989.dcm,194945,Validation,SC,57.0,IA228407,SCREEN,12/2022,0.0,0.0,0.0,01/1966,1.0,,2.0,0.0,1.0,0.0,0.0,0.0,0.0,2.0,0.0,0.0,0.0,0.0,0.0,0.0,1.0,0.0,02/2023,2023-02-09 00:00:00.0,2.0,123I-DaTscan,02/2023,3.39,3.68,2.52,2.71,3.09,3.53,Yes,,,8.018120021008748,0.820929357541232,-1.069687082967038,0
-0.48377362,-15.15903,0.014154481,-4.245831,-5.2166305,5.6653547,-0.100347325,0.21957341,2.4427364,-1.7166831,-1.6216977,0.88570815,-6.2721577,-0.07783997,-2.8974452,18.653017,1.9965283,2.9511788,-3.7941043,3.7584674,-2.1252933,-0.18282986,-2.031114,15.916826,0.9464348,2.9756792,-2.3021784,-4.5458183,-0.082961,-4.155712,0.3725776,-1.3564035,-3.365662,0.44345522,7.922906,7.404681,2.2435553,-0.54426086,-2.1815436,-0.3498805,0.90630984,-1.5886849,-0.11380052,-17.35771,-4.5920987,0.29242268,0.18744579,-3.3315997,4.5528226,3.03927,-5.0240974,2.8285744,-2.6649902,0.21018629,3.1396906,0.50663745,2.755686,4.711611,0.69660115,9.435095,-2.8749812,25.337984,2.234391,5.44105,-12.270248,-1.2396532,-2.3000019,1.337389,0.8323883,3.9550629,-1.1743977,-9.318051,-2.213373,6.903744,-2.4155467,3.1770914,-0.36963123,3.9173522,-4.5804896,3.3382435,-7.5340233,-1.5606867,1.4305362,-6.414865,2.3367376,-4.525792,1.0927261,1.3002499,0.7779961,3.0544708,-1.473465,-5.061426,0.8317291,0.85659146,0.26014733,1.8296314,-12.968876,0.44532287,4.423645,3.473955,-0.7822445,-8.919025,2.8749964,4.787419,2.8497384,2.2262301,1.8823236,3.2762666,-3.5541158,-2.8265028,6.6230664,-1.515243,-0.15566774,-6.544186,-3.6154635,-2.4606097,-2.5360365,-0.08350479,1.0236919,3.0773604,1.4310431,0.35635638,3.4695694,2.2643955,4.249096,-1.1097589,-3.7491071,0.07315166,7.816422,-3.2040865,-15.914893,-2.281053,-2.6388505,7.0715294,3.4948425,-1.6036743,-10.431639,2.9904103,1.7973784,0.031254105,-12.931197,0.12513965,-1.5853543,0.068223804,-3.4131985,0.99178517,-0.46990988,3.1153324,15.515459,-2.906806,-0.10446459,6.225033,4.8190145,-0.77649814,1.171979,5.346205,3.2332413,0.4735498,1.3611283,22.502872,-1.7028238,0.4525452,2.367082,-0.49667823,-0.056292046,-5.115835,-0.14659585,1.7174902,-3.8188815,-16.388042,-13.250826,0.4848943,1.9030275,3.9855065,-2.1634493,-4.4021854,6.8740416,-10.910974,3.6802993,-4.139499,-0.42677814,-7.243501,-17.87285,3.9198427,-3.9890006,-11.908316,8.740749,-1.3964963,-3.725756,-1.6827309,-4.1509433,3.8607495,-0.7604381,-1.3787305,-3.2950644,-0.30147582,2.4256086,-0.82478136,1.235305,-2.0526435,-11.594175,-4.4798837,2.192755,4.3537283,-2.902715,5.2156935,-0.17338197,1.9260036,-0.045255832,2.8574154,-1.9987268,0.7688525,3.449014,6.931583,1.5731328,4.4623466,-9.964012,-2.1884172,0.26744482,-4.4856443,3.326682,-7.097213,-2.0813317,-1.7921249,-2.8133497,3.2344027,-2.1836064,-2.3146193,1.8671759,1.0307846,1.6385949,0.023265125,-4.7895007,1.4914362,5.47898,2.2403615,-1.2252327,4.1400647,3.8789017,-0.98439926,-2.3654113,1.6886373,0.40995938,0.870386,-8.814824,1.7307925,6.5333138,-3.397496,-1.0842947,-7.7997804,-0.036102425,24.33769,-2.1642988,-0.13166364,0.063655175,-4.829903,PD,data/Images/PPMI_Images_PD/204012/Reconstructed_DaTSCAN/2023-01-20_13_15_45.0/I1671484/PPMI_204012_NM_Reconstructed_DaTSCAN_Br_20230228102204538_1_S1197951_I1671484.dcm,204012,Validation,SC,72.9,IA221395,SCREEN,01/2023,0.0,0.0,0.0,03/1950,1.0,,2.0,0.0,1.0,0.0,0.0,0.0,0.0,1.0,0.0,0.0,0.0,0.0,0.0,0.0,1.0,0.0,01/2023,2023-01-20 00:00:00.0,2.0,123I-DaTscan,01/2023,1.96,1.39,0.7,0.59,1.23,0.81,Yes,,,-0.7421546443646606,-0.7055102191472735,0.13874632450378593,0
4.6909685,-25.287859,9.502881,-3.2809498,2.0977693,-2.8586366,2.2338774,6.1925616,6.4916606,-5.0650773,1.23902,-3.5294755,2.520093,-3.5358326,6.045774,20.564444,0.75485134,-5.018122,1.3561077,11.2461,1.1030161,-0.4157231,-3.8208215,22.526804,6.77786,-0.89876693,-1.6103394,-0.8499501,1.7378876,1.2503426,1.1994451,1.7179383,-1.4022273,3.032115,6.470397,3.4484665,-5.2780604,1.1956931,-6.666,3.4335465,-1.3618338,-7.818805,-6.5296044,-18.6585,3.7721055,0.35558432,1.2461066,-0.18422359,2.5721428,-0.115078054,-2.284414,-1.764839,5.614492,6.297186,-3.1161492,1.3583504,-1.3002218,7.517185,-2.298182,-0.067125045,-1.413509,20.236853,3.2670655,5.023684,-8.270457,-5.590626,0.47317937,-5.4132934,-1.5339948,-2.6549654,4.536451,-10.850233,-1.542202,-3.66696,-1.4980385,0.80598766,2.1454337,3.8440187,5.4237075,3.217017,2.0534732,4.089327,4.9992666,-5.0773816,7.5643435,-5.537336,3.8670974,1.1531653,0.137008,-6.0028033,-3.3494616,-2.5048764,-3.7596946,-4.748081,0.14479987,4.2394013,-15.193607,-5.24573,-3.5618787,4.6306267,7.4219666,-18.011518,5.826432,-2.343486,1.4994947,0.5160838,2.5910242,3.3217762,-0.52142733,-6.374908,-2.1644871,1.372624,-0.06535746,2.1855793,1.8842752,1.2090049,1.9562553,-1.989191,2.5504277,-1.8694099,2.7424636,0.15543579,2.012108,3.3832514,-2.3764672,8.407142,-2.3333936,-1.504541,7.5905066,2.2277277,-23.412693,-4.2230277,-0.496328,4.5615063,-7.599193,-4.30657,-2.0359492,-1.2980657,-0.474088,-0.34157187,-27.390055,-4.313347,-2.141669,-3.4799366,-0.5303642,3.5932643,3.0198274,10.214838,21.040054,6.479375,3.7754679,1.7004837,-2.376599,-4.195775,2.1239038,13.651458,4.3037243,-0.7258645,-2.3201365,23.106092,-5.6648664,-1.8334488,4.7562213,-7.3362703,2.8999624,0.20577076,-4.9081254,-0.88759935,-4.344532,-15.7257395,-4.134289,-2.2556043,3.300084,5.7939367,0.5922051,-2.1988513,3.4914935,-5.6706915,0.9664649,-2.5000942,-1.005908,-6.112442,-23.286106,-8.883266,-3.9786053,-22.097136,7.445449,7.800185,0.64707434,5.300343,2.7477386,5.816377,-1.5086558,5.4249187,-4.42737,-6.1905613,1.6400485,0.62534285,-1.1064643,1.149819,-13.949654,3.1842053,2.4842372,10.535373,-2.6976287,0.8528815,0.69750553,3.4177961,1.3935925,7.4321966,-1.1179788,-3.6747205,-3.079859,6.7447,0.18131867,14.929162,-12.093729,2.3860252,0.62443286,-6.412217,1.1540297,-9.828215,1.8988767,1.6123713,-0.9196053,-2.6096146,3.5304646,1.9185439,-1.2397652,-7.121277,1.9039917,0.7310013,4.3863974,-0.92715967,4.033861,-3.8424468,-1.8384751,-1.4888163,9.245242,-1.9635943,0.6608406,-0.22817165,-7.27441,-2.2475414,-9.443967,-1.0677333,2.815652,-5.999253,-0.17896962,-10.866746,-1.4472331,29.255173,-1.3423771,1.0951602,8.030599,0.40072173,PD,data/Images/PPMI_Images_PD/208996/Reconstructed_DaTSCAN/2023-04-06_15_46_05.0/I1697992/PPMI_208996_NM_Reconstructed_DaTSCAN_Br_20230508143233202_1_S1220355_I1697992.dcm,208996,Validation,SC,61.9,IA253283,SCREEN,04/2023,0.0,1.0,0.0,05/1961,1.0,,2.0,0.0,1.0,0.0,0.0,0.0,0.0,1.0,2.0,0.0,0.0,0.0,0.0,0.0,1.0,0.0,04/2023,2023-04-06 00:00:00.0,2.0,123I-DaTscan,04/2023,3.02,1.74,1.3,0.74,2.01,1.38,Yes,,,1.6793401422487524,-1.5706175412390821,0.4399857894686246,0
-0.076333284,-22.438747,1.5194854,-2.9583504,1.2181005,-2.838718,-0.45767152,-1.6038461,-0.42470816,-5.3814282,-0.18522614,0.66411746,-0.21382162,-1.2788019,-3.0520816,15.458254,-3.9789262,4.1899657,-1.1138264,6.3076906,0.93453217,-3.186139,1.3553156,17.301378,1.3855611,3.828615,0.30386877,0.4159381,1.0514027,-0.8959438,-0.9563003,-1.4542626,-1.9946467,-1.0004432,7.3128304,2.6876307,2.9909825,4.3145723,0.79141355,-1.5341847,-2.7681272,0.21209179,1.6972071,-13.478171,-2.2555,-2.413954,-6.426116,-2.1187973,10.15498,-0.31835836,0.18141347,-1.3818343,-3.2421505,1.335056,0.8315929,-0.49560037,1.5115472,-1.2580317,-0.5298977,0.7847381,-0.4268522,20.678194,5.7343287,-4.161329,-1.9622169,1.0049529,-1.746699,-2.5229545,-3.297959,1.5767164,3.425378,-7.741845,1.4259576,6.578027,1.1624248,-0.40203512,0.26222628,9.21972,0.000556482,2.9199739,-3.4850981,-0.5182401,-4.280223,-3.657505,2.299794,-7.73824,3.0413194,-1.5835401,2.784841,0.2616843,-0.5870188,0.48531058,2.0015967,-3.0882514,0.780028,-4.6639814,-8.535677,1.8377501,-4.0028095,1.0600023,-0.9534482,-12.700047,1.396561,-0.41319177,-0.5987286,-2.4191625,-1.5190504,8.610708,1.1323472,-1.4071887,4.9081106,2.7380552,-2.0238576,0.1382621,-1.5569268,1.5168284,3.1347146,0.910439,-1.7801256,-0.6153635,3.1303425,0.019647282,0.30569142,-0.6824606,2.1395187,-1.8650473,-5.7562404,3.2446237,5.974478,1.3735865,-19.324097,0.5131613,-0.020316053,7.7264557,-5.6792336,-3.3483853,-8.817687,-2.2950869,-1.1633815,-0.43715918,-16.924738,3.4959557,1.3740579,-1.3297423,0.06326405,1.4157405,3.1594741,-0.35145912,20.165844,4.5565066,-2.1422365,0.310785,3.7620723,-0.9393451,2.2879038,7.205854,-3.005527,0.10225255,-0.87974834,16.9643,-2.9604175,-1.3759011,1.9487687,-3.3764179,-1.5367029,-2.2488465,-1.6007648,1.2090071,3.7286928,-10.689889,-11.045773,-0.59274775,-0.67277825,5.925276,-0.41315714,-2.1322384,1.6402746,-23.252834,-1.2705164,-2.8280199,2.2383947,-4.9007516,-16.497229,1.397991,0.98395646,-14.211573,11.274136,1.3628161,0.24016963,-1.9200574,-0.24640772,-1.2461225,-1.6376991,-0.42720994,-6.5936513,2.730492,-0.13176268,-0.9013439,2.5927517,-0.530916,-8.132586,-3.0627568,0.5217375,6.795591,-0.75487185,1.2352921,0.09839948,0.56087255,1.7745131,0.8964812,-2.9352255,-2.2228105,1.5627298,7.773374,-1.5196608,8.464126,-7.788961,-2.4534945,-2.162376,0.382749,0.6006275,-3.4780061,-0.23288305,0.23687518,0.20243749,-0.64250594,0.42393717,3.9876897,0.14718826,-2.0070994,-2.4230227,-1.7570541,-0.7990726,0.4803514,0.45050243,7.858094,-0.56687695,-0.8306495,-1.1861238,-3.5401742,-3.4494746,-0.46060607,0.21340418,2.1278312,-2.0166278,-4.6118135,-3.5603154,3.9527998,0.64084744,-5.3441267,1.3543587,22.835836,1.9339417,0.3697466,2.8079975,0.30846223,PD,data/Images/PPMI_Images_PD/209141/Reconstructed_DaTSCAN/2023-05-10_13_29_49.0/I1707254/PPMI_209141_NM_Reconstructed_DaTSCAN_Br_20230526084331436_1_S1227813_I1707254.dcm,209141,Validation,SC,61.9,IA266073,SCREEN,05/2023,0.0,0.0,0.0,06/1961,1.0,,2.0,0.0,1.0,0.0,0.0,0.0,0.0,1.0,0.0,0.0,0.0,0.0,0.0,0.0,1.0,0.0,05/2023,2023-05-10 00:00:00.0,2.0,123I-DaTscan,05/2023,2.4,2.35,0.95,1.25,1.74,1.7,Yes,,,1.865048623175899,0.26777048766634537,0.23557174347072646,0
0.25135183,-17.032673,0.5098425,-2.4403703,0.83402234,2.0522704,-0.70208216,0.19871354,1.163532,-3.3816907,-2.3760586,1.9219555,-0.732191,-1.6435789,-1.176188,13.911865,-0.1389192,6.660113,-0.8236995,0.8602677,-1.1427575,-0.67747116,0.7112444,14.850463,0.122522004,1.7078338,3.355183,0.94963884,0.49308842,0.4021785,3.2863152,-0.8781636,2.1344852,0.8150694,8.425363,5.5031195,3.0399199,1.4888762,-0.8647736,1.3413903,0.0033060957,-2.5392148,0.24490397,-19.402067,-3.1385648,1.6043261,-2.3698628,-2.1774518,4.3615823,-1.5037818,-0.12570176,4.019939,-3.977053,2.5937665,-0.41929188,-3.1393123,2.9151676,2.6850157,1.7014456,4.0770144,1.3850353,22.370157,4.6953425,1.0214888,-9.219043,-1.2275215,-1.0160382,-0.7251293,-0.7638026,-0.85891557,-0.77727365,-5.904397,0.5176727,6.757891,1.0195736,-0.86436707,-0.65335506,9.330884,-1.2434392,0.14674139,-2.1106904,-0.29379496,-2.2721238,-0.59715307,-1.3137366,-8.392668,2.4076462,-0.76290697,2.9871616,-0.6998846,-3.3991086,2.1035273,1.1097801,-4.2510414,-2.5206282,-1.9476237,-11.729064,-0.017104765,-1.9461524,0.62625474,-1.3315368,-11.102579,3.3956747,0.11052869,1.0217766,-2.9683385,0.03713035,7.008323,-3.7154527,-5.008295,1.9162328,-0.955797,1.1391797,-0.34407377,-2.0074828,0.7527127,4.453121,0.8205428,0.101298794,1.3207139,3.7396758,0.11202356,0.52034324,1.0485733,5.7689967,-2.4258344,-5.461721,-1.0644394,6.6628613,0.042593434,-15.423695,1.5911739,0.3299051,8.727476,-2.215277,-4.589367,-6.972262,-2.3048077,-1.2555761,-2.8305998,-16.956598,-1.0962017,-0.18836518,0.8291594,-6.551699,0.87058437,-0.56456447,0.9336856,22.256428,-0.3342889,-3.0345674,3.220161,0.41821525,1.8665938,-2.0783308,5.7277455,0.17422186,-6.010602,2.3697908,15.074046,-1.1022981,-0.67792755,2.7568047,-6.693435,-2.18368,-4.09735,-1.7688322,2.2750437,-2.7330987,-10.041964,-9.383434,-0.8447085,-2.3838272,8.524755,0.3326923,0.46831864,3.9061253,-18.782316,0.24262357,-0.35153705,-2.0576324,-5.7216387,-21.344223,2.5783463,5.123649,-13.405921,9.99581,2.6919274,2.3884704,-0.5445549,0.29654208,1.6138711,0.3927075,2.241643,-4.260696,-1.465134,0.41928,1.5303081,6.706919,-0.2445339,-12.761546,-3.3645947,3.8394837,1.7706771,-0.94538033,0.9674396,-0.63664436,0.34088817,1.0269856,1.3554213,-0.5907635,-1.9696524,0.60212135,6.486003,-0.72550356,5.569993,-7.0586996,-3.434997,4.3558106,-3.5422113,-3.373537,-4.660461,0.9976651,0.8339103,-1.0223024,-2.0105839,-1.9043905,1.7174067,1.2718164,-2.1127267,-1.3205445,-0.78793234,-0.23973225,-2.0241966,2.6827538,2.3966289,-1.2693563,0.32601812,-0.09815743,-2.1221352,-2.0371125,-1.937376,2.5107307,3.2937217,-7.6037593,-1.0778288,1.0971075,-2.3009503,0.3349745,-5.996626,2.5352917,21.815973,1.3427845,-3.6321874,-0.3626563,-2.7157364,PD,data/Images/PPMI_Images_PD/209219/Reconstructed_DaTSCAN/2023-02-16_14_17_37.0/I1682348/PPMI_209219_NM_Reconstructed_DaTSCAN_Br_20230324105338071_1_S1207838_I1682348.dcm,209219,Validation,SC,76.3,IA222429,SCREEN,01/2023,0.0,0.0,0.0,10/1946,1.0,,2.0,0.0,1.0,0.0,0.0,0.0,0.0,1.0,0.0,0.0,0.0,0.0,0.0,0.0,1.0,0.0,01/2023,2023-01-24 00:00:00.0,2.0,123I-DaTscan,02/2023,2.09,1.83,1.0,1.27,1.54,1.72,Yes,,,1.2939235145035388,0.2678105791418344,-0.4812439049205217,0
-1.7211882,-18.206024,1.0610735,-6.9097466,-0.3502066,-4.6286917,-1.9799597,0.8397241,9.342923,-3.9692953,-1.6324186,1.3709146,8.859199,-6.572756,3.3095345,19.859554,-4.1730547,9.895033,0.66991764,6.7967453,1.2773911,-7.0800776,1.1427816,13.006795,4.772346,5.0415616,2.0651224,2.9310787,2.9256084,0.22227865,7.6504025,-0.9791842,0.07627136,2.7871869,2.9366097,6.5166426,0.67803234,-1.413006,1.795279,-7.9013214,1.0655308,-2.8734725,-2.0985458,-16.429039,0.8078401,-4.4798856,-0.8450621,0.16351576,10.228346,1.379487,-2.988151,-0.47471356,0.109458804,8.0382395,0.12785043,-2.0283957,4.2249737,4.0824423,-2.0158894,2.956166,-0.72828025,28.180876,10.466232,-4.902989,-10.604381,2.2468808,2.2161975,-2.747971,1.5947382,-3.5287228,2.4266315,-13.669096,-4.1487117,7.046429,0.42518333,-0.18416846,3.6496165,7.465907,8.890248,-3.973694,-4.3447905,-1.8448018,-3.0186095,1.408834,-0.9931492,-4.4863787,-1.4884509,5.8625307,6.9221168,0.9751026,-0.024519667,0.02650007,0.11305893,-6.321633,-1.096969,0.94697833,-13.475937,-6.9956384,4.2243385,-0.8436983,2.8013027,-5.506569,-4.70231,4.6002464,11.298323,-2.6513898,2.0700815,-0.14270669,-2.4668293,1.8154491,11.772183,-5.3094063,-1.5161207,0.49291658,-2.1487408,5.2281837,-1.2691071,4.828074,5.1502895,-1.1216568,3.6501715,-1.6886443,-4.9156556,-1.1595794,2.127929,-5.2664933,-3.1887343,-1.1859155,11.7207775,-2.2399635,-14.396817,-0.016269924,-3.4345696,11.719868,-7.0569725,-0.12872909,-11.291101,0.6438764,-0.54406184,-2.4081912,-15.385588,-1.3589921,1.4855812,1.3843906,-10.286474,-0.27408764,4.2389574,4.255758,18.087042,0.15382685,-0.911703,5.4736295,-0.554189,-3.3857915,1.3046285,11.526114,-2.9660993,-2.9042408,1.3870676,14.358784,-2.3397634,4.302841,5.010458,-8.270182,-1.716671,-0.77339226,0.7003605,-2.809055,0.9260776,-5.8270226,-10.00968,2.6081667,-5.9087777,3.4880457,0.8420092,-2.836675,3.4740832,-10.013471,-0.049874607,4.8818793,3.6117024,-9.62729,-23.326317,0.7656128,1.7375171,-10.229871,10.980881,0.81167763,2.4750779,-2.3697977,4.2671328,5.980281,3.2260616,-0.5015173,-6.248965,-1.5983567,0.9287374,1.4790548,1.863478,-0.8434524,-8.448207,-1.1435051,-2.7731657,1.391558,0.66160333,-0.5525216,1.7040777,1.6852736,-2.5451803,4.4725084,-0.36211064,-10.091314,-6.5086346,1.5889608,-1.353498,0.5980725,-14.684275,-4.457224,-0.46576402,1.6305348,-0.19410223,-4.716264,-0.61253446,-2.996558,-4.437584,0.76966566,-2.96197,0.7704278,2.3833451,-3.4750607,-3.5501075,4.037459,3.148981,3.9910917,4.725592,3.6530635,-1.0211638,-2.897821,-5.157973,-4.6106453,-4.756314,-4.377535,2.3949664,3.0626335,-2.393801,2.0305283,-2.1258514,-1.0656067,-8.462354,-7.805454,0.6595284,20.910452,6.287434,-4.0601373,2.9144626,-3.7806506,PD,data/Images/PPMI_Images_PD/211482/Reconstructed_DaTSCAN/2022-11-18_13_22_11.0/I1683315/PPMI_211482_NM_Reconstructed_DaTSCAN_Br_20230328154448483_1_S1207841_I1683315.dcm,211482,Validation,SC,69.1,IA225434,SCREEN,01/2023,0.0,0.0,0.0,01/1954,1.0,,2.0,0.0,1.0,0.0,0.0,0.0,0.0,1.0,0.0,0.0,0.0,0.0,0.0,0.0,1.0,0.0,02/2023,2023-02-01 00:00:00.0,2.0,123I-DaTscan,11/2022,1.83,2.16,0.93,1.27,1.45,1.69,Yes,,,1.1958449353988385,0.6934284020802276,-0.3408301466626212,0
2.6881676,-23.133446,2.3490608,1.1930481,1.7032232,-7.746776,-2.6017983,-5.7096777,-2.6162395,-4.2483134,-7.352961,1.3511796,5.6504807,8.009658,2.440359,16.561525,-0.9624677,4.0181494,4.659858,6.658541,-3.8635116,-0.92220926,1.967601,17.658041,-5.5764246,4.294546,1.6996084,4.713565,6.2453303,-1.988887,5.0760207,-6.62639,-6.4130425,1.8727332,13.430003,-4.522299,3.638378,-2.353121,2.4220665,-1.024279,1.155787,-6.9203773,-3.641372,-10.000589,-1.7271342,4.227924,-9.4836855,0.24582171,14.076665,-1.5669584,-0.6332174,-2.628497,-1.204056,1.5021274,-0.81576705,-1.9146055,-1.7140892,-0.91399276,-0.32530662,-1.8491406,-2.3772242,26.722115,2.2787404,-5.0995917,-4.8446255,-3.384121,-9.229351,2.178802,-5.986718,0.05874961,5.4305735,-8.017551,-4.4705296,6.5831895,8.810605,-1.9025445,2.7861667,10.665482,2.4936414,7.993535,-0.14798583,-6.4093256,-6.0845537,-2.7914073,0.4574808,0.8790299,5.349948,-1.5467514,-3.4841888,3.49698,-1.7475598,6.121778,2.1108518,-9.700478,2.169612,-3.8491426,-5.093291,-3.1480956,-1.4584041,3.2302876,-0.36725426,-10.997022,-0.33936214,2.4437425,8.726996,-4.266524,1.9477588,3.8932145,3.4138098,-9.240728,4.842736,4.798071,4.700267,0.089621924,-5.1119533,-3.43595,-2.8395634,3.8542504,-0.2501278,6.2794423,4.6172867,-0.6416364,2.2141457,2.0157769,-4.385097,4.0405746,-4.831961,6.9875665,7.6316967,2.369168,-26.32182,3.240351,-2.4828045,5.8997664,-7.3415585,-4.041844,-0.9074177,-2.1688476,0.21840681,2.9730828,-14.986235,3.2600462,-1.5554137,-2.194852,1.4131126,-7.4038506,-2.1910036,0.622126,26.585323,3.428738,-6.098753,1.4992191,-0.81181395,-0.40774786,1.7669265,11.364893,1.2309252,6.2569933,-4.374779,23.565031,8.237306,1.0388572,4.8932796,-2.7216208,-7.0744743,-4.7200027,5.566426,4.27078,12.011622,-9.283542,-8.907099,1.8277849,3.8339856,3.2965152,-6.5114045,-3.8234577,0.8939865,-21.576172,6.4118137,1.3541086,1.3727574,-12.248961,-18.436512,1.7876596,1.2406586,-16.210325,10.579929,-7.3083725,-2.1492698,-1.6985989,1.3828292,-1.4597219,0.061284572,2.4378593,-0.25807947,6.358756,5.220486,0.930942,-0.2715964,-4.504186,-7.888514,2.6638217,1.2979809,-0.48343086,-1.0840628,-2.0246074,7.515824,2.1806386,-2.6975253,7.5132647,4.610511,-4.9315495,-1.6297543,4.9689283,1.5637666,15.631324,-3.629077,-3.8137977,-2.3398073,-2.403397,0.1591891,-1.2403846,5.2734327,-1.9179808,-4.0087447,2.1407297,-3.13988,-5.5567236,-1.1990466,0.25977534,-4.9362617,-6.8004737,-0.54121375,-7.406126,4.9072156,7.80025,1.5116082,4.25038,-4.0965185,-5.9341025,0.856548,1.6647584,-3.2447941,-4.7255454,-3.0675695,0.47447443,2.5292327,8.30656,3.6127756,-6.4685016,0.6598577,30.238684,0.24252076,1.2998033,4.2328415,-4.611202,PD,data/Images/PPMI_Images_PD/211547/Reconstructed_DaTSCAN/2023-01-13_16_23_04.0/I1671489/PPMI_211547_NM_Reconstructed_DaTSCAN_Br_20230228102249605_1_S1197959_I1671489.dcm,211547,Validation,SC,67.6,IA225174,SCREEN,01/2023,0.0,0.0,0.0,06/1955,1.0,,2.0,1.0,0.0,0.0,0.0,0.0,0.0,1.0,0.0,0.0,0.0,0.0,0.0,0.0,1.0,0.0,01/2023,2023-01-31 00:00:00.0,2.0,123I-DaTscan,01/2023,3.13,2.78,1.44,1.41,2.24,2.29,Yes,,,3.8747471933890236,-0.05825375151242087,0.44857705006208437,0
0.4975342,-21.731323,1.8491778,-5.972446,-3.858376,-6.790079,-0.13495275,-3.8882022,2.4525952,-0.24507028,-0.41094518,0.59103703,3.1444352,1.0444677,0.890138,15.32053,-0.44314265,4.4377685,1.0659148,6.768569,-1.6903256,-4.014433,-0.9757849,17.176847,2.3936818,-1.6253666,5.598688,1.0747037,0.19745842,-3.8799303,4.2707057,-3.408555,0.03675155,2.4019852,7.7832394,-0.4267863,-0.44336715,2.8701317,-3.0143778,-1.3996173,-1.432102,2.7621133,0.6078538,-16.93994,-1.2564465,1.5414122,-1.697644,-1.6458652,8.510642,1.8568485,-1.6774504,0.46843064,0.86881566,-1.8396211,-0.31834912,1.1265484,2.4532747,-0.02905962,0.67669845,6.359281,-1.8272755,23.071802,2.109362,0.11421036,-10.444555,0.61297715,-0.31547225,-1.7819154,-2.1366525,1.4197246,2.4351442,-9.97043,-1.6543769,6.585658,-0.55949014,3.532182,4.7249537,5.664513,-5.6794095,0.9200644,0.12177706,-6.7461004,0.877501,0.82071704,3.8752666,-7.1750174,3.3923142,1.3640693,-3.7448893,4.253675,0.14153554,0.033561956,2.0602496,-6.7840686,2.8926532,-1.5064877,-8.867904,-1.3111475,-0.22908126,0.05138953,2.0862453,-15.226141,3.1544335,1.7283578,1.6969044,3.458313,-0.25157624,1.561947,-3.1836104,-4.5137644,4.7982855,1.2894254,-2.0130367,-0.016737763,-3.7554622,0.92296284,2.712306,2.4575963,1.220102,-2.2328076,-4.2378416,1.4048165,0.22534144,-3.4916565,1.4622713,-2.4340856,-5.051443,2.633117,8.32911,-2.134895,-20.530453,0.8721957,-1.1419305,9.071971,-3.6033823,-1.5897337,-5.0766454,-1.2527032,3.843452,-2.0190444,-15.942941,1.1764519,2.5449789,1.0288439,-2.0885744,-1.6692444,3.781546,2.2035933,20.252548,1.7884537,-1.017747,3.5113943,3.1311412,-3.286176,-0.466228,12.48977,-0.5439215,1.6364666,-0.80635434,18.541332,-2.894606,0.5889881,1.2444868,-5.1242523,0.09598048,0.12873165,2.411381,-0.11721695,1.9043696,-15.141307,-11.12105,4.6399083,-1.298242,5.1817284,0.08823594,-0.112092055,2.8398588,-14.731238,3.9937568,0.55961853,-0.9288627,-6.5713043,-19.188227,-1.4376141,-0.2018925,-14.452592,7.367277,5.5339365,0.65408075,3.5822015,-0.41210112,-2.1049805,1.501072,0.22305292,-2.8614519,2.0269985,0.6310009,-2.0818646,3.0274887,1.4562241,-11.366762,1.202421,-2.1561592,7.195688,-1.0902048,2.7533634,1.7769377,3.9172225,-0.80071354,3.491364,-2.0764353,-0.9172622,0.91457367,5.6948447,2.5259943,11.181703,-6.6889443,-0.8586893,-0.079273194,-4.1984997,1.3275628,-2.688694,-3.5079548,1.8334216,-3.2903855,-0.55630445,-1.7091786,0.2268792,2.1323595,2.490165,-3.0444148,0.5704438,0.22970566,-3.2800717,2.5323102,-1.5293145,1.5060312,-2.8436117,0.23956358,-6.3798876,0.7632411,-0.27732757,-1.2257062,0.23749164,-4.1614394,-0.8430134,3.6947117,2.93948,3.8485272,-9.786509,2.4085743,19.70096,0.3750669,1.3944926,2.5414119,-2.210097,PD,data/Images/PPMI_Images_PD/211902/Reconstructed_DaTSCAN/2023-02-09_13_13_49.0/I1671491/PPMI_211902_NM_Reconstructed_DaTSCAN_Br_20230228102307256_1_S1197961_I1671491.dcm,211902,Validation,SC,64.6,IA228483,SCREEN,02/2023,0.0,0.0,0.0,07/1958,1.0,,2.0,0.0,1.0,0.0,0.0,0.0,0.0,3.0,0.0,0.0,0.0,0.0,0.0,0.0,1.0,0.0,02/2023,2023-02-09 00:00:00.0,2.0,123I-DaTscan,02/2023,2.6,2.24,1.31,1.06,2.05,1.74,Yes,,,2.296359900998219,-0.5585997587153541,0.14877083512878406,0
-1.2752016,-20.970207,0.41518757,-5.754607,-0.7746337,-3.264965,-0.8602793,1.1085109,-3.5840673,3.7105298,1.1719617,-1.0817574,-8.769498,3.9432547,7.5443645,12.996441,3.1406264,-1.4652778,5.1264896,11.833326,-2.5006354,0.2369351,3.7847986,15.268171,-1.2019321,-1.2465842,1.4431473,0.4840247,-0.28595242,-6.212002,0.051171318,-3.2422671,3.1816282,1.3514763,1.4072013,6.3961477,-2.6584563,9.396914,-4.13926,-1.3964432,1.7593485,0.30240318,1.2190887,-14.796835,-0.287597,2.3373778,-0.50676847,-1.380489,10.688338,-1.0791702,2.9113672,2.457497,-0.12264684,4.684798,2.383636,-2.4811807,5.0280523,1.7133707,-3.4100132,6.0746326,-4.122079,16.97444,8.8296995,7.0126204,-11.160124,-2.5853117,0.87651354,-1.1893344,-3.4263482,-0.2847515,2.1893053,-7.3080463,3.7094076,-0.7589047,-1.443308,-1.2146342,-1.1455293,2.2297409,0.10288816,4.5473695,2.3868601,-1.8999544,0.5884013,-1.8194401,4.4645452,-10.732124,0.52600276,-5.249236,-0.12947018,-3.351961,1.5803477,1.1679273,1.6731372,-6.8225,-0.72237426,-6.4303246,-13.424746,0.29055828,6.0903335,3.2141497,1.7426182,-9.656094,1.2636697,1.0253258,2.0693505,-2.4254298,-1.3850727,7.075664,-0.95042604,0.83392686,-3.0627425,-5.4347963,-5.3198986,0.1455526,-3.8296034,0.6211451,7.240638,3.52619,2.5772572,-3.387205,-4.951481,-1.0299501,1.2197591,-1.8967552,-2.4826646,-2.079704,-11.531659,-0.5780804,9.463738,-3.1930091,-24.08043,-1.7615594,1.9046471,7.2924395,0.82586014,-1.0912391,-0.59989667,0.8340703,-3.5186706,0.84979206,-13.176048,0.9264805,-0.033992346,-1.1704432,-4.0390286,0.43719363,1.0539081,3.6679916,14.272434,1.5822405,-2.9778428,-0.7570302,1.5767684,-0.9401604,1.941359,9.916586,1.8663576,-0.5084704,0.85112935,14.314186,-2.9760017,0.7710634,-2.5022817,-1.3407116,-0.44813138,1.6352257,0.13221735,2.7753522,2.5618374,-17.89704,-7.0084004,0.69624555,-3.8299356,2.6150475,7.249802,-2.0678127,1.0505947,-7.8696833,1.7083976,0.039365847,2.1217268,-2.0189428,-18.167736,-3.6556354,1.8991073,-11.975234,9.828089,2.374255,-0.9936986,3.800237,0.31977764,2.7743475,-4.0235944,-2.515066,-2.055914,3.9634967,5.2138953,-3.2381203,-1.4425333,-0.1345221,-8.045855,-3.6694572,-1.723368,5.035998,0.8604051,-2.57104,4.1628656,3.7353895,0.88947517,3.5110729,0.94979024,-3.4102886,-0.5460973,7.53851,-1.400156,7.275401,-1.5138408,-1.7751809,2.3613465,1.2910243,-0.71020234,-5.892089,2.0658178,2.082553,0.49478853,-4.2472253,0.9321636,4.795023,2.1592917,-0.031952273,1.8855283,-0.38019946,2.5053718,3.544082,-2.2671552,-1.523154,1.4211836,-0.66619253,-3.7894607,-0.9105691,-3.8540034,2.5039308,-6.8082027,2.9272652,1.643071,-0.5110079,-0.96871936,-2.4969902,-0.45863554,-11.383575,1.5550385,28.34506,5.009307,5.3602104,0.78158224,0.43673322,PD,data/Images/PPMI_Images_PD/211973/Reconstructed_DaTSCAN/2023-05-18_14_42_41.0/I1719089/PPMI_211973_NM_Reconstructed_DaTSCAN_Br_20230623143124274_1_S1235338_I1719089.dcm,211973,Validation,SC,60.8,IA269846,SCREEN,05/2023,0.0,0.0,0.0,07/1962,0.0,0.0,1.0,0.0,1.0,0.0,0.0,0.0,0.0,1.0,0.0,0.0,0.0,0.0,0.0,0.0,1.0,0.0,05/2023,2023-05-18 00:00:00.0,2.0,123I-DaTscan,05/2023,2.4,2.35,1.05,0.9,1.83,1.62,Yes,,,1.6613345843779492,-0.23544843633367152,0.5003104624283243,0
-4.965133,-22.726067,4.1293454,4.618055,-3.9925685,-3.2240121,2.2472882,4.3279285,3.6646626,-0.45101023,-1.9095733,3.1899993,-4.7361217,-2.7921426,-0.9239379,19.199059,0.44678015,2.3932447,-2.7393293,10.2153015,0.3573372,-0.35423428,1.599671,15.933957,0.16105023,0.013824023,0.69204116,-0.19812657,-1.6512117,-1.1227926,-1.7490981,2.765527,-0.51251435,0.32966173,6.812865,7.12764,-3.9690733,1.950805,0.97588354,0.5073548,-4.008705,-1.2791792,3.1122818,-17.692617,-0.46626684,-2.5321245,-2.084246,-2.7148423,8.767707,-0.8405974,1.3572263,0.081349574,3.0562289,0.079817876,2.0557954,-3.4015725,3.1988485,-0.21859522,-1.1258423,3.558376,0.020151813,25.157719,2.5245037,-0.086631425,-5.869746,0.14736906,2.5071325,2.5796778,-2.8841424,3.405064,2.2361841,-6.3224154,-3.2559185,3.1121123,2.1475246,0.60161597,-0.5010715,6.765154,-2.8927639,0.87098485,-4.2687006,-2.038838,-1.5151494,-3.3939517,0.7638431,-7.6639156,0.6098361,2.7514315,4.4497104,-1.5668328,-0.3627235,1.9465961,2.8325987,-5.8531694,3.1907308,-3.8444138,-14.780755,-3.1877184,-2.6125662,-0.79068494,-1.6606851,-9.18307,3.1798666,-1.1221764,1.6875818,-3.0133934,-0.9285247,6.846614,0.66408515,-6.887535,-0.29100323,-0.53488106,-3.5027573,-2.4682074,-2.7278936,-3.2246168,4.739629,2.6317847,-3.2341993,1.1470231,1.335289,0.8148031,-0.15006952,2.3127487,5.3452525,0.0509919,-6.006712,0.15838538,6.791003,-1.2612191,-20.409409,0.8738191,2.0101237,10.700764,1.5824655,-1.4291778,-8.726654,-6.218931,-0.2494714,0.45165682,-19.450172,-1.3328733,-3.1548634,0.82464564,-1.500751,-0.22142635,0.41771755,5.761355,20.833296,2.8205667,0.073696256,-0.5613162,1.7255986,-0.86889786,-3.5026805,9.932723,0.21870132,-1.7013836,-0.8043335,17.75442,0.2641426,2.721579,1.1330446,-7.2511015,1.3867927,0.9305923,0.4706781,-3.1381943,-0.79894185,-16.352497,-5.2582407,-1.1343794,-3.241313,4.4505033,-0.48851833,-0.2524326,4.6391683,-19.437075,0.30628228,-2.9099407,-2.9690883,-2.8737288,-20.74113,1.7838109,3.1621563,-13.935239,7.612742,3.015371,2.8650057,2.4020927,-2.356584,1.7532604,1.6567404,0.6499341,0.67416936,0.935609,2.111584,3.5455496,4.252445,1.263502,-12.260481,1.0377078,0.2709291,5.216492,-3.1192386,3.3111222,3.5386767,-1.0622044,1.6220884,5.966368,-0.92822456,-2.7660205,0.47112677,7.3549294,-0.59511554,6.455367,-15.448246,-0.6344285,3.1519732,-6.2357106,0.18584956,-3.1559775,1.7792902,-0.6228513,-2.6750445,0.7407263,3.5343153,-0.4813251,3.4158225,-2.1233056,-3.2835894,-0.23008662,-2.1332169,3.1618512,4.14336,2.0421767,-2.0472465,0.7327657,-1.3404173,-2.6288714,-2.0101595,-2.521217,-2.7879994,-0.49875936,-7.2311473,-2.1201856,0.5831127,1.5215777,-4.412046,-8.056522,-0.60503805,27.548235,1.2625769,-2.5687308,0.5613359,-0.24513657,PD,data/Images/PPMI_Images_PD/214900/Reconstructed_DaTSCAN/2023-02-01_14_39_02.0/I1707259/PPMI_214900_NM_Reconstructed_DaTSCAN_Br_20230526084441958_1_S1227826_I1707259.dcm,214900,Validation,SC,62.3,IA249118,SCREEN,03/2023,0.0,0.0,0.0,01/1961,1.0,,2.0,0.0,1.0,0.0,0.0,0.0,0.0,2.0,0.0,0.0,0.0,0.0,0.0,0.0,1.0,0.0,03/2023,2023-03-29 00:00:00.0,2.0,123I-DaTscan,02/2023,2.86,2.41,2.22,0.98,2.81,1.55,Yes,,,3.603572092830197,-2.1417968311899718,-0.24827195574461441,0
0.18249698,-18.921246,2.3119729,-1.6743647,0.58026165,-2.3618586,-2.203934,0.30382392,1.4191673,-4.5667896,0.6328777,0.90749246,-0.8218006,1.8305124,-0.8611436,17.210363,-0.6868945,-2.87429,-1.113716,4.124936,3.1532032,-3.799439,1.3990396,17.029867,2.787589,-1.117577,0.6242608,0.31523257,0.8879751,0.77299577,2.51197,-3.607734,-1.8848954,-1.3339531,0.90333074,1.8532549,-2.1377575,-1.3161188,-3.1658947,4.195378,-1.8598039,-4.5889783,-1.105582,-12.868959,-0.038998634,1.4189272,1.4168911,-1.735765,6.5920987,-0.19372623,2.5640821,0.9500771,-3.077157,1.7793174,2.138974,0.5963006,4.13256,0.9468259,4.1532087,1.5221789,-2.040227,20.616758,0.775172,2.3630652,-9.754041,0.5817533,-1.8689001,-1.4575764,-5.9596267,3.5474503,-4.0742183,-13.800511,-2.0888424,7.0138097,2.0959692,1.8826833,0.30489916,6.28732,-1.41465,1.7975744,-3.1754305,-1.1011988,-1.3659047,-5.7365184,2.2692442,-7.0310802,3.2098598,-0.18402745,1.0425678,3.786081,0.7680533,-0.91495377,-2.8737621,-2.3069458,1.2457204,-4.457461,-13.266794,-1.8651041,2.2322729,0.7007806,-0.32947385,-19.154242,5.3404875,-0.15756251,-0.32140958,4.818967,-3.9501889,7.949222,1.640216,-7.3047028,-0.59431535,2.6186824,-3.892963,-1.8059782,-2.3565762,-3.8891323,5.9542294,5.254045,-0.5789542,-1.821091,-0.79752284,-1.2289139,2.5128849,3.0885453,7.805904,0.80547696,-4.6328163,-0.21733674,3.8482738,-2.7301025,-21.236198,-0.8127665,4.057203,5.242094,-2.993676,-6.8628907,-2.2369587,0.09766603,1.619011,-2.2598002,-8.267995,2.1118817,-0.34430936,0.37657732,-4.0184216,-0.6464145,2.1944654,2.2577124,19.621216,1.7304739,-1.8116646,4.3569756,0.836361,-3.1349766,-1.4884884,6.297668,-1.1394149,-1.0106343,3.648401,18.090246,-1.5568553,-1.1712594,1.4887155,-6.039666,0.727784,-4.727601,1.3821577,1.7503204,1.7725675,-15.73586,-10.15708,-0.22257009,-1.3283571,1.9440663,1.5153921,-4.1761327,2.2787173,-11.398519,1.5389161,3.0509717,-0.31036958,-6.0283837,-16.228949,-1.4857736,0.89984125,-14.693465,6.0719075,3.4853773,-4.1234746,5.6323047,-1.34045,-2.1230946,1.38786,-0.39097285,-5.872717,0.9060664,1.4061604,-1.1406097,1.739847,2.109059,-8.273651,0.7736083,2.583202,8.296964,-0.25189316,-0.7637087,-2.124744,0.32507268,3.6582568,0.9200432,-1.1799067,1.0735689,1.8143222,5.8231893,1.726356,8.707761,-3.296761,1.5856835,0.43412033,0.9612059,-3.506021,-8.111851,-1.450052,3.772162,3.1482933,2.0728838,-0.73817545,5.047842,2.3119023,-1.0531132,-4.6822224,0.19981602,-2.883873,0.968316,4.309738,-1.8369064,0.3503519,1.1377492,-3.3387098,-0.6001299,-4.3637147,1.9478588,-1.9036074,1.023118,-4.6719127,1.7866144,1.14964,-3.0662491,1.9668514,-10.465141,-0.6590986,22.952559,2.5498972,0.034354553,1.8175633,-5.633157,PD,data/Images/PPMI_Images_PD/216317/Reconstructed_DaTSCAN/2022-09-15_13_01_55.0/I1698002/PPMI_216317_NM_Reconstructed_DaTSCAN_Br_20230508143446602_1_S1220382_I1698002.dcm,216317,Validation,SC,54.7,IA233521,SCREEN,02/2023,0.0,0.0,0.0,05/1968,0.0,0.0,1.0,0.0,1.0,0.0,0.0,0.0,0.0,1.0,0.0,0.0,0.0,0.0,0.0,0.0,1.0,0.0,02/2023,2023-02-23 00:00:00.0,2.0,123I-DaTscan,09/2022,2.78,1.96,1.27,0.73,2.02,1.28,Yes,,,1.5688336820858075,-1.3877588606181985,0.48492264111100214,0
1.3919848,-19.04826,-1.6327287,-0.049973145,-1.8006848,-8.090424,0.9782953,-1.4667069,-3.6514442,-9.280594,0.37241387,-0.43343383,0.9351078,0.9092253,-2.930244,15.508516,-6.8339725,1.572975,7.1229534,-0.35318583,-3.8881114,3.400928,0.71968013,12.992041,4.2521167,4.7364674,-0.7018466,-5.0725794,-2.0760586,-0.60115874,-0.5285863,-5.5151825,1.3490119,5.505176,4.3712125,7.961253,2.0500913,-6.4626374,-0.086525716,-1.2066457,4.998366,0.21358262,-0.49058217,-18.390226,1.1028297,-6.5052314,-4.010903,-3.6805933,9.001485,4.283785,-4.2222943,-4.9868326,-2.6390035,-0.9355464,-3.3060076,2.0348506,10.642295,-5.8918805,-2.273515,9.951073,6.415226,23.197096,5.647172,2.1985133,-4.975532,-2.8859382,-6.2362514,2.7957094,-6.1524315,-2.066177,1.0255522,-1.5998545,-4.078654,-2.569721,-2.64123,2.3685527,-10.306267,15.518901,-5.517855,1.309888,-11.022086,-5.3887987,0.6123928,-3.7522202,2.1559815,-3.774306,4.613731,1.5610502,4.927561,-2.1108882,2.4724061,1.5071373,5.60217,-13.881853,-6.334154,-9.225912,-13.4441185,-1.807335,-6.5210247,2.630924,-3.569454,-9.286617,-1.0869764,-5.040727,-3.0290728,-4.222831,5.698645,4.9614806,-4.8142896,-2.5311978,3.844356,1.6842983,-5.679825,3.3743768,0.14789435,0.82566833,4.046626,0.65385234,-2.1344101,-0.71735114,2.1430883,3.8857198,0.8922047,4.742769,-0.3158813,-0.5743049,-4.9304185,-2.3945737,3.1766417,-2.3397815,-13.1964655,5.9382453,-2.7825074,5.3727407,-3.1765156,5.113301,-12.035797,-8.094538,0.17771918,0.07105577,-15.249935,-8.756396,5.3080597,3.5185921,-3.5503168,-8.496514,1.8042992,3.470494,18.540146,-1.0082837,-1.4789355,6.783755,9.146908,4.191218,1.4959636,14.402531,1.8639845,-1.0560701,-1.2068299,22.892134,-2.1138873,2.0548005,-1.5038755,0.1183009,-2.0083845,2.806404,-1.7170277,-0.639696,-3.5746293,-3.9423418,-1.19487,1.1781552,4.1808243,6.686534,-4.152398,1.8212837,4.482927,-20.458063,3.6701012,-2.0780752,0.7666458,-3.582381,-23.874004,3.4262917,5.338141,-21.913555,10.199313,-2.453481,-2.0505102,-8.324311,4.6761703,2.0154305,-2.7556825,-5.1273165,-3.827735,0.7620911,-4.619654,5.8074574,2.746806,-7.983679,-5.723312,-1.9384934,0.7892628,-3.442608,-2.0505452,-1.9588714,5.0178394,0.68851703,5.9985847,2.8681798,-0.9121654,-4.2727537,-4.769464,-0.13118546,-2.1544712,11.4310875,-15.63339,-8.177263,3.4386222,-3.560692,-1.3605965,-0.5359601,1.0890071,2.692126,1.0141308,-4.669708,-5.7058406,4.5039887,3.6524658,-1.4333954,7.344835,-3.6467862,-0.5330712,3.717579,7.588974,12.001443,-7.4091196,-3.8424578,2.3827405,-6.9011803,3.3725908,-2.9928176,-0.30657414,1.1353265,-1.8353348,4.232373,10.229441,-3.109092,-3.5797102,-11.684948,8.038373,31.218657,2.508714,-7.829029,0.57454395,-5.1463685,PD,data/Images/PPMI_Images_PD/216486/Reconstructed_DaTSCAN/2023-03-16_13_21_47.0/I1698004/PPMI_216486_NM_Reconstructed_DaTSCAN_Br_20230508143509764_1_S1220383_I1698004.dcm,216486,Validation,SC,57.2,IA234454,SCREEN,02/2023,0.0,0.0,0.0,01/1966,1.0,,2.0,0.0,1.0,0.0,0.0,0.0,0.0,1.0,0.0,0.0,0.0,0.0,0.0,0.0,1.0,0.0,02/2023,2023-02-27 00:00:00.0,2.0,123I-DaTscan,03/2023,3.08,3.23,1.75,1.8,2.71,2.58,Yes,,,5.229928533593501,0.16684615855981783,0.05345750763792093,0
-2.198495,-13.40375,-1.0227462,-1.7000334,-1.0286946,-1.2034184,-4.2716737,0.16146925,-0.9048119,-2.0496397,-0.8226921,0.059311893,2.0558598,-0.5206776,2.5853987,13.813988,-0.047211308,1.1808932,1.2005558,5.0652666,0.4735553,3.1503499,0.9837156,12.606521,0.5873545,-5.6318827,0.72285616,0.27920675,0.5874902,0.79578066,1.4680641,3.0034277,-3.5297866,0.39248168,0.6811581,5.6411285,1.351336,2.4643877,-4.076902,2.9180624,-4.8501253,-0.809145,0.19714181,-15.2470665,-2.2005548,-1.6170917,-1.6105872,-6.92162,5.1533217,-3.686971,-1.324282,-0.37585664,-1.4865854,-0.5921747,-0.12239598,-1.1302094,1.7577568,-2.7770038,1.601079,2.7402568,-1.1829158,22.528624,9.872641,1.757079,-7.771039,3.4336896,0.5202166,1.7765294,-5.1983576,6.8684907,0.91633046,-12.303483,-0.107383534,12.662163,1.9419128,-2.4423268,3.3203108,11.336989,-3.912455,-0.49678993,-0.39928746,0.21468157,0.09283018,-0.42738208,1.822364,-3.8755496,0.19363089,-1.8193573,-2.9674501,-0.36609676,3.801853,4.991037,-4.0446477,-2.330311,3.9158056,-1.4891707,-13.499058,2.1382785,0.3165441,-1.9770955,-0.08120503,-9.820758,-2.4644873,-2.2285907,1.9214419,0.07318098,-3.3031595,11.0340605,1.0121963,-4.3113556,4.5997815,5.2516885,-3.3187835,0.8179579,0.93114495,0.9270815,5.1417036,1.7785368,0.428313,1.3013798,-4.636927,2.41694,-0.8043965,2.6956356,3.641377,-1.1992992,-1.4329001,2.089886,1.9826758,-3.1311483,-23.087471,1.2378104,2.7250853,8.596403,-0.23317312,-2.3930187,-5.4292674,-3.3950963,0.60418683,-6.400631,-15.595221,1.1360719,-3.3665442,1.6587303,-0.82144636,2.0250707,0.6884514,4.907882,17.29909,0.8946548,-6.2258615,0.51750135,-3.6592097,-3.7987933,-0.4100435,12.132968,-0.6732098,-1.2255256,0.54134184,16.239918,0.6691416,1.0416204,5.357889,-8.112782,-4.068262,2.0010226,-3.2333753,1.5346693,0.23187988,-14.149541,-11.049533,0.43224236,-1.3998338,0.61980623,1.6015664,-2.312158,2.2105987,-15.9972315,0.31847507,-0.072668865,-3.0273926,-8.760204,-16.939514,-1.1204416,4.3028812,-8.742387,7.4878283,-0.271098,-7.35706,5.173888,-6.9518166,-0.21843852,-0.063942045,-0.17279258,-1.158296,1.6852536,-1.6268584,0.657583,0.65500355,-1.827847,-12.372046,-3.1550782,0.85175896,5.8216286,-1.5603421,1.8098605,3.3724217,0.8441487,4.2970204,-0.58810943,2.7558882,-0.6819447,1.9212911,6.184113,0.7440877,6.545927,-12.207977,-3.9830167,-1.8315791,-3.0332317,-1.1902212,-8.318119,2.697275,-0.4513564,-7.1447678,-2.1973135,1.7256607,2.5293021,0.21736251,0.035107207,1.9205773,0.36137855,-4.3856874,-0.25044766,4.702557,5.300802,-0.8026967,1.3309785,-2.7967463,-2.5670538,-3.3567998,-1.602403,-0.863926,-2.1065555,-2.45314,3.4080837,1.4656277,-3.281892,0.6760108,-9.752655,-0.7140637,19.839746,-2.9828606,-0.18865666,5.4346566,-3.562044,PD,data/Images/PPMI_Images_PD/217828/Reconstructed_DaTSCAN/2023-03-23_14_45_34.0/I1698013/PPMI_217828_NM_Reconstructed_DaTSCAN_Br_20230508143702853_1_S1220954_I1698013.dcm,217828,Validation,SC,63.3,IA235271,SCREEN,02/2023,0.0,0.0,0.0,12/1959,1.0,,2.0,0.0,1.0,0.0,0.0,0.0,0.0,1.0,0.0,0.0,0.0,0.0,0.0,0.0,1.0,0.0,02/2023,2023-02-28 00:00:00.0,2.0,123I-DaTscan,03/2023,2.12,1.71,1.03,0.62,1.65,1.1,Yes,,,0.34599392433543574,-0.943198984105027,0.1400467697490814,0
1.1112969,-22.072607,4.1304784,-2.586627,-0.060389787,-3.4645379,1.3466083,4.1529045,-3.8468368,-1.459086,0.7487211,1.4691675,-3.3635755,-0.08832143,-2.2706096,12.707047,-0.6646456,4.245838,-1.067802,5.4057684,-3.5868285,0.9340104,3.829526,18.41571,1.1879988,3.7230933,5.2256536,3.752291,-0.5956245,-1.1843799,-4.245458,-4.245304,-3.5316267,2.3760436,5.1020355,4.5144987,0.27362588,6.878277,-3.316435,1.3241328,1.4817507,-0.43953505,4.1103024,-13.519945,2.1314645,0.23488967,0.71326417,-4.262658,8.194509,4.5738196,2.7822099,-2.1272662,1.3606958,-3.3043444,-1.2470839,-0.35096622,3.311505,1.8172841,1.4368142,4.855972,-3.708926,20.926153,4.710409,-0.2810448,-7.636381,-2.3936434,-3.6311817,-0.13541998,-2.143839,2.1165159,2.0930188,-8.119654,-2.7503874,8.133591,-0.2547752,-1.0411351,-4.5631623,11.826961,-2.4063113,-0.47837496,-0.9041332,-3.7459784,-1.7499567,-3.8931005,1.1243217,-3.7332304,5.191344,-1.0549645,2.2712154,1.4053609,-0.49877968,0.49601343,4.0338063,-6.303804,-0.44480878,-5.1312733,-11.614805,-3.5317655,-1.8987023,-0.12076323,1.030965,-8.867495,0.20901793,-0.5917295,-3.242307,0.4642879,-3.4617577,3.6012964,-0.08602255,-0.5100779,2.9979205,0.12440639,-0.89367354,-1.597175,-1.9519206,-2.7474806,4.672059,3.6977808,-3.1300352,1.7134382,1.0097753,1.8019209,1.5578898,1.19567,-0.5243339,3.2009223,-5.1805015,-0.045392077,4.603256,-0.19957615,-19.499432,-2.739203,-3.1541555,4.728732,0.33485675,2.384005,-5.435267,-0.2623961,-0.016744146,0.7978643,-11.352195,2.0672138,3.5825372,-1.7552176,-1.8054072,1.889883,6.700678,1.5266014,21.766426,-2.5919826,-4.143131,1.1527954,0.46921748,-3.4112723,-2.186372,10.740674,0.8353605,-0.47480398,-2.3237736,15.890577,1.2128294,-0.24999738,2.708799,-4.052819,1.0329952,-0.33231094,0.901709,3.6492245,4.318618,-7.300537,-10.127136,3.002416,-1.6775888,4.345269,3.882403,-3.1799066,-3.1052158,-21.985535,-2.0492136,-0.2519146,2.4527504,-5.4307084,-15.920126,-0.52105623,2.1062028,-16.012201,6.8339787,0.72931474,-1.3795061,3.5338562,0.6110502,2.2314372,-0.12231621,-1.6288643,-0.73174065,1.2115315,-3.1114008,-1.5563987,2.129214,-2.4006076,-9.143679,-1.6869352,3.1628513,7.2952313,-4.6885047,4.4646816,-3.3116708,0.55709434,-2.84155,0.41387555,-2.6227584,-9.861576,2.062716,9.445705,-1.2902247,2.9634774,-11.202946,-1.6937538,1.8540556,-2.5805814,-2.742785,-5.5678396,1.6378598,4.122371,-1.4823943,-0.9993581,-3.50183,0.9738732,-0.20566331,-2.5703766,-2.38657,-0.60942787,-4.123713,1.5438752,4.1397505,3.5355825,5.6015415,-2.1752753,1.8131903,-3.0786788,-0.37674257,1.203343,2.7651756,0.15049909,-3.63714,0.42203945,3.6306443,8.3263235,1.12395,-9.717588,0.45823008,28.806616,6.4940825,1.5189425,-0.50976104,-3.4868991,PD,data/Images/PPMI_Images_PD/217838/Reconstructed_DaTSCAN/2023-03-01_14_13_51.0/I1682353/PPMI_217838_NM_Reconstructed_DaTSCAN_Br_20230324105529421_1_S1207861_I1682353.dcm,217838,Validation,SC,68.8,IA235302,SCREEN,02/2023,0.0,1.0,0.0,05/1954,0.0,0.0,1.0,0.0,1.0,0.0,0.0,0.0,0.0,1.0,0.0,0.0,0.0,0.0,0.0,0.0,1.0,0.0,02/2023,2023-02-28 00:00:00.0,2.0,123I-DaTscan,03/2023,3.01,3.8,1.16,1.27,2.06,2.35,Yes,,,4.000576064693571,0.886581744307177,1.5742370507109908,0
-5.021943,-24.50246,3.967433,-1.1008333,-1.1557364,-0.1883559,-0.36314532,-4.3229637,-1.3238595,-4.0938663,-0.7179066,-0.3125647,-2.233258,3.2506669,0.5507658,11.442305,0.08642054,1.106079,1.7277957,16.507694,-5.3225217,-3.3147936,-3.0038815,18.06907,-3.3038971,5.5614166,1.6831214,1.2703899,-3.5141263,3.2641435,2.1897023,-7.9025,-0.8520115,1.0211917,8.241973,-0.22513235,-0.725647,5.688756,-5.159824,5.5638223,-1.0091089,-1.558086,0.4628354,-16.016619,2.886885,2.7977474,-0.5123378,1.9813552,10.538763,-3.2961354,3.4087496,-2.084612,-0.046002388,-1.6593865,-3.138028,3.1591086,-0.8279152,-0.33651927,-4.4908314,3.123831,-1.5368739,19.674675,7.8323107,2.975744,-3.1941552,2.0289223,1.1482251,1.362082,3.4589891,-0.7934994,2.7290978,-12.1520195,3.1068568,0.069954425,2.26646,2.4843686,1.1680425,9.864978,3.6070793,-1.0729443,3.7133214,0.5663717,-6.842534,-1.7688893,8.52571,-2.7140162,-0.74487215,1.2179686,-5.0785294,3.9700444,-1.2620368,2.2614787,-3.4430218,-2.6016219,-3.7448826,-1.6854018,-6.8782663,-3.0544753,1.2511461,-1.7802352,0.020774035,-18.40706,-1.6066632,3.086614,-0.08061891,-0.67030513,-0.11773605,1.4837183,-2.3104827,-4.7039957,-0.9361462,-0.9631617,1.7155952,-5.33144,4.5479636,4.5643005,-1.4825461,9.218624,-2.4491687,-6.0713444,-0.3654628,-0.60738885,0.7415254,7.6362705,-0.50986737,3.5402968,-7.310622,0.8789529,13.295829,-2.720966,-26.971535,4.306375,-1.3639952,10.937135,-5.05826,-7.224539,-2.3173752,0.42689285,2.2234015,-2.137121,-13.809074,5.4695053,-1.544956,-7.424739,-1.8728654,1.524617,6.2289934,-0.30498263,23.46482,-6.3057804,-1.152396,3.5861,4.425104,2.6613362,-2.4306843,6.221246,2.340056,0.9167628,-1.9514236,11.829607,-4.511213,-0.5256267,5.4908724,-2.878803,-3.3276367,-0.5573419,1.6439813,3.6215622,1.8322983,-12.849774,-14.052992,-1.3191117,-0.78975165,-0.600247,-0.14739934,2.8772943,-3.1749542,-3.8847954,4.632568,0.825988,-2.4295228,0.16609286,-20.391376,-0.26636413,0.82599056,-15.195552,7.590048,-4.00915,-4.11506,4.2806396,4.2067165,-1.3150679,0.7019801,1.1645128,-1.1066439,-2.4852853,-5.1509013,1.9773974,-3.2986639,-1.0047705,-9.496916,-1.8897637,-1.6928618,13.322776,-0.4099189,2.218867,-0.061663575,1.4721532,3.0362356,-2.5917053,4.245713,1.7297409,1.073122,10.41666,3.3630152,3.6705046,-2.4819412,0.49650222,-1.7039223,5.109568,-1.3187288,-4.227285,3.6087532,1.4068712,2.6265275,-4.8652735,0.22709826,3.543564,-1.053686,1.8075625,1.0434968,-0.90173256,-1.4022032,-1.6421432,-1.7781783,1.1878555,-4.0177345,0.13246158,-4.3826017,0.972571,-3.8439004,3.5235538,-2.297219,1.2140512,-0.36798778,-1.6103038,3.8176904,0.20438337,4.59083,-15.474786,-0.11265173,27.718355,0.46359718,0.8521066,3.2968206,-4.69897,PD,data/Images/PPMI_Images_PD/218340/Reconstructed_DaTSCAN/2023-03-24_15_22_39.0/I1698015/PPMI_218340_NM_Reconstructed_DaTSCAN_Br_20230508143725402_1_S1220955_I1698015.dcm,218340,Validation,SC,65.4,IA236342,SCREEN,03/2023,0.0,0.0,0.0,10/1957,0.0,0.0,1.0,0.0,1.0,0.0,0.0,0.0,0.0,1.0,0.0,0.0,0.0,0.0,0.0,0.0,1.0,0.0,03/2023,2023-03-02 00:00:00.0,2.0,123I-DaTscan,03/2023,1.7,2.66,0.73,0.91,1.01,1.56,Yes,,,0.5582776860979243,1.1372863889424154,0.5412522979154307,0
-1.2724594,-15.152242,3.6265469,-3.9557664,-4.085958,2.4449499,0.9637802,1.07711,-2.2616608,0.88642263,1.2832112,-2.3638523,-4.0029254,0.76751983,0.74295056,19.032541,-1.1465741,3.2017293,0.6858585,4.6476107,-2.1784377,-2.3854957,-4.0744925,14.88644,-1.0361161,-0.8482211,2.832409,1.5262235,1.1223506,-2.101324,2.8879879,-3.4729972,-1.4873728,4.744533,5.025293,3.4431043,-0.87318367,7.323893,0.43165636,2.0216804,-2.7824867,-0.95549345,3.5849617,-17.052847,-4.9128213,1.8223867,-1.6366274,-2.894364,8.718104,0.19531189,-0.11703297,2.001043,-1.967279,2.6203492,-2.363527,2.3917642,-0.06025188,-0.08991957,1.4611355,-0.78199774,-5.821622,18.530815,12.31151,-2.0066524,-8.179171,-2.4186006,-1.2951549,1.3984241,-0.6665367,1.0989302,-4.183419,-4.590928,-1.3843967,12.525223,-0.14432187,-1.9422958,0.92565453,8.545857,-2.5791762,-2.344854,-2.9740279,0.030698504,-2.1627908,-4.358878,5.4015746,-6.8217225,2.4636648,2.2116191,3.6803513,4.1794343,0.33008805,-0.7894545,0.8377874,2.1941242,1.7117405,-4.147614,-7.6199627,-2.8994749,0.6822204,-3.9916682,1.9916842,-7.298515,0.16283524,5.249355,1.0345737,1.4966594,-5.4534683,4.709534,-0.54959613,-5.8520594,1.5622051,0.18461424,-1.9126482,-0.6929016,-2.2446687,-0.969359,3.0521302,2.5829694,2.40854,-0.5092468,1.7641894,-2.8642495,1.9256968,-0.8268749,0.8396109,0.19641615,-0.9587454,0.8411869,4.502823,-1.5268817,-18.283916,-2.6194787,1.2971259,2.2416363,-0.16618094,-2.5182352,-7.421138,-1.5999084,0.09256206,-2.6094944,-14.6909275,-1.1124601,2.1624064,-2.3467,-1.2427114,2.188468,1.5996106,2.0415828,20.632748,-2.6423836,-4.5279646,2.1403077,2.19608,-4.1720495,-1.2824204,5.290851,-1.2474738,-2.2325115,-0.3557186,10.822208,0.12936166,0.9181197,2.1535375,-6.5455694,-2.3251357,-1.751323,-6.4851217,0.15355192,1.2132933,-14.284972,-14.206849,-1.8641979,-0.07247251,1.910278,-0.47713417,-4.6974497,2.5937688,-15.701937,-0.119461484,-4.778543,-4.9144626,-6.4027424,-15.129135,-1.1910092,4.132597,-15.627789,7.4466376,4.9721603,-0.1415009,-0.29521027,0.34944192,2.7655883,-0.5470772,3.695584,-3.1866822,-3.015752,-0.44391394,-1.3786317,-0.18463008,-0.7608664,-9.269197,-3.3523993,2.5530024,7.46123,0.7981416,3.0750406,2.5277457,1.8449745,1.0884016,-1.3084124,-2.7367842,-3.5900784,0.15101984,7.4862905,0.23590986,3.3983655,-5.3439407,-2.510258,4.0354466,-3.2023342,-0.7799365,-1.433565,-0.34037006,4.391147,-1.6633363,0.23590437,-1.3041848,1.6983228,-0.08483149,-2.1964116,0.3644606,1.4847002,-1.7888309,-0.15106189,3.8351493,3.1531992,-0.2232037,2.2593822,0.952034,-3.5940464,3.860799,-1.4453063,0.39163125,5.920652,-4.1852927,0.77482826,1.784482,2.7802632,2.3554008,-8.667055,2.0719852,19.229506,1.7302147,1.0319532,1.6888278,-5.1438885,PD,data/Images/PPMI_Images_PD/218494/Reconstructed_DaTSCAN/2023-03-20_15_20_12.0/I1698016/PPMI_218494_NM_Reconstructed_DaTSCAN_Br_20230508143736839_1_S1220397_I1698016.dcm,218494,Validation,SC,68.8,IA244893,SCREEN,03/2023,0.0,0.0,0.0,05/1954,1.0,,2.0,0.0,1.0,0.0,0.0,0.0,0.0,1.0,0.0,0.0,0.0,0.0,0.0,0.0,1.0,0.0,03/2023,2023-03-20 00:00:00.0,2.0,123I-DaTscan,03/2023,1.64,1.72,0.61,0.64,1.07,1.26,Yes,,,-0.5423493600795827,0.2345445479387794,0.13916352108148572,0
-1.3510834,-21.924274,2.0722709,-2.687978,-1.5560236,0.50141525,-2.175082,-0.65136045,-0.795547,-4.5264115,1.2284217,-1.2850052,-0.0973627,-0.3621025,0.99773914,15.512785,-1.1011263,-2.7026966,-5.466537,8.135947,-1.2524515,-1.2668337,-1.9311658,16.078539,-1.3558788,3.231024,-2.86162,-1.6874193,1.5361454,-1.3945271,-2.567733,-0.032249045,2.1307168,5.8457694,4.482294,0.5682533,6.2913685,3.6023803,-5.4169955,-2.2930322,-2.3284638,1.2526562,-2.5929868,-18.320036,3.6510553,0.022991803,3.6048372,-4.7098546,3.6828177,3.28357,-1.9670653,-0.88416636,-0.7393109,1.2722243,-0.5370569,5.9598174,2.0743866,2.9531288,0.39897215,2.0901873,-0.5745202,19.733599,8.496538,-1.168147,-6.803097,2.395526,-0.5157146,1.5277834,-1.7206401,-0.01113402,-1.1590377,-11.646799,-0.6818782,1.936242,3.388307,-0.4828891,-0.7109359,9.560625,-1.9490858,0.2510557,-0.48609015,-2.5823207,-5.0989985,-0.61847335,4.4100776,-8.905086,1.9847391,2.6184635,4.4368067,2.3436391,1.217786,-1.2996222,-0.23195367,-1.2719336,-1.7720356,-2.1369107,-12.218165,-2.3713546,-1.80146,5.8405104,0.36316085,-15.059345,0.56038433,0.41573027,0.8727203,-0.48988327,-2.4088585,6.333716,0.5581591,-7.844878,-3.9947615,2.066799,-0.11345385,0.41434133,-0.4381085,-2.3555224,0.30405128,2.2462757,-2.0099826,-0.3157582,-0.69268006,1.4083635,3.1431937,3.788048,4.2278357,1.792565,-3.7048247,2.6790752,3.7652128,0.42995486,-20.506287,-0.5129491,0.22654735,10.534224,1.538423,-0.99397933,-6.22362,-5.5913224,1.2000544,-3.0796263,-19.412424,-1.475853,-0.65592027,-2.3388343,-3.960223,-0.7738037,9.549844,0.17342877,19.128849,-3.4716887,-3.125774,-0.6073507,1.5428097,-3.496502,-3.5509422,10.994525,-0.94888663,-3.589011,5.0275517,17.768919,2.1047606,-1.3921491,5.9013863,-3.9628491,0.4086085,-3.7076511,-0.85133845,1.0260922,-0.20027827,-11.513984,-9.7458935,2.125687,-1.1815913,5.2866316,-5.0063157,-4.771688,2.7938793,-17.322731,0.66060394,-1.7628807,2.8435197,-5.9263825,-19.019466,2.3424509,5.125049,-10.256164,7.3136835,4.359261,-4.7799497,3.4439359,0.10693567,0.7137235,0.21170703,1.2954142,-1.5563085,-2.2413735,0.3270189,2.725657,2.9523542,-1.4807491,-13.961159,2.029696,-4.0991387,1.374634,0.011412349,-1.5145978,-1.5093684,0.7511833,3.557355,1.5752414,-0.9771442,-4.3704824,-1.7048588,10.352178,-1.1979724,9.939271,-10.704876,-2.2951515,5.5012674,-1.6523795,-1.979465,-4.2874055,0.41827515,-1.2536626,0.9366529,-3.2715998,0.72795135,3.741968,2.1500714,-0.42113853,1.2107666,1.0781977,-1.0599759,1.5482945,3.2771733,4.8376865,-1.6649549,-0.7627039,4.2861834,-1.7761656,1.6695294,-5.17999,2.383729,0.45798174,1.2665431,1.9023147,3.58913,1.5716954,2.598748,-5.196407,-4.002171,30.442305,-2.230412,-3.8800843,1.6173742,-4.677997,PD,data/Images/PPMI_Images_PD/219411/Reconstructed_DaTSCAN/2022-11-15_08_25_39.0/I1698017/PPMI_219411_NM_Reconstructed_DaTSCAN_Br_20230508143748258_1_S1220398_I1698017.dcm,219411,Validation,SC,63.2,IA246360,SCREEN,03/2023,0.0,0.0,0.0,01/1960,1.0,,2.0,0.0,1.0,0.0,0.0,0.0,0.0,2.0,0.0,0.0,0.0,0.0,0.0,0.0,1.0,0.0,03/2023,2023-03-23 00:00:00.0,2.0,123I-DaTscan,11/2022,2.24,2.3,1.39,1.34,1.91,1.56,Yes,,,2.1752576578360956,-0.21140343841133827,-0.39289114275509207,0
-0.44872472,-23.335936,4.707536,-5.0633397,-1.3869877,-8.538349,1.9422085,2.6226478,-1.5429648,6.294376,-3.7350116,3.708738,-1.3077058,0.75353116,-0.41262773,11.838823,1.6720775,2.651501,-3.4863613,11.781291,-0.6487941,0.25429052,-2.5044284,14.711602,-1.8272687,0.2022977,-3.538014,2.1915321,-0.064063944,0.9674754,4.7721314,0.342084,3.6914582,-1.7661794,6.634775,-0.7226101,-2.2741375,-3.1678007,-0.7479369,1.6459492,2.6754215,-5.783191,-4.6587567,-13.618559,1.797095,0.10953087,1.3354162,2.9135046,9.566974,0.9369531,-0.8517576,-0.029278807,-3.6351864,0.5232053,1.8783073,-1.6219114,2.1043358,1.3428239,-5.823886,-1.241743,2.7659252,17.575258,7.2871265,2.3886678,-14.07389,1.3599241,-1.0613055,-2.792554,1.5033672,-3.167705,-1.1419176,-7.4962273,-0.85537523,5.3143315,3.8786273,-1.5028745,0.08806135,11.8940115,-0.4765536,-2.5285904,-1.5069003,0.34633073,-1.5815212,-2.2435367,-0.057551693,-9.897533,3.2387893,1.7391622,-0.51970285,-0.6831411,-1.4470805,0.16481997,-2.1622515,-8.679934,-0.07629866,-0.98931825,-10.955608,1.3501498,-3.1468122,-1.8831102,0.65148497,-12.048929,-3.8996007,2.3478236,1.3284178,-2.830634,0.053657223,7.659919,2.509542,-1.0077654,0.24335065,5.273491,-3.1538594,1.7344599,0.03461431,1.8510902,8.622162,-2.3677871,-4.8823633,0.751068,0.57796043,-3.9319856,3.114535,-2.2683675,1.495235,-2.4058394,-4.4421277,1.4017818,3.5528696,-3.846824,-17.42532,-0.5324238,1.0584335,4.740655,-3.5847154,-2.6037369,-0.460484,-2.3225996,0.9784044,-6.56548,-15.831017,2.4197586,1.9482658,-0.24676491,-2.8611887,-3.7399757,-1.9907542,3.7454562,21.598778,0.24424918,0.57375187,1.4144334,1.4662229,-3.79374,4.63579,14.8867235,-3.8176537,-1.2168587,-0.32107186,19.727625,-2.944008,1.6999534,3.660129,-0.74119693,-5.298267,2.1654525,2.3572557,-1.1786002,-1.0597345,-12.28786,-6.380564,-5.3860574,0.37461498,3.1472511,-1.2446457,-2.1657717,3.2992656,-22.551561,1.1241021,-4.2896066,0.40515926,-0.4732112,-21.917797,-4.1456056,2.5328758,-11.341655,11.112919,-1.6520622,-5.272885,-2.5858817,3.186965,4.6068397,0.7990563,0.39274177,2.3383343,0.64210176,0.9310916,-1.4412571,3.6862466,-2.4902534,-10.648245,-2.24753,2.470331,5.5874066,3.0710146,1.0040882,2.1434822,-3.296063,5.356559,-3.9708095,0.18580784,-2.3764338,-0.904529,8.319192,1.8373067,9.132004,-8.276313,-0.8641316,-1.8714715,-0.38758454,-4.5801177,-4.496732,3.315455,-0.22503448,-4.427842,-0.36507314,4.637941,-4.794365,-0.85278517,-2.5766108,-0.7734256,-3.9813962,2.9100351,9.763463,3.1002982,2.9892933,-5.045942,-3.9464025,1.2119814,-6.090498,-4.4434767,-1.3814943,-1.8148487,-3.532805,-4.9106364,-0.6326105,1.5557063,5.136233,2.651429,-17.712332,-2.18248,25.161993,2.3723698,-5.438945,-0.40837675,-4.0120277,PD,data/Images/PPMI_Images_PD/220580/Reconstructed_DaTSCAN/2023-04-19_12_40_49.0/I1707265/PPMI_220580_NM_Reconstructed_DaTSCAN_Br_20230526084603908_1_S1227839_I1707265.dcm,220580,Validation,SC,60.7,IA243523,SCREEN,03/2023,0.0,1.0,0.0,08/1962,1.0,,2.0,0.0,1.0,0.0,0.0,0.0,0.0,1.0,0.0,0.0,0.0,0.0,0.0,0.0,1.0,0.0,03/2023,2023-03-15 00:00:00.0,2.0,123I-DaTscan,04/2023,2.51,2.35,1.65,2.2,2.12,2.54,Yes,,,4.157032856580367,0.7770962217005369,-1.3708164430010084,0
-2.025662,-19.391888,2.7347345,0.47782928,-2.4678154,3.010233,0.586422,-0.9033912,-0.2072804,0.28414476,-0.20612353,3.665325,3.118582,-0.26457915,-0.9505263,19.059689,-2.1059337,7.713157,1.4282144,7.082634,-0.42040294,0.10171426,-0.57853234,17.002893,1.5115525,1.4676071,0.7594564,-0.25031978,0.65506476,-1.3230977,1.9089202,-0.13525747,-0.2568988,1.5784266,7.4071145,1.0851581,-0.8886037,1.7136862,2.575723,1.5636195,-4.7221785,-4.859179,0.74530435,-21.60755,-6.1003413,0.17878798,-0.14358135,-0.7569285,4.038361,-3.1662161,-1.0282774,3.4901965,2.0666754,0.9722878,-1.3488199,-2.842176,3.2883794,3.5307236,-1.8456893,4.6123233,0.53814834,19.274256,6.2594395,1.3368144,-8.988656,4.440939,-1.9143757,-2.1349232,-0.25952536,-2.6985488,0.41587222,-3.84153,-0.15421243,8.180726,2.2486491,-1.0680029,1.6762642,9.8913,-0.9893973,1.0796264,1.568035,-0.29261136,-0.13562343,-2.1401527,-0.2570473,-7.0936847,0.7976781,1.0820843,3.87696,-0.6745008,-0.90339345,3.3704174,-1.4842781,0.8872147,-0.86805856,-0.10450553,-10.91203,-1.3859113,-0.9252352,2.4489202,-0.26999152,-14.72992,-1.7859926,3.4717062,-0.471711,-4.520954,1.9984969,9.256771,1.223843,-1.475877,3.84177,0.6072916,-2.618502,-2.2389581,-0.93948984,1.3834665,-0.34388253,3.080966,-0.3469858,0.19636759,1.5888995,-3.7461429,3.3422096,-0.01706028,1.2645423,-2.0752122,-4.648251,-0.3787291,8.917926,1.4192598,-16.646572,2.966984,2.4166021,8.763759,-2.7442856,-4.401181,-8.344266,-0.428041,0.5156451,-3.7293053,-17.245579,-0.64044267,-0.07150191,1.7574289,-3.4250376,-1.9421701,-0.51946914,1.0946255,20.279297,1.4399564,1.6533109,2.4966435,-1.2944494,-1.6482066,1.2757725,5.1058497,3.5415266,-2.4133866,1.804362,15.967072,0.59825295,-1.7083946,2.3135495,-7.256075,-2.6357284,-2.12445,-1.6488936,-2.1339548,5.3409715,-11.512681,-12.775461,-2.2881587,-0.69714504,4.545534,0.8820221,1.6488558,2.7649343,-19.043936,0.14364085,-5.480024,-3.2224724,-6.4534254,-19.194273,2.0861213,-0.10087018,-13.327694,6.337079,1.4478664,-1.9467303,-2.6535406,-0.5749605,-2.6145306,-0.88207424,4.428169,0.48190838,1.0733871,1.0102117,-0.5265112,3.6281214,0.7556239,-11.101469,1.43527,2.482189,6.4743867,-0.25966805,0.836892,1.2491047,4.224254,-2.536761,0.10442071,-0.84444356,-2.615451,1.4753044,7.53997,-0.9608789,6.8266554,-3.6041732,0.26041594,-1.4177197,-1.5613694,2.9272807,-3.3616612,-1.5674286,3.1208723,-2.9909995,-0.58632666,0.60728544,-0.46694374,-1.747971,0.5121953,0.8442078,-1.470655,0.0024891947,-1.9667184,5.24932,4.234577,-4.251148,-0.78543395,-1.3485466,-5.930107,-0.16935839,-2.570896,-0.85951215,1.3656646,-2.8570201,-2.1669009,-0.50423026,1.2943854,4.963117,-6.1129727,1.7119384,17.519464,1.1338497,-2.6994557,-1.7206478,-1.999589,PD,data/Images/PPMI_Images_PD/221809/Reconstructed_DaTSCAN/2023-05-10_11_27_06.0/I1707267/PPMI_221809_NM_Reconstructed_DaTSCAN_Br_20230526084629148_1_S1227845_I1707267.dcm,221809,Validation,SC,65.7,IA245635,SCREEN,03/2023,0.0,0.0,0.0,08/1957,1.0,,2.0,0.0,1.0,0.0,0.0,0.0,0.0,1.0,0.0,0.0,0.0,0.0,0.0,0.0,1.0,0.0,03/2023,2023-03-21 00:00:00.0,2.0,123I-DaTscan,05/2023,1.37,1.41,0.76,0.91,1.13,1.17,Yes,,,-0.576873281100521,0.1805678094658753,-0.7101987341523461,0
-0.83854634,-17.578007,7.205723,-4.004469,-1.5858111,0.8243903,-0.72238773,0.892951,-2.0363758,-3.0686648,-2.017965,2.4741764,-1.3727301,-3.337699,2.2099745,16.455103,-2.699564,3.9469287,-1.8434534,3.4287987,0.061841797,-0.6724109,-2.2010226,15.8135195,-1.9943045,-1.1939226,1.1226063,3.5014386,3.1134129,-3.6492233,-2.2758248,-0.09278078,2.3177595,2.1437232,2.9491003,4.9518347,0.20663583,-1.175822,-1.0871222,3.2481558,0.08129502,-4.8024473,-1.6315805,-19.944485,-1.5779287,1.828342,1.657321,-0.027249647,5.213657,0.30615833,-2.246713,2.736975,1.2439097,-0.2667216,-1.2412331,1.9050615,1.5339957,2.6337485,-4.373086,-1.5415426,2.7759712,18.789297,5.228367,-1.2029831,-4.6712284,2.300866,-0.026954522,-0.92703533,-3.196179,0.7159099,0.9748857,-12.518749,-0.8622759,13.552859,2.0589693,-1.996764,4.9125915,7.327672,0.8140656,-0.9406197,-1.0230799,-1.0244606,-3.1039603,-2.3283808,-0.41448528,-6.374371,2.821247,-0.44535118,2.1590836,-2.597013,2.3406324,1.4316955,-1.0867944,0.0044704736,1.1881623,-1.347654,-11.152169,-1.1250292,1.2304112,-1.6814891,3.2184708,-9.476913,1.8619821,0.57471025,2.459865,0.051815625,3.2808614,6.0165305,1.1437817,-2.3603923,6.075841,2.1817536,-7.5231676,1.0637169,-4.2454023,1.6779066,5.3059063,3.2847223,-1.1303452,-1.6654106,-1.0988126,-2.6055205,-0.92259705,-0.36195162,3.7489123,-0.03526657,-3.2988932,-0.4315469,6.8587904,-0.14005212,-19.592487,-1.1993096,1.4601526,10.776007,-1.1483097,-1.7726226,-5.2145057,-1.6123219,2.2449744,-0.01598812,-11.2584915,-2.0594103,-4.7789783,0.26094922,-4.2059193,-0.70157236,-4.892345,4.228806,21.654839,2.425405,-2.9230547,1.7171596,2.3642483,-2.3144715,-0.6865556,10.184021,-3.1977303,-0.53923845,-3.2592223,14.893162,4.5187755,0.8480267,-0.044799417,-3.6805503,-3.9544435,0.95264643,-5.310738,3.7130818,2.1440964,-16.78855,-13.214406,2.4365542,-2.9280047,4.5378695,2.6405818,-3.595311,1.6431575,-20.18609,-3.75935,-4.5906177,-2.3363755,-3.8294225,-16.379135,0.44943348,1.4038829,-11.719507,6.808897,1.6218176,-2.620105,3.483904,-1.5605597,1.2041062,-3.048105,-0.77116406,-1.2361033,-4.164215,-0.73208016,-5.576127,3.453372,-2.6634052,-9.985086,0.42864203,1.0344076,3.0988393,-3.6593595,5.340908,1.6650501,3.570995,2.8310153,-1.520013,1.8785746,-2.0531797,1.1259515,6.7802243,-1.0983597,3.2394047,-8.562082,-3.369148,0.16194603,-2.1657293,-3.5140674,-9.242535,0.088594794,2.9772997,-4.030096,-1.5116633,0.15486157,-1.6538088,-0.02170892,-3.7209609,-2.8176546,-2.2592406,0.51209205,2.6713614,4.9844856,2.7116542,0.09933139,-3.1926627,1.1225134,-4.6915216,-2.9559796,1.9051138,0.75894195,0.04483507,-1.0207975,1.717698,1.5401862,-0.30629328,3.8776276,-5.11932,-2.7870276,17.701172,2.2521563,-4.6864614,1.3741909,-2.3256018,PD,data/Images/PPMI_Images_PD/224574/Reconstructed_DaTSCAN/2023-01-04_11_14_00.0/I1707269/PPMI_224574_NM_Reconstructed_DaTSCAN_Br_20230526084655590_1_S1227853_I1707269.dcm,224574,Validation,SC,73.1,IA251820,SCREEN,04/2023,0.0,0.0,0.0,03/1950,0.0,0.0,1.0,0.0,1.0,0.0,0.0,0.0,0.0,1.0,0.0,0.0,0.0,0.0,0.0,0.0,1.0,0.0,04/2023,2023-04-04 00:00:00.0,2.0,123I-DaTscan,01/2023,1.91,1.57,0.99,0.85,1.39,1.16,Yes,,,0.15268098294171165,-0.45304601603538297,-0.321401897456496,0
1.3965017,-18.619112,4.830286,-2.3253798,-1.1030993,-3.370191,-4.535409,1.9962988,4.574027,-5.234268,-2.840213,4.3900986,-0.7420973,-1.9597162,1.4918256,14.860625,-2.0699167,1.2634394,5.0382414,8.27534,-0.20031707,0.41220447,2.463451,14.029918,1.3979714,-0.5709465,3.006835,2.9958296,1.8235986,1.3217609,0.625374,-1.6560153,4.476195,-0.9561716,-1.3396057,2.6662474,3.0044374,6.329484,-3.4025333,4.896187,1.6953652,-4.610798,2.8548605,-14.736674,2.603565,-0.54691553,6.026479,-2.8661704,4.6680603,-0.29306415,-0.75477296,0.7584738,0.5187987,-0.40193546,-1.0648775,-1.5051068,7.4175477,4.900338,0.8144093,0.7113031,-3.095825,21.490593,5.6346846,1.2205082,-8.580493,0.43120587,-0.041526563,0.16156413,-2.74054,0.6797088,0.0678795,-12.277937,-3.4880333,0.08608191,1.3380262,-1.4139644,1.879778,7.005397,5.9677043,-0.74261343,-2.5570338,-0.99365467,-1.735659,0.2047317,1.4908782,-1.977234,4.9058394,2.4432554,4.705102,2.7886286,0.17648895,0.59640753,2.1926665,-6.3141904,1.6681836,0.55756277,-11.372926,-4.29444,-0.14975749,0.57617235,-1.0235486,-12.573481,0.52991736,-0.6119185,3.2855859,-2.1426427,-0.7250597,-1.2440939,-0.11154776,-8.111078,2.6387677,-4.467496,-1.4575473,-0.2601035,-0.76223445,3.8115344,3.5856361,6.6872196,2.3402047,-1.9770504,1.5989455,-1.9668959,0.6895471,-3.2811582,-0.35249203,-3.9273968,-3.368136,-0.54726666,6.897641,-2.747157,-18.239956,2.4262238,0.26249167,5.6034865,-0.10802867,-2.016549,-3.4144835,4.28489,3.0235047,0.6233177,-13.496053,-3.067363,0.5026877,2.898312,-1.4930665,2.266268,-1.0104643,1.9102404,17.761683,3.403565,-3.5166821,5.211719,3.4491854,0.5907683,-2.9789088,8.410583,-2.2497826,-0.28275973,-1.8519548,15.070828,-4.218564,6.391609,7.541438,-7.842611,-1.3184131,-1.4806311,1.6841758,2.24948,-1.9532743,-13.674237,-7.8545527,0.9450493,-4.196553,3.849856,-1.0339121,1.1616583,3.311443,-10.107383,3.0541089,-1.3659544,0.9885996,-11.255934,-20.704334,-2.4977224,8.901677,-14.49738,2.3295686,-1.8656847,-0.75016034,-0.92252415,1.5210252,-1.4407641,-4.3728137,0.45359808,-4.2790356,1.5605626,-1.7915033,-0.84265435,0.23537941,3.1462643,-8.486902,0.09328582,2.9482226,6.5253844,-5.175585,0.033462096,0.89822054,-3.1379986,-0.14504941,2.061361,-0.3636096,-4.771242,2.7181604,5.3862185,-2.0376475,5.465619,-3.6062906,-3.759889,0.86654466,0.33562985,-1.8996949,-6.5948906,6.7715063,-0.5367801,-1.5505408,2.1199868,0.71331704,2.9091666,2.1525624,-0.32966143,-5.123401,-2.079671,3.1544101,1.6943274,7.0507956,2.9841747,-5.348104,2.1163325,-3.0617237,-0.8953743,0.36544782,3.1548064,-0.47727165,2.9684987,-5.484889,1.0311053,0.85459304,-7.1981688,-0.81210667,-9.675392,-0.13554652,31.519352,4.0024505,-0.9879285,0.593503,-5.7932534,PD,data/Images/PPMI_Images_PD/231048/Reconstructed_DaTSCAN/2023-04-26_16_07_25.0/I1707273/PPMI_231048_NM_Reconstructed_DaTSCAN_Br_20230526084752137_1_S1227857_I1707273.dcm,231048,Validation,SC,71.0,IA261680,SCREEN,04/2023,0.0,0.0,0.0,04/1952,0.0,0.0,1.0,0.0,1.0,0.0,0.0,0.0,0.0,1.0,0.0,0.0,0.0,0.0,0.0,0.0,1.0,0.0,04/2023,2023-04-26 00:00:00.0,2.0,123I-DaTscan,04/2023,2.39,2.48,1.77,0.97,2.09,1.68,Yes,,,2.5875557384716186,-0.8559563490100403,-0.12468893383958359,0
-4.1119456,-9.274385,3.381481,-3.751898,-0.23353091,3.8787642,0.90011156,-2.1110382,-1.695846,-0.6511561,-4.599295,3.5030596,0.28754398,1.4063332,-0.54923254,16.350769,-1.9588525,5.790457,-0.13054118,3.457584,-1.437498,-2.4020214,-1.7921367,16.961523,-1.880901,-1.415505,2.1265073,3.3020456,2.7275805,1.3645581,0.1916645,-3.3559012,1.1417232,0.98140246,3.4718413,1.7272471,-0.20134948,6.1724787,-2.3162715,2.3388283,2.923357,-4.8457427,0.16241594,-15.7069645,0.16375731,-0.44002345,-2.1048994,-3.8390205,7.7101483,-0.41513178,0.69372636,0.48121864,0.8628056,5.0596023,-3.4826422,-1.1901975,3.5397966,0.99012816,0.74195516,3.542806,-1.6347172,16.841606,9.88596,4.414562,-7.5671086,-2.1698985,-1.6268207,0.63374126,-2.1152208,1.2197573,0.6841372,-12.352921,-6.388975,15.132513,2.018055,1.7286451,0.11478984,8.139478,-1.6135052,2.6845384,-1.44437,-0.8734435,-4.788528,-2.485329,0.8197419,0.14298786,0.09511671,1.727898,0.522682,2.76615,-0.49018756,-0.61897177,-2.289537,3.0991797,-0.9332827,-0.15931274,-10.559267,-1.2359015,-0.7652741,1.1831497,-1.1025496,-7.766337,2.1988957,-0.76108265,-0.37704533,-5.844989,-0.0025359462,5.4274936,-1.4875121,-8.318771,3.2892923,2.3462396,1.25026,0.24507697,-3.1753838,0.7143267,-0.07796937,-0.21100728,0.9054755,-0.9517798,-1.3379365,1.913064,2.7634494,-0.3212436,2.5162568,-0.466704,-4.8471265,0.0887924,8.248406,-1.5372845,-19.553898,-0.6755594,0.24330401,9.196493,1.7408429,4.3601885,-5.6577134,-2.3450747,-1.2919049,-0.57152414,-11.784402,-0.197424,-1.5080419,1.5896199,-2.254061,1.1123015,0.59267044,0.6747994,21.680473,0.39507934,-3.3918388,1.504909,-2.5951393,-0.7859676,-1.5607519,8.471944,-1.3807882,-0.66549486,-0.7850272,15.761206,1.1065197,-0.87115645,0.6402046,-4.0273676,-3.0761743,-1.8189508,-2.0095072,1.6835577,-0.27192146,-14.43069,-12.94442,4.193977,-1.4372194,7.3029847,1.3748044,-4.0138273,-0.5047388,-16.478014,2.0586205,-2.5345466,-1.9947894,-11.44735,-15.728393,-2.158814,2.029538,-9.6192465,6.394419,5.669386,-1.869052,4.154423,-0.81779975,0.6577956,-0.54380125,0.67185307,-1.7716942,1.6040733,-3.1199467,-0.7656585,1.7103728,-2.1101563,-16.55314,2.1888027,-0.61577415,9.142043,1.5146617,-0.5136554,0.6461315,0.38713577,3.1451972,-0.31457055,-0.82551795,-2.9390662,0.25233638,8.26876,1.9344463,7.995914,-10.032682,-0.4260654,0.20098087,-5.012316,-2.1676116,-8.901306,1.5088575,2.0217123,-7.7089553,-2.6420767,-0.756953,0.4338079,5.303561,-1.168344,-2.4274344,-0.10445151,1.4940652,2.493435,4.512,5.854245,-1.3143114,-1.010108,1.0706567,1.6951209,-5.3825593,-2.2239478,-2.5884736,1.4740632,-5.700199,1.6818063,2.6968634,0.4250201,6.692384,-7.5439076,-0.7776451,19.45101,-1.4254549,-2.9587326,-0.42995104,-5.788068,PD,data/Images/PPMI_Images_PD/231983/Reconstructed_DaTSCAN/2023-03-30_13_54_23.0/I1719100/PPMI_231983_NM_Reconstructed_DaTSCAN_Br_20230623143411601_1_S1235385_I1719100.dcm,231983,Validation,SC,64.4,IA265847,SCREEN,05/2023,0.0,0.0,0.0,01/1959,1.0,,2.0,0.0,1.0,0.0,0.0,0.0,0.0,1.0,0.0,0.0,0.0,0.0,0.0,0.0,1.0,0.0,05/2023,2023-05-10 00:00:00.0,2.0,123I-DaTscan,03/2023,1.84,1.18,0.75,0.45,0.99,0.68,Yes,,,-1.2834902570681113,-0.84826518763225,0.0014596462600514981,0
-1.7366191,-20.933828,2.1233175,-2.8636107,2.8411005,-4.301964,-1.4313934,-0.47272423,1.9570744,-1.8492004,-1.2890282,2.9141526,-2.395849,-5.545908,0.042106416,11.936786,1.6464726,-1.4763935,0.051944368,6.15767,1.6208978,-2.220868,-0.8555681,11.75239,1.490548,-2.2973192,0.8101088,-0.7557635,-0.53895175,-4.782488,5.027812,2.7733462,-1.186934,3.354017,8.227541,0.5741495,-0.3129733,4.3939686,-0.8298661,6.5686207,-1.0871462,-1.6378433,0.5020269,-14.684999,-1.2159647,3.0247328,2.1700523,0.17225803,6.696298,-1.0465441,0.33445144,0.0986272,1.2203017,2.7323875,-2.1029267,-0.5965304,1.4975415,3.139371,-0.40775502,4.60556,0.3050151,15.785264,4.8420315,0.9528327,-4.9431767,0.30077296,-1.7465405,-1.3046602,-3.752008,-0.12215613,-1.5022885,-13.463942,-0.46816662,3.945057,-2.3687568,-0.15014462,0.36976403,9.239959,-0.61137855,0.6435812,2.103684,1.0162426,0.7294562,-4.035298,1.2777493,-9.416564,-0.07407274,2.5214846,-1.0357784,-0.59009796,-1.1104141,-0.06497986,-1.7048457,-1.9416966,-2.9247797,-6.270768,-9.146714,-1.40207,0.42581686,3.772322,0.65703744,-11.93567,1.8836108,0.16432886,-1.4440333,0.32436833,1.5167912,6.8950458,-7.13951,-4.4310455,2.5653548,3.0747113,-1.8832101,-0.6204335,-2.8950884,-1.9826568,6.6636705,0.48734936,-0.15161501,-2.9379375,-2.8990533,-0.92889786,-4.7874722,1.4544563,-2.1658084,0.2358316,-6.687641,-0.36419636,4.353408,-0.65570086,-19.643883,-2.986371,4.6863627,6.0508547,0.28485087,-3.1428359,-2.9533184,-1.0344896,0.2818234,-2.5493052,-16.60913,-0.97581875,1.4518807,-1.6879914,-3.2551687,-0.16179965,-0.8636683,-1.2033117,22.808937,2.050379,-4.288538,-0.58327603,-2.536225,-2.7647254,0.47795105,10.078267,-3.0148702,0.051472865,-2.2635438,17.556337,-0.012590764,0.6020871,-1.675266,-4.7895765,-0.8614536,-2.2414134,-0.8671501,-0.22900344,0.34386203,-14.315715,-11.392252,1.7861005,-4.030959,1.1856132,1.9445791,-1.8801306,1.9040456,-16.054094,2.5612357,-4.0557914,-3.6695607,-3.4008286,-13.976419,0.89712405,3.7843337,-10.593135,6.5478916,1.6407562,-0.5686938,3.5005352,-2.5170105,-1.0861086,-4.079431,3.155294,-3.6811395,-0.5133989,-1.1030227,-0.639465,4.295725,1.4032124,-13.092873,1.0214531,1.7069669,7.9668107,-4.1745872,-1.0798342,0.19692796,2.5469885,-3.5911121,0.75440353,3.680471,0.7445836,3.1199,7.905642,-0.90163356,2.4691682,-0.90343624,-4.5982523,1.325924,1.07752,1.2114165,-5.986453,0.7614026,-0.093853764,-3.6186771,-1.4193255,0.13645107,5.9621086,4.2257643,3.14456,-0.7757062,1.8066002,3.0837114,4.6303244,2.6136992,3.124793,-6.3780737,-4.932696,-1.5851474,-7.4151998,-1.2362916,2.319162,-2.5295303,-0.3353116,-2.2382538,-0.95463526,0.9289472,-3.7005913,0.38952273,-13.060748,0.21969171,18.473467,0.89074236,-2.932565,-2.0353913,-4.9542775,PD,data/Images/PPMI_Images_PD/236149/Reconstructed_DaTSCAN/2023-05-11_14_17_13.0/I1719105/PPMI_236149_NM_Reconstructed_DaTSCAN_Br_20230623143631866_1_S1235394_I1719105.dcm,236149,Validation,SC,74.4,IA266923,SCREEN,05/2023,0.0,0.0,0.0,12/1948,0.0,0.0,1.0,0.0,1.0,0.0,0.0,0.0,0.0,1.0,0.0,0.0,0.0,0.0,0.0,0.0,1.0,0.0,05/2023,2023-05-11 00:00:00.0,2.0,123I-DaTscan,05/2023,2.25,1.8,1.29,0.83,1.98,1.29,Yes,,,1.231024347169062,-1.0997907171317909,-0.16723186626516667,0
1.289724,-21.09531,5.752451,-5.143747,1.7722845,-2.9089644,-2.1419036,4.22309,1.9425349,0.0046426677,0.076186426,-0.9002373,-2.7290897,4.2853675,-2.299471,16.156487,1.0753222,1.5468215,-0.36765194,10.209018,3.5980775,-2.347022,-0.6914025,16.003517,-0.5038984,0.45141762,1.8378036,1.7421283,1.9633284,-0.31345424,2.6176934,-0.1196676,1.7854776,-0.025678525,11.028475,3.151821,-0.7535347,2.9248912,1.8048387,4.020192,2.5820937,-1.6376722,0.99360454,-18.454771,-1.5327684,0.155946,2.120515,-0.4641286,6.9125366,-3.1353967,-0.978759,4.33637,-0.31299365,2.3392856,-1.1071187,-1.2764337,3.0207355,1.8425578,3.475779,-0.22276053,-3.3000438,19.800589,2.466915,3.012854,-11.106128,1.0983102,0.7219922,3.843732,-1.859719,-1.5792158,3.859278,-10.689121,-2.6550798,2.7736633,2.0109012,1.0455225,1.2051787,10.928615,-0.035554823,3.1181617,-2.7255774,-0.5372963,0.67023975,-3.8043354,3.9878454,-7.792985,2.096427,-0.060936283,-0.3284084,2.5015543,-3.3470259,-0.83996534,-2.4159155,-1.5410118,1.663768,-3.3775272,-10.81497,-2.686124,-1.0816147,1.1369253,-1.7465315,-12.09689,-3.1208506,-1.5817066,0.9017356,-2.082407,0.108441345,5.1837726,0.29648048,-2.1241977,3.2632813,0.29747957,1.1285036,-0.76369387,1.3734778,2.2465515,6.052023,0.46803692,-0.22164427,-0.19444875,-1.8933334,0.954442,0.07674743,1.6743784,3.4588876,-1.6678556,-7.304599,2.9818811,10.334685,0.40671727,-19.758896,1.8138766,0.2448419,4.842742,-2.625192,-2.257305,-1.8139727,-0.5563885,3.5120082,-2.443148,-13.946517,-1.6601236,-0.6263236,0.6513769,-3.3297222,0.053589195,-1.8193733,0.041560993,17.170078,6.030542,1.6207621,2.8904757,1.1316695,0.6837484,-0.3047093,7.920924,0.5743024,-2.43996,-3.1892738,23.592443,0.13321793,-0.41141367,3.8417954,-5.1020317,-5.172621,-0.3734723,-2.255331,-2.8279626,-1.6161171,-13.443573,-7.6954637,0.35669157,-1.2803973,4.5119267,1.5751109,-2.2092342,0.7044898,-13.111707,1.911684,-1.3080595,-2.8033469,-10.730987,-19.189331,1.9887781,4.3016033,-11.910866,2.5874243,2.1867607,-0.9552885,4.4585533,0.67192304,-2.910233,1.3975474,0.24657172,-3.6358547,-1.3021147,6.154388,-2.153494,3.6605904,-2.9254177,-9.243463,2.7398813,3.745554,8.974888,0.10608962,0.19448052,1.7407463,5.046039,1.9513433,5.3329945,-0.2159961,-0.0933871,1.1356876,11.847024,-0.20754208,10.452262,-7.287854,-2.3246436,1.5562042,-3.03774,0.5467557,-4.774143,0.5274402,2.492201,2.065283,-2.3341181,1.7240971,3.8448594,-3.503045,2.7031195,-4.8754563,2.4760518,-3.1541872,0.5814474,4.7371902,0.66162294,-1.2002903,-1.2224332,-0.09024034,-1.4822577,-2.6353648,-4.3924446,-3.7271657,-1.7911159,0.09273389,-0.9135304,0.8287022,-0.9034147,2.617575,-5.445821,-0.26842397,24.000834,2.0093,1.3545058,0.6085158,1.2917309,PD,data/Images/PPMI_Images_PD/238871/Reconstructed_DaTSCAN/2023-03-23_15_02_14.0/I1719110/PPMI_238871_NM_Reconstructed_DaTSCAN_Br_20230623143740785_1_S1235403_I1719110.dcm,238871,Validation,SC,34.9,IA272971,SCREEN,05/2023,0.0,0.0,0.0,06/1988,1.0,,2.0,0.0,1.0,0.0,0.0,0.0,0.0,1.0,0.0,0.0,0.0,0.0,0.0,0.0,1.0,0.0,05/2023,2023-05-25 00:00:00.0,2.0,123I-DaTscan,03/2023,2.46,1.59,1.46,0.79,1.82,1.15,Yes,,,1.1133438734682377,-1.5003781848688509,-0.25899247688760946,0
